1 72 60 19.9646 -181.189 0 1 0 1 0 0 0 0 -1 32140.dat
1 0 50 19.9646 -241.189 -1 0 0 0 1 0 0 0 -1 3673.dat
1 0 50 19.9646 -221.189 -1 0 0 0 1 0 0 0 -1 3673.dat
1 1 50 19.9646 -181.189 1 0 0 0 1 0 0 0 1 3749.dat
1 14 45 -0.0353832 -241.189 0 1 0 1 0 0 0 0 -1 32250.dat
1 14 35 -0.0353832 -241.189 0 1 0 1 0 0 0 0 -1 32250.dat
1 28 40 39.9646 -241.189 1 0 0 0 1 0 0 0 1 6587.dat
1 71 0 -0.0353832 -321.189 1 0 0 0 1 0 0 0 1 32073.dat
1 71 0 39.9646 -241.189 0 0 1 0 1 0 -1 0 0 32034.dat
1 72 60 19.9646 18.8109 0 1 0 1 0 0 0 0 -1 32140.dat
1 1 70 19.9646 18.8109 -1 0 0 0 1 0 0 0 -1 3749.dat
1 0 70 39.9646 -41.1891 -1 0 0 0 1 0 0 0 -1 3673.dat
1 0 50 19.9646 -41.1891 -1 0 0 0 1 0 0 0 -1 3673.dat
1 1 60 19.9646 -21.1891 1 0 0 0 1 0 0 0 1 32556.dat
1 0 40 19.9646 -101.189 0 1 0 -1 0 0 0 0 1 41239.dat
1 0 50 19.9646 -161.189 -1 0 0 0 1 0 0 0 -1 3673.dat
1 0 50 19.9646 -121.189 -1 0 0 0 1 0 0 0 -1 3673.dat
1 71 0 -20.035400000000003 -241.189 1 0 0 0 1 0 0 0 1 32073.dat
1 71 0 -20.035400000000003 -241.189 0 1 0 0 0 1 1 0 0 60483.dat
1 71 -15 -40.0354 -241.189 0 1 0 0 0 1 1 0 0 32056.dat
1 71 15 -40.0354 -241.189 0 1 0 0 0 1 1 0 0 32056.dat
1 71 0 -0.0353832 -241.189 1 0 0 0 1 0 0 0 1 32073.dat
1 71 25 -40.0354 -241.189 0 1 0 0 0 1 1 0 0 32056.dat
1 71 -25 -40.0354 -241.189 0 1 0 0 0 1 1 0 0 32056.dat
1 14 0 -19.3247 -315.905 0 1 0 0.264213 0 0.964464 0.964464 0 -0.264213 32523.dat
1 1 0 -38.614 -310.621 1 0 0 0 0.9990300000000001 0.0440441 0 -0.0440441 0.9990300000000001 32556.dat
1 1 0 -19.3247 -315.905 1 0 0 0 0.964464 0.264213 0 -0.264213 0.964464 32556.dat
1 14 20 -9.680040000000002 -318.547 0 -1 0 0.264213 0 -0.964464 0.964464 0 0.264213 43857.dat
1 14 -20 -9.680040000000002 -318.547 0 -1 0 0.264213 0 -0.964464 0.964464 0 0.264213 43857.dat
1 14 -35 -0.0353832 -241.189 0 1 0 1 0 0 0 0 -1 32250.dat
1 14 -45 -0.0353832 -241.189 0 1 0 1 0 0 0 0 -1 32250.dat
1 71 -20 19.9646 -201.189 1 0 0 0 0.9238790000000001 0.38268300000000005 0 -0.38268300000000005 0.9238790000000001 32073.dat
1 71 40 19.9646 -201.189 1 0 0 0 0.9238790000000001 0.38268300000000005 0 -0.38268300000000005 0.9238790000000001 32054.dat
1 71 0 35.2719 -164.234 0 -1 0 -0.9238790000000001 0 -0.38268300000000005 0.38268300000000005 0 -0.9238790000000001 32316.dat
1 19 0 50.5793 -127.279 1 0 0 0 0.9238790000000001 0.38268300000000005 0 -0.38268300000000005 0.9238790000000001 32556.dat
1 71 -20 19.9646 -201.189 0 0 -1 0.38268300000000005 0.9238790000000001 0 0.9238790000000001 -0.38268300000000005 0 3713.dat
1 71 -20 50.5793 -127.279 0 0 -1 0.38268300000000005 0.9238790000000001 0 0.9238790000000001 -0.38268300000000005 0 42610.dat
1 71 20 50.5793 -127.279 0 0 -1 0.38268300000000005 0.9238790000000001 0 0.9238790000000001 -0.38268300000000005 0 42610.dat
1 256 20 50.5793 -127.279 0 0 -1 0.38268300000000005 0.9238790000000001 0 0.9238790000000001 -0.38268300000000005 0 51011.dat
1 256 -20 50.5793 -127.279 0 0 -1 0.38268300000000005 0.9238790000000001 0 0.9238790000000001 -0.38268300000000005 0 51011.dat
1 72 30 19.9646 -1.18913 1 0 0 0 0.0594569 -0.998231 0 0.998231 0.0594569 87083.dat
1 14 -15 5.76448 -158.82 0 1 0 0.18046000000000004 0 0.9835820000000001 0.9835820000000001 0 -0.18046000000000004 32449.dat
1 19 -10 -23.743 -153.406 -1 0 0 0 -0.18046000000000004 -0.9835820000000001 0 -0.9835820000000001 0.18046000000000004 3749.dat
1 19 -10 35.2719 -164.234 -1 0 0 0 -0.18046000000000004 -0.9835820000000001 0 -0.9835820000000001 0.18046000000000004 3749.dat
1 72 80 19.9646 78.8109 0 1 0 1 0 0 0 0 -1 32525.dat
1 0 70 19.9646 118.81100000000002 -1 0 0 0 1 0 0 0 -1 3673.dat
1 72 20 19.9646 -1.18913 0 -1 0 0.0594569 0 -0.998231 0.998231 0 0.0594569 32140.dat
1 71 -10 19.9646 -1.18913 0 0 -1 -0.998231 0.0594569 0 0.0594569 0.998231 0 59443.dat
1 0 -50 19.9646 -241.189 -1 0 0 0 1 0 0 0 -1 3673.dat
1 71 -40 19.9646 -1.18913 -1 0 0 0 0.0594569 0.998231 0 0.998231 -0.0594569 4519.dat
1 0 -40 19.9646 -101.189 0 1 0 -1 0 0 0 0 1 41239.dat
1 1 -60 19.9646 -21.1891 -1 0 0 0 1 0 0 0 -1 32556.dat
1 0 -50 19.9646 -41.1891 -1 0 0 0 1 0 0 0 -1 3673.dat
1 72 -60 19.9646 18.8109 0 1 0 1 0 0 0 0 -1 32140.dat
1 0 -70 39.9646 -41.1891 -1 0 0 0 1 0 0 0 -1 3673.dat
1 1 -70 19.9646 18.8109 1 0 0 0 1 0 0 0 1 3749.dat
1 0 -50 19.9646 -221.189 -1 0 0 0 1 0 0 0 -1 3673.dat
1 0 -50 19.9646 -161.189 -1 0 0 0 1 0 0 0 -1 3673.dat
1 0 -50 19.9646 -121.189 -1 0 0 0 1 0 0 0 -1 3673.dat
1 1 -50 19.9646 -181.189 -1 0 0 0 1 0 0 0 -1 3749.dat
1 72 -60 19.9646 -181.189 0 1 0 1 0 0 0 0 -1 32140.dat
1 28 -40 39.9646 -241.189 -1 0 0 0 1 0 0 0 -1 6587.dat
1 71 -20 -0.0353832 -121.189 1 0 0 0 0.59269 -0.805431 0 0.805431 0.59269 32073.dat
1 71 30 -0.0353832 -121.189 0 0 -1 -0.805431 0.59269 0 0.59269 0.805431 0 59443.dat
1 19 50 -0.0353832 -121.189 -1 0 0 0 0.59269 0.805431 0 0.805431 -0.59269 3749.dat
1 72 0 -0.0353832 -121.189 0 -1 0 -0.805431 0 -0.59269 0.59269 0 -0.805431 32140.dat
1 71 -20 -0.0353832 -121.189 0 1 0 -0.59269 0 -0.805431 -0.805431 0 0.59269 33299.dat
1 71 -40 -0.0353832 -121.189 0 0 1 0.805431 0.59269 0 -0.59269 0.805431 0 3713.dat
1 72 0 -35.4964 -37.5692 0 1 0 -0.998537 0 -0.0540624 -0.0540624 0 0.998537 32524.dat
1 1 -10 -51.7054 -157.661 -1 0 0 0 0.59269 0.805431 0 0.805431 -0.59269 3749.dat
1 14 60 29.964600000000004 118.81100000000002 0 -1 0 0 0 -1 1 0 0 43857.dat
1 0 70 39.9646 118.81100000000002 -1 0 0 0 1 0 0 0 -1 3673.dat
1 1 -40 -120.03500000000001 -121.189 0 -1 0 0 0 1 -1 0 0 32526.dat
1 0 -50 -40.0354 -141.189 -1 0 0 0 1 0 0 0 -1 3673.dat
1 0 -50 -80.0354 -121.189 -1 0 0 0 1 0 0 0 -1 3673.dat
1 1 -60 -40.0354 -121.189 -1 0 0 0 1 0 0 0 -1 32556.dat
1 1 -60 -60.03540000000001 -121.189 -1 0 0 0 1 0 0 0 -1 32556.dat
1 1 -60 -120.03500000000001 -121.189 -1 0 0 0 1 0 0 0 -1 32556.dat
1 71 -60 -40.0354 -161.189 0 1 0 -1 0 0 0 0 1 60483.dat
1 71 -60 -100.03500000000001 -121.189 0 1 0 0 0 1 1 0 0 32523.dat
1 72 -60 -60.03540000000001 -121.189 0 -1 0 0 0 1 -1 0 0 32526.dat
1 71 -60 -40.0354 -161.189 1 0 0 0 1 0 0 0 1 4519.dat
1 1 -80 -120.03500000000001 -121.189 0 -1 0 0 0 1 -1 0 0 32526.dat
1 72 60 -60.03540000000001 -121.189 0 -1 0 0 0 1 -1 0 0 32526.dat
1 1 60 -60.03540000000001 -121.189 -1 0 0 0 1 0 0 0 -1 32556.dat
1 1 60 -40.0354 -121.189 -1 0 0 0 1 0 0 0 -1 32556.dat
1 0 70 -80.0354 -121.189 -1 0 0 0 1 0 0 0 -1 3673.dat
1 0 70 -40.0354 -141.189 -1 0 0 0 1 0 0 0 -1 3673.dat
1 1 80 -120.03500000000001 -121.189 0 -1 0 0 0 1 -1 0 0 32526.dat
1 1 40 -120.03500000000001 -121.189 0 -1 0 0 0 1 -1 0 0 32526.dat
1 71 60 -100.03500000000001 -121.189 0 1 0 0 0 1 1 0 0 32523.dat
1 71 60 -40.0354 -161.189 0 1 0 -1 0 0 0 0 1 60483.dat
1 71 60 -40.0354 -161.189 1 0 0 0 1 0 0 0 1 4519.dat
1 1 60 -120.03500000000001 -121.189 -1 0 0 0 1 0 0 0 -1 32556.dat
1 71 20 -40.0354 118.81100000000002 0 1 0 0 0 1 1 0 0 32523.dat
1 1 0 -40.0354 118.81100000000002 -1 0 0 0 1 0 0 0 -1 32556.dat
1 14 0 -30.035400000000003 118.81100000000002 0 -1 0 0 0 -1 1 0 0 43857.dat
1 71 0 -60.03540000000001 118.81100000000002 -1 0 0 0 1 0 0 0 -1 87082.dat
1 72 0 -90.0354 118.81100000000002 0 1 0 1 0 0 0 0 -1 87083.dat
1 71 -20 -40.0354 118.81100000000002 0 1 0 0 0 1 1 0 0 32523.dat
1 71 0 -20.035400000000003 118.81100000000002 -1 0 0 0 1 0 0 0 -1 32073.dat
1 71 45 -20.035400000000003 158.811 0 -1 0 0 0 1 -1 0 0 32056.dat
1 71 35 -20.035400000000003 158.811 0 -1 0 0 0 1 -1 0 0 32056.dat
1 71 -35 -20.035400000000003 158.811 0 -1 0 0 0 1 -1 0 0 32056.dat
1 71 -45 -20.035400000000003 158.811 0 -1 0 0 0 1 -1 0 0 32056.dat
1 1 -50 19.9646 158.811 1 0 0 0 1 0 0 0 1 3749.dat
1 1 50 19.9646 158.811 -1 0 0 0 1 0 0 0 -1 3749.dat
1 0 60 19.9646 278.811 0 -1 0 -1 0 0 0 0 -1 32278.dat
1 71 60 19.9646 138.811 1 0 0 0 1 0 0 0 1 32054.dat
1 71 60 19.9646 418.81100000000004 1 0 0 0 1 0 0 0 1 32054.dat
1 0 70 19.9646 178.811 -1 0 0 0 1 0 0 0 -1 3673.dat
1 0 70 19.9646 198.81100000000004 -1 0 0 0 1 0 0 0 -1 3673.dat
1 0 70 19.9646 218.81100000000004 -1 0 0 0 1 0 0 0 -1 3673.dat
1 71 0 19.9646 138.811 -1 0 0 0 1 0 0 0 -1 32073.dat
1 71 0 19.9646 418.81100000000004 -1 0 0 0 1 0 0 0 -1 32073.dat
1 71 -60 19.9646 418.81100000000004 -1 0 0 0 1 0 0 0 -1 32054.dat
1 71 -60 19.9646 138.811 -1 0 0 0 1 0 0 0 -1 32054.dat
1 0 -60 19.9646 278.811 0 -1 0 -1 0 0 0 0 -1 32278.dat
1 0 -70 19.9646 178.811 -1 0 0 0 1 0 0 0 -1 3673.dat
1 0 -70 19.9646 198.81100000000004 -1 0 0 0 1 0 0 0 -1 3673.dat
1 0 -70 19.9646 218.81100000000004 -1 0 0 0 1 0 0 0 -1 3673.dat
1 72 -80 19.9646 78.8109 0 1 0 1 0 0 0 0 -1 32525.dat
1 0 -70 19.9646 118.81100000000002 1 0 0 0 1 0 0 0 1 3673.dat
1 0 -70 39.9646 118.81100000000002 1 0 0 0 1 0 0 0 1 3673.dat
1 14 -60 29.964600000000004 118.81100000000002 0 1 0 0 0 -1 -1 0 0 43857.dat
1 0 -40 -60.03540000000001 -101.189 -1 0 0 0 0 1 0 1 0 6536.dat
1 1 -40 -50.03540000000001 -81.1891 0 0 1 1 0 0 0 1 0 3749.dat
1 71 -40 -60.03540000000001 -101.189 -1 0 0 0 0 1 0 1 0 4519.dat
1 71 -10 -60.03540000000001 -101.189 0 0 1 1 0 0 0 1 0 59443.dat
1 71 -70 -60.03540000000001 -101.189 0 0 1 1 0 0 0 1 0 59443.dat
1 0 30 -60.03540000000001 -101.189 -1 0 0 0 1 0 0 0 -1 3705.dat
1 71 70 -60.03540000000001 -101.189 0 0 1 1 0 0 0 1 0 59443.dat
1 14 -40 -20.035400000000003 -81.1891 1 0 0 0 0 1 0 -1 0 32013.dat
1 71 -50 -20.035400000000003 -81.1891 1 0 0 0 1 0 0 0 1 3673.dat
1 0 -60 -20.035400000000003 38.8109 0 1 0 -1 0 0 0 0 1 41239.dat
1 28 -40 -20.035400000000003 158.811 -1 0 0 0 1 0 0 0 -1 6587.dat
1 72 -80 -40.0354 218.81100000000004 0 -1 0 0 0 1 -1 0 0 32140.dat
1 72 30 -38.7401 22.3429 -1 0 0 0 0.9982150000000001 0.059729700000000004 0 0.059729700000000004 -0.9982150000000001 87083.dat
1 71 40 -38.7401 22.3429 0 1 0 -0.9982150000000001 0 -0.059729700000000004 -0.059729700000000004 0 0.9982150000000001 33299.dat
1 1 50 -39.93470000000001 42.30720000000001 -1 0 0 0 0.9982150000000001 0.059729700000000004 0 0.059729700000000004 -0.9982150000000001 3749.dat
1 0 60 -48.2968 182.05700000000002 0 -1 0 -0.9982150000000001 0 0.059729700000000004 -0.059729700000000004 0 -0.9982150000000001 32278.dat
1 19 80 -56.659000000000006 321.807 1 0 0 0 0.9982150000000001 -0.059729700000000004 0 0.059729700000000004 0.9982150000000001 32556.dat
1 71 80 -43.42770000000001 359.556 0 -1 0 -0.9437070000000001 0 -0.330784 0.330784 0 -0.9437070000000001 32316.dat
1 0 70 -30.1963 397.30400000000003 -1 0 0 0 0.9437070000000001 -0.330784 0 -0.330784 -0.9437070000000001 3673.dat
1 0 70 -43.42770000000001 359.556 -1 0 0 0 0.9437070000000001 -0.330784 0 -0.330784 -0.9437070000000001 3673.dat
1 71 60 -30.1963 397.30400000000003 0 -1 0 -0.9437070000000001 0 -0.330784 0.330784 0 -0.9437070000000001 32316.dat
1 72 -90 19.9646 298.811 1 0 0 0 0.9610450000000001 -0.276391 0 0.276391 0.9610450000000001 87083.dat
1 72 -80 36.5481 241.14800000000002 0 1 0 -0.9610450000000001 0 -0.276391 -0.276391 0 0.9610450000000001 32140.dat
1 0 -90 0.743697 293.283 -1 0 0 0 0.9610450000000001 0.276391 0 0.276391 -0.9610450000000001 3673.dat
1 19 -90 36.5481 241.14800000000002 1 0 0 0 0.9610450000000001 -0.276391 0 0.276391 0.9610450000000001 3749.dat
1 72 -100 19.9646 298.811 0 -1 0 -0.276391 0 -0.9610450000000001 0.9610450000000001 0 -0.276391 32140.dat
1 71 -90 -43.22590000000001 301.449 -1 0 0 0 0.9610450000000001 0.276391 0 0.276391 -0.9610450000000001 3673.dat
1 72 80 -40.0354 218.81100000000004 0 -1 0 0 0 1 -1 0 0 32140.dat
1 72 90 19.9646 298.811 -1 0 0 0 1 0 0 0 -1 87083.dat
1 72 81 2.71725 241.343 0 1 0 -0.9577940000000001 0 0.287456 0.287456 0 0.9577940000000001 32140.dat
1 0 91 0.80874 304.56000000000006 -1 0 0 0 0.9577940000000001 -0.287456 0 -0.287456 -0.9577940000000001 3673.dat
1 19 91 2.71725 241.343 -1 0 0 0 0.9577940000000001 -0.287456 0 -0.287456 -0.9577940000000001 3749.dat
1 71 101.00000000000001 -18.347100000000005 310.309 0 -1 0 -0.287456 0 0.9577940000000001 -0.9577940000000001 0 -0.287456 32316.dat
1 71 -140 19.9646 318.811 1 0 0 0 1 0 0 0 1 32073.dat
1 0 140 19.9646 318.811 -1 0 0 0 0 -1 0 -1 0 6536.dat
1 4 125 19.9646 318.811 0 1 0 1 0 0 0 0 -1 41677.dat
1 4 115 19.9646 318.811 0 1 0 1 0 0 0 0 -1 41677.dat
1 71 -80 19.9646 318.811 1 0 0 0 1 0 0 0 1 32054.dat
1 0 80 19.9646 398.81100000000004 0 -1 0 -1 0 0 0 0 -1 40490.dat
1 0 90 19.9646 338.811 -1 0 0 0 1 0 0 0 -1 3673.dat
1 14 -120 19.9646 308.811 0 -1 0 1 0 0 0 0 1 43857.dat
1 0 -140 19.9646 318.811 1 0 0 0 0 1 0 -1 0 6536.dat
1 0 -80 19.9646 398.81100000000004 0 -1 0 -1 0 0 0 0 -1 40490.dat
1 0 -90 19.9646 338.811 -1 0 0 0 1 0 0 0 -1 3673.dat
1 0 -80 -28.971200000000003 380.18 0 -1 0 -0.984151 0 -0.178185 0.178185 0 -0.984151 40490.dat
1 71 -70 -14.7211 458.88900000000007 -1 0 0 0 0.9807540000000001 -0.19524700000000003 0 -0.19524700000000003 -0.9807540000000001 3673.dat
1 71 80 19.9646 318.811 -1 0 0 0 1 0 0 0 -1 32054.dat
1 71 140 19.9646 318.811 -1 0 0 0 1 0 0 0 -1 32073.dat
1 14 100 -0.0353851 38.8109 1 0 0 0 -1 0 0 0 -1 62531.dat
1 0 80 39.9646 148.811 0 0 1 0 1 0 -1 0 0 3673.dat
1 1 100 -0.0353851 158.811 0 0 -1 0 1 0 1 0 0 32556.dat
1 1 100 -0.0353851 -81.1891 0 0 1 0 1 0 -1 0 0 32556.dat
1 14 100 -100.03500000000001 158.811 1 0 0 0 0 -1 0 1 0 32525.dat
1 14 -100 -0.0354004 38.8109 -1 0 0 0 -1 0 0 0 1 62531.dat
1 1 -100 -0.0354004 -81.1891 0 0 1 0 1 0 -1 0 0 32556.dat
1 1 -100 -0.0354004 158.811 0 0 -1 0 1 0 1 0 0 32556.dat
1 0 -80 39.9646 148.811 0 0 1 0 1 0 -1 0 0 3673.dat
1 14 -100 -100.03500000000001 158.811 1 0 0 0 0 -1 0 1 0 32525.dat
1 4 0 39.9646 158.811 0 0 -1 -1 0 0 0 1 0 32525.dat
1 0 -60 39.9646 168.811 0 0 1 0 1 0 -1 0 0 3673.dat
1 0 60 39.9646 168.811 0 0 1 0 1 0 -1 0 0 3673.dat
1 71 -20 39.9646 158.811 0 0 -1 0 1 0 1 0 0 32054.dat
1 71 20 39.9646 158.811 0 0 -1 0 1 0 1 0 0 32054.dat
1 4 100 -40.0354 178.811 -1 0 0 0 0 1 0 1 0 32526.dat
1 71 90 39.9646 198.81100000000004 0 1 0 0 0 1 1 0 0 32138.dat
1 4 100 39.9646 218.81100000000004 0 -1 0 -1 0 0 0 0 -1 42003.dat
1 4 -100 -40.0354 178.811 1 0 0 0 0 1 0 -1 0 32526.dat
1 71 -90 39.9646 198.81100000000004 0 1 0 0 0 1 1 0 0 32138.dat
1 4 -100 39.9646 218.81100000000004 0 1 0 1 0 0 0 0 -1 42003.dat
1 14 -60 19.9646 -101.189 1 0 0 0 1 0 0 0 1 6536.dat
1 1 -50 19.9646 -101.189 -1 0 0 0 1 0 0 0 -1 3749.dat
1 71 -60 39.9646 -101.189 0 0 -1 0 1 0 1 0 0 32054.dat
1 1 50 19.9646 -101.189 1 0 0 0 1 0 0 0 1 3749.dat
1 14 60 19.9646 -101.189 1 0 0 0 1 0 0 0 1 6536.dat
1 71 60 39.9646 -101.189 0 0 -1 0 1 0 1 0 0 32054.dat
1 14 0 39.9646 -81.1891 0 0 -1 -1 0 0 0 1 0 40490.dat
1 1 -80 39.9646 -81.1891 0 0 -1 0 1 0 1 0 0 32556.dat
1 1 80 39.9646 -81.1891 0 0 -1 0 1 0 1 0 0 32556.dat
1 1 90 -0.0353813 218.81100000000004 1 0 0 0 1 0 0 0 1 3749.dat
1 4 120 -0.0353813 218.81100000000004 0 0 1 -1 0 0 0 -1 0 32013.dat
1 1 -90 -0.0353813 218.81100000000004 -1 0 0 0 1 0 0 0 -1 3749.dat
1 4 -120 -0.0353813 218.81100000000004 0 0 -1 -1 0 0 0 1 0 32013.dat
1 4 100 -20.035400000000003 218.81100000000004 1 0 0 0 1 0 0 0 1 32013.dat
1 0 90 -20.035400000000003 218.81100000000004 -1 0 0 0 1 0 0 0 -1 3673.dat
1 0 -90 -20.035400000000003 218.81100000000004 1 0 0 0 -1 0 0 0 -1 3673.dat
1 4 -100 -20.035400000000003 218.81100000000004 -1 0 0 0 -1 0 0 0 1 32013.dat
1 0 0 -210.03500000000003 118.81100000000002 0 0 -1 -1 0 0 0 1 0 3707.dat
1 71 0 -130.035 118.81100000000002 1 0 0 0 0 -1 0 1 0 59443.dat
1 71 100 -20.035400000000003 168.811 0 0 -1 0 1 0 1 0 0 3705.dat
1 14 100 -20.035400000000003 128.811 1 0 0 0 1 0 0 0 1 59443.dat
1 14 -100 -20.035400000000003 128.811 1 0 0 0 1 0 0 0 1 59443.dat
1 71 -100 -20.035400000000003 168.811 0 0 -1 0 1 0 1 0 0 3705.dat
1 14 -100 -100.03500000000001 118.81100000000002 1 0 0 0 0 -1 0 1 0 32524.dat
1 71 -100 -40.0354 158.811 0 0 -1 0 1 0 1 0 0 32054.dat
1 1 -100 -40.0354 128.811 0 0 -1 0 1 0 1 0 0 3749.dat
1 71 -100 -140.035 138.811 0 0 -1 0 1 0 1 0 0 87082.dat
1 71 100 -40.0354 158.811 0 0 -1 0 1 0 1 0 0 32054.dat
1 1 100 -40.0354 128.811 0 0 -1 0 1 0 1 0 0 3749.dat
1 14 100 -100.03500000000001 118.81100000000002 1 0 0 0 0 -1 0 1 0 32524.dat
1 71 100 -140.035 138.811 0 0 -1 0 1 0 1 0 0 87082.dat
1 14 -120 -140.035 18.8109 -1 0 0 0 -1 0 0 0 1 40490.dat
1 0 -120 -130.035 98.8109 0 1 0 1 0 0 0 0 -1 3673.dat
1 0 -120 -130.035 18.8109 0 1 0 1 0 0 0 0 -1 3673.dat
1 0 -120 -130.035 -61.1891 0 1 0 1 0 0 0 0 -1 3673.dat
1 14 -120 -110.03500000000001 98.8109 0 1 0 1 0 0 0 0 -1 62462.dat
1 14 -120 -110.03500000000001 18.8109 0 1 0 1 0 0 0 0 -1 62462.dat
1 14 -120 -110.03500000000001 -61.1891 0 1 0 1 0 0 0 0 -1 62462.dat
1 1 -120 -80.0354 98.8109 0 1 0 1 0 0 0 0 -1 32556.dat
1 1 -120 -80.0354 18.8109 0 1 0 1 0 0 0 0 -1 32556.dat
1 1 -120 -80.0354 -61.1891 0 1 0 1 0 0 0 0 -1 32556.dat
1 14 -120 -80.0354 38.8109 -1 0 0 0 -1 0 0 0 1 32524.dat
1 14 -100 -80.0354 -51.1891 0 0 1 0 -1 0 1 0 0 41678.dat
1 0 -120 -70.0354 -41.1891 0 1 0 1 0 0 0 0 -1 3673.dat
1 14 -120 -60.03540000000001 18.8109 -1 0 0 0 -1 0 0 0 1 40490.dat
1 1 -120 -40.0354 58.810900000000004 0 1 0 1 0 0 0 0 -1 32556.dat
1 1 -120 -40.0354 -21.1891 0 1 0 1 0 0 0 0 -1 32556.dat
1 14 -120 -40.0354 18.8109 -1 0 0 0 -1 0 0 0 1 40490.dat
1 14 -120 -20.035400000000003 38.8109 -1 0 0 0 -1 0 0 0 1 32524.dat
1 1 -120 -30.035400000000003 -41.1891 0 1 0 1 0 0 0 0 -1 3749.dat
1 14 -120 -20.035400000000003 -41.1891 0 1 0 1 0 0 0 0 -1 6536.dat
1 1 -120 -30.035400000000003 -61.1891 0 1 0 1 0 0 0 0 -1 3749.dat
1 14 -120 -20.035400000000003 -61.1891 0 1 0 1 0 0 0 0 -1 6536.dat
1 0 -100 -80.0354 28.810900000000004 0 0 -1 0 1 0 1 0 0 3708.dat
1 14 -100 -80.0354 -81.1891 -1 0 0 0 0 -1 0 -1 0 40490.dat
1 0 -100 -20.035400000000003 8.81087 0 0 -1 0 1 0 1 0 0 3708.dat
1 14 -100 -40.0354 -101.189 0 0 1 0 -1 0 1 0 0 42003.dat
1 71 -110 -40.0354 -101.189 -1 0 0 0 1 0 0 0 -1 4274.dat
1 71 -100 -60.03540000000001 -101.189 1 0 0 0 1 0 0 0 1 4519.dat
1 0 -120 -60.03540000000001 -101.189 1 0 0 0 0 1 0 -1 0 6553.dat
1 14 -100 -20.035400000000003 -181.189 1 0 0 0 1 0 0 0 1 32140.dat
1 0 -100 -10.0354 -141.189 0 -1 0 -1 0 0 0 0 -1 3673.dat
1 1 -100 -10.0354 -181.189 0 -1 0 -1 0 0 0 0 -1 3749.dat
1 14 -100 -0.0353775 -101.189 1 0 0 0 -1 0 0 0 -1 64391.dat
1 14 -60 4.96462 -241.189 0 0 -1 0 1 0 1 0 0 6632.dat
1 4 -60 -10.0354 -241.189 0 0 -1 -1 0 0 0 1 0 32062.dat
1 14 -60 -5.03538 -241.189 -1 0 0 0 1 0 0 0 -1 32250.dat
1 71 -40 -20.035400000000003 -241.189 0 0 1 1 0 0 0 1 0 32039.dat
1 14 120 -140.035 18.8108 -1 0 0 0 -1 0 0 0 1 40490.dat
1 0 120 -130.035 98.8109 0 1 0 -1 0 0 0 0 1 3673.dat
1 0 120 -130.035 18.8108 0 1 0 -1 0 0 0 0 1 3673.dat
1 0 120 -130.035 -61.1891 0 1 0 -1 0 0 0 0 1 3673.dat
1 14 120 -110.03500000000001 98.8109 0 1 0 -1 0 0 0 0 1 62462.dat
1 14 120 -110.03500000000001 18.8108 0 1 0 -1 0 0 0 0 1 62462.dat
1 14 120 -110.03500000000001 -61.1891 0 1 0 -1 0 0 0 0 1 62462.dat
1 1 120 -80.0354 98.8109 0 1 0 1 0 0 0 0 -1 32556.dat
1 1 120 -80.0354 18.8108 0 1 0 1 0 0 0 0 -1 32556.dat
1 1 120 -80.0354 -61.1891 0 1 0 1 0 0 0 0 -1 32556.dat
1 14 120 -80.0354 38.8109 -1 0 0 0 -1 0 0 0 1 32524.dat
1 14 100 -80.0354 -51.1891 0 0 -1 0 1 0 1 0 0 41678.dat
1 0 120 -70.0354 -41.1891 0 1 0 1 0 0 0 0 -1 3673.dat
1 14 120 -60.03540000000001 18.8108 -1 0 0 0 -1 0 0 0 1 40490.dat
1 1 120 -40.0354 58.810900000000004 0 1 0 1 0 0 0 0 -1 32556.dat
1 1 120 -40.0354 -21.1892 0 1 0 1 0 0 0 0 -1 32556.dat
1 14 120 -40.0354 18.8108 -1 0 0 0 -1 0 0 0 1 40490.dat
1 14 120 -20.035400000000003 -41.1891 0 -1 0 1 0 0 0 0 1 6536.dat
1 1 120 -30.035400000000003 -41.1891 0 -1 0 1 0 0 0 0 1 3749.dat
1 1 120 -30.035400000000003 -61.1891 0 -1 0 1 0 0 0 0 1 3749.dat
1 14 120 -20.035400000000003 -61.1891 0 -1 0 1 0 0 0 0 1 6536.dat
1 14 120 -20.035400000000003 38.8109 -1 0 0 0 -1 0 0 0 1 32524.dat
1 0 100 -80.0354 28.810800000000004 0 0 -1 0 1 0 1 0 0 3708.dat
1 14 100 -80.0354 -81.1891 -1 0 0 0 0 -1 0 -1 0 40490.dat
1 0 100 -20.035400000000003 8.810850000000002 0 0 -1 0 1 0 1 0 0 3708.dat
1 14 100 -40.0354 -101.189 0 0 1 0 -1 0 1 0 0 42003.dat
1 71 110 -40.0354 -101.189 1 0 0 0 1 0 0 0 1 4274.dat
1 14 100 -20.035400000000003 -181.189 -1 0 0 0 -1 0 0 0 1 32140.dat
1 1 100 -10.0354 -181.189 0 -1 0 -1 0 0 0 0 -1 3749.dat
1 0 100 -10.0354 -141.189 0 -1 0 -1 0 0 0 0 -1 3673.dat
1 14 100 -0.0353775 -101.189 1 0 0 0 -1 0 0 0 -1 64683.dat
1 14 60 4.96462 -241.189 0 0 1 0 1 0 -1 0 0 6632.dat
1 4 60 -10.0354 -241.189 0 0 -1 -1 0 0 0 1 0 32062.dat
1 14 60 -5.03538 -241.189 1 0 0 0 -1 0 0 0 -1 32250.dat
1 71 40 -20.035400000000003 -241.189 0 0 -1 1 0 0 0 -1 0 32039.dat
1 71 100 -60.03540000000001 -101.189 -1 0 0 0 -1 0 0 0 1 4519.dat
1 0 120 -60.03540000000001 -101.189 -1 0 0 0 0 -1 0 -1 0 6553.dat
1 0 -40 -38.614 -310.621 0 -1 0 0.887207 0 -0.461371 0.461371 0 0.887207 32526.dat
1 1 -80 -26.559100000000004 -206.411 1 0 0 0 0.7389030000000001 0.6738120000000001 0 -0.6738120000000001 0.7389030000000001 32556.dat
1 1 -40 -57.06880000000001 -275.13300000000004 -1 0 0 0 0.887207 0.461371 0 0.461371 -0.887207 32556.dat
1 0 -20 -57.06880000000001 -275.13300000000004 0 -1 0 -0.887207 0 0.461371 -0.461371 0 -0.887207 32316.dat
1 1 0 -66.2962 -257.389 1 0 0 0 0.887207 -0.461371 0 0.461371 0.887207 32556.dat
1 0 0 -66.2963 -257.388 -1 0 0 0 0.559545 0.8288000000000001 0 0.8288000000000001 -0.559545 32013.dat
1 72 0 -121.82600000000001 -219.89900000000003 0 0 -1 -0.8288000000000001 0.559545 0 0.559545 0.8288000000000001 0 32209.dat
1 0 20 -57.06880000000001 -275.13300000000004 0 -1 0 -0.887207 0 0.461371 -0.461371 0 -0.887207 32316.dat
1 1 40 -57.06880000000001 -275.13300000000004 1 0 0 0 0.887207 -0.461371 0 0.461371 0.887207 32556.dat
1 1 40 -47.8414 -292.877 1 0 0 0 0.887207 -0.461371 0 0.461371 0.887207 32556.dat
1 0 40 -38.614 -310.621 0 -1 0 0.887207 0 -0.461371 0.461371 0 0.887207 32526.dat
1 71 -40 -40.0354 -221.19 1 0 0 0 0.6738120000000001 -0.7389030000000001 0 0.7389030000000001 0.6738120000000001 32054.dat
1 4 -70 -40.0354 -221.19 1 0 0 0 0.6738120000000001 -0.7389030000000001 0 0.7389030000000001 0.6738120000000001 32062.dat
1 71 -80 -40.03530000000001 -221.189 0 -1 0 0.7389030000000001 0 0.6738120000000001 -0.6738120000000001 0 0.7389030000000001 60483.dat
1 0 -60 -18.9054 -187.933 0 0 -1 0.9238790000000001 -0.38268300000000005 0 -0.38268300000000005 -0.9238790000000001 0 6536.dat
1 0 -60 -46.6218 -176.452 0 0 -1 0.9238790000000001 -0.38268300000000005 0 -0.38268300000000005 -0.9238790000000001 0 3705.dat
1 71 40 -40.0354 -221.19 -1 0 0 0 0.6738120000000001 0.7389030000000001 0 0.7389030000000001 -0.6738120000000001 32054.dat
1 4 70 -40.0354 -221.19 -1 0 0 0 0.6738120000000001 0.7389030000000001 0 0.7389030000000001 -0.6738120000000001 32062.dat
1 71 80 -40.0354 -221.19 0 -1 0 0.7389030000000001 0 0.6738120000000001 -0.6738120000000001 0 0.7389030000000001 60483.dat
1 1 80 -26.559100000000004 -206.411 1 0 0 0 0.7389030000000001 0.6738120000000001 0 -0.6738120000000001 0.7389030000000001 32556.dat
1 0 60 -18.905500000000004 -187.933 0 0 -1 0.9238790000000001 -0.38268300000000005 0 -0.38268300000000005 -0.9238790000000001 0 6536.dat
1 0 60 -46.6219 -176.45300000000003 0 0 -1 0.9238790000000001 -0.38268300000000005 0 -0.38268300000000005 -0.9238790000000001 0 3705.dat
1 0 60 -75.5237 -239.644 0 -1 0 -0.887207 0 0.461371 -0.461371 0 -0.887207 87080.dat
1 1 -40 -47.8414 -292.877 -1 0 0 0 0.887207 0.461371 0 0.461371 -0.887207 32556.dat
1 0 -60 -75.5237 -239.644 0 1 0 0.887207 0 0.461371 0.461371 0 -0.887207 87086.dat
1 0 -60 -62.3932 -221.545 0 0 1 0.461371 0.887207 0 -0.887207 0.461371 0 3673.dat
1 0 60 -62.39330000000001 -221.545 0 0 1 0.461371 0.887207 0 -0.887207 0.461371 0 3673.dat
1 71 0 -75.87900000000002 -217.28700000000003 1 0 0 0 0.887207 -0.461371 0 0.461371 0.887207 3702.dat
1 0 -60 -82.9767 -220.97800000000004 -1 0 0 0 0.887207 0.461371 0 0.461371 -0.887207 44728.dat
1 0 -20 -82.9767 -220.97800000000004 -1 0 0 0 0.887207 0.461371 0 0.461371 -0.887207 44728.dat
1 0 20 -82.9767 -220.97800000000004 -1 0 0 0 0.887207 0.461371 0 0.461371 -0.887207 44728.dat
1 0 60 -82.9767 -220.97800000000004 -1 0 0 0 0.887207 0.461371 0 0.461371 -0.887207 44728.dat
1 0 40 -75.3827 -192.23200000000003 -1 0 0 0 0.461371 -0.887207 0 -0.887207 -0.461371 87079.dat
1 0 -40 -75.3827 -192.23200000000003 -1 0 0 0 0.461371 -0.887207 0 -0.887207 -0.461371 87079.dat
1 0 -40 -94.68810000000002 -215.796 -1 0 0 0 0.887207 0.461371 0 0.461371 -0.887207 87079.dat
1 0 40 -94.68810000000002 -215.796 -1 0 0 0 0.887207 0.461371 0 0.461371 -0.887207 87079.dat
1 71 -30 -180.035 138.811 0 0 1 0 -1 0 1 0 0 59443.dat
1 71 40 -180.035 138.811 -1 0 0 0 -1 0 0 0 1 44294.dat
1 0 -70 -180.035 138.811 -1 0 0 0 -1 0 0 0 1 3705.dat
1 71 20 -180.035 138.811 0 0 1 0 -1 0 1 0 0 3713.dat
1 71 40 -180.035 138.811 1 0 0 0 1 0 0 0 1 63869.dat
1 0 0 -180.035 138.811 1 0 0 0 0 1 0 -1 0 6536.dat
1 14 -55 -180.035 138.811 0 -1 0 1 0 0 0 0 1 6632.dat
1 14 -65 -180.035 138.811 0 -1 0 1 0 0 0 0 1 6632.dat
1 71 60 -180.035 198.81100000000004 0 -1 0 -1 0 0 0 0 -1 2825.dat
1 14 65 -180.035 138.811 0 -1 0 1 0 0 0 0 1 6632.dat
1 0 -70 -180.035 158.811 -1 0 0 0 -1 0 0 0 1 3673.dat
1 0 70 -180.035 158.811 -1 0 0 0 -1 0 0 0 1 3673.dat
1 1 70 -180.035 198.81100000000004 -1 0 0 0 -1 0 0 0 1 3749.dat
1 14 80 -180.035 38.8109 0 -1 0 1 0 0 0 0 1 32278.dat
1 0 90 -180.035 78.8109 -1 0 0 0 -1 0 0 0 1 3673.dat
1 0 90 -180.035 38.8109 -1 0 0 0 -1 0 0 0 1 3673.dat
1 0 70 -180.035 -1.1891000000000003 -1 0 0 0 -1 0 0 0 1 3673.dat
1 1 80 -180.035 -41.1891 1 0 0 0 -1 0 0 0 -1 32556.dat
1 0 40 -160.035 128.811 0 0 -1 -1 0 0 0 1 0 87408.dat
1 1 60 -160.035 128.811 0 0 -1 0 -1 0 -1 0 0 3749.dat
1 1 20 -160.035 128.811 0 0 -1 0 -1 0 -1 0 0 3749.dat
1 0 40 -160.035 128.811 0 0 -1 0 -1 0 -1 0 0 3705.dat
1 71 40 -160.035 168.811 -1 0 0 0 -1 0 0 0 1 59443.dat
1 19 40 -160.035 208.81100000000004 0 0 1 0 -1 0 1 0 0 99008.dat
1 19 40 -160.035 105.811 1 0 0 0 -1 0 0 0 -1 6589.dat
1 72 90 -160.035 78.8109 -1 0 0 0 -1 0 0 0 1 55013.dat
1 19 23.000000000000004 -160.035 78.8109 0 0 -1 0 -1 0 -1 0 0 32198.dat
1 14 75 -160.035 78.8109 0 0 -1 0 -1 0 -1 0 0 32123b.dat
1 14 85 -160.035 78.8109 0 0 -1 0 -1 0 -1 0 0 32123b.dat
1 14 100 -180.035 138.811 0 1 0 1 0 0 0 0 -1 32140.dat
1 71 120 -160.035 78.8109 0 0 -1 0 -1 0 -1 0 0 3713.dat
1 14 135 -160.035 78.8109 0 0 -1 0 -1 0 -1 0 0 32123b.dat
1 0 150 -160.035 78.8109 0 0 -1 0 -1 0 -1 0 0 32269.dat
1 14 165 -160.035 78.8109 0 0 -1 0 -1 0 -1 0 0 32123b.dat
1 14 100 -180.035 -41.1891 0 1 0 -1 0 0 0 0 1 32526.dat
1 71 5 -180.035 -101.189 -1 0 0 0 -1 0 0 0 1 44294.dat
1 71 80 -180.035 -101.189 1 0 0 0 -1 0 0 0 -1 32054.dat
1 71 -79 -180.035 -101.189 -1 0 0 0 -1 0 0 0 1 32054.dat
1 71 60 -200.03500000000003 -21.1891 0 0 -1 0 1 0 1 0 0 63869.dat
1 1 60 -200.03500000000003 -31.1891 0 0 1 0 -1 0 1 0 0 3749.dat
1 14 -80 -180.035 38.8109 0 -1 0 1 0 0 0 0 1 32278.dat
1 0 -90 -180.035 38.8109 -1 0 0 0 -1 0 0 0 1 3673.dat
1 0 -90 -180.035 58.810900000000004 -1 0 0 0 -1 0 0 0 1 3673.dat
1 14 -100 -180.035 -41.1891 0 1 0 -1 0 0 0 0 1 32526.dat
1 0 -110 -180.035 -1.1891000000000003 -1 0 0 0 -1 0 0 0 1 3673.dat
1 71 -120 -200.03500000000003 -21.1891 0 0 -1 0 1 0 1 0 0 63869.dat
1 1 -120 -200.03500000000003 -31.1891 0 0 1 0 -1 0 1 0 0 3749.dat
1 14 -100 -180.035 98.8109 0 1 0 -1 0 0 0 0 1 32316.dat
1 71 -80 -180.035 178.811 -1 0 0 0 -1 0 0 0 1 4519.dat
1 14 -100 -180.035 178.811 1 0 0 0 1 0 0 0 1 6536.dat
1 71 80 -180.035 178.811 1 0 0 0 -1 0 0 0 -1 4519.dat
1 14 100 -180.035 178.811 -1 0 0 0 1 0 0 0 -1 6536.dat
1 1 90 -180.035 -61.1891 1 0 0 0 -1 0 0 0 -1 3749.dat
1 14 100 -160.035 -61.1891 1 0 0 0 1 0 0 0 1 42003.dat
1 1 -90 -180.035 -61.1891 -1 0 0 0 -1 0 0 0 1 3749.dat
1 14 -100 -160.035 -61.1891 -1 0 0 0 1 0 0 0 -1 42003.dat
1 1 -100 -160.035 178.811 0 0 1 0 1 0 -1 0 0 32556.dat
1 1 100 -160.035 178.811 0 0 1 0 1 0 -1 0 0 32556.dat
1 1 100 -160.035 -81.1891 0 0 -1 0 1 0 1 0 0 32556.dat
1 1 100 -140.035 -81.1891 0 0 -1 0 1 0 1 0 0 32556.dat
1 1 -100 -140.035 -81.1891 0 0 -1 0 1 0 1 0 0 32556.dat
1 1 -100 -160.035 -81.1891 0 0 -1 0 1 0 1 0 0 32556.dat
1 0 0 -160.035 -121.189 0 0 -1 -1 0 0 0 1 0 40490.dat
1 0 -80 -160.035 -111.189 0 0 -1 0 1 0 1 0 0 3673.dat
1 0 -60 -160.035 -111.189 0 0 -1 0 1 0 1 0 0 3673.dat
1 0 60 -160.035 -111.189 0 0 -1 0 1 0 1 0 0 3673.dat
1 0 80 -160.035 -111.189 0 0 -1 0 1 0 1 0 0 3673.dat
1 14 100 -80.0353 -101.189 -1 0 0 0 0 -1 0 -1 0 32526.dat
1 14 -100 -80.0353 -101.189 1 0 0 0 0 -1 0 1 0 32526.dat
1 1 -90 -180.035 -121.189 1 0 0 0 1 0 0 0 1 3749.dat
1 14 -85 -180.035 -151.189 0 -1 0 1 0 0 0 0 1 32449.dat
1 14 -75 -180.035 -151.189 0 -1 0 1 0 0 0 0 1 32449.dat
1 0 -90 -180.035 -141.189 1 0 0 0 1 0 0 0 1 3673.dat
1 0 -90 -180.035 -161.189 1 0 0 0 1 0 0 0 1 3673.dat
1 71 0 -180.035 -181.189 1 0 0 0 1 0 0 0 1 60485.dat
1 14 -50 -180.035 -181.189 1 0 0 0 -1 0 0 0 -1 62462.dat
1 14 -25 -180.035 -181.189 0 -1 0 1 0 0 0 0 1 6632.dat
1 14 -15 -180.035 -181.189 0 -1 0 1 0 0 0 0 1 6632.dat
1 1 0 -180.035 -161.189 -1 0 0 0 1 0 0 0 -1 32556.dat
1 14 0 -189.92500000000004 -162.667 0 -1 0 0.14780700000000002 0 0.9890160000000001 -0.9890160000000001 0 0.14780700000000002 43857.dat
1 1 0 -199.815 -164.145 -1 0 0 0 0.9890160000000001 0.14780700000000002 0 0.14780700000000002 -0.9890160000000001 32556.dat
1 14 0 -179.96300000000002 -180.912 1 0 0 0 0.5522910000000001 -0.8336510000000001 0 0.8336510000000001 0.5522910000000001 32013.dat
1 14 15 -180.035 -181.189 0 -1 0 1 0 0 0 0 1 6632.dat
1 14 25 -180.035 -181.189 0 -1 0 1 0 0 0 0 1 6632.dat
1 14 50 -180.035 -181.189 1 0 0 0 -1 0 0 0 -1 62462.dat
1 14 75 -180.035 -151.189 0 1 0 -1 0 0 0 0 1 32449.dat
1 14 85 -180.035 -151.189 0 1 0 -1 0 0 0 0 1 32449.dat
1 0 90 -180.035 -161.189 -1 0 0 0 -1 0 0 0 1 3673.dat
1 0 90 -180.035 -141.189 -1 0 0 0 -1 0 0 0 1 3673.dat
1 1 90 -180.035 -121.189 -1 0 0 0 -1 0 0 0 1 3749.dat
1 14 -100 -180.035 -121.189 0 1 0 -1 0 0 0 0 1 32523.dat
1 14 100 -180.035 -121.189 0 1 0 -1 0 0 0 0 1 32523.dat
1 71 100 -103.29700000000001 -183.8 0 0 -1 -0.9592270000000002 0.282638 0 0.282638 0.9592270000000002 0 44294.dat
1 14 100 -180.035 -161.189 1 0 0 0 0.282638 -0.9592270000000002 0 0.9592270000000002 0.282638 32013.dat
1 0 100 -26.559100000000004 -206.411 -1 0 0 0 0.282638 0.9592270000000002 0 0.9592270000000002 -0.282638 32013.dat
1 14 -100 -180.035 -161.189 1 0 0 0 0.282638 -0.9592270000000002 0 0.9592270000000002 0.282638 32013.dat
1 71 -100 -103.29700000000001 -183.8 0 0 -1 -0.9592270000000002 0.282638 0 0.282638 0.9592270000000002 0 44294.dat
1 0 -100 -26.559100000000004 -206.411 -1 0 0 0 0.282638 0.9592270000000002 0 0.9592270000000002 -0.282638 32013.dat
1 0 -80 -160.035 248.81100000000004 0 0 1 0 1 0 -1 0 0 3707.dat
1 71 -80 -160.035 178.811 1 0 0 0 1 0 0 0 1 3713.dat
1 72 0 -160.035 198.81100000000004 0 0 -1 -1 0 0 0 1 0 32525.dat
1 71 -80 -160.035 238.81100000000004 0 1 0 0 0 1 1 0 0 92693c01.dat
1 25 -80 -130.035 238.81100000000004 0 1 0 0 0 1 1 0 0 92695.dat
1 72 -80 -3.37734 238.706 -1 0 0 0 0 1 0 1 0 92696.dat
1 0 -80 -140.035 238.81100000000004 0 1 0 0 0 -1 -1 0 0 32270.dat
1 19 -80 -160.035 256.81100000000004 -1 0 0 0 1 0 0 0 -1 6589.dat
1 71 -80 -160.035 278.811 -1 0 0 0 1 0 0 0 -1 94925.dat
1 71 -80 -160.035 298.811 1 0 0 0 1 0 0 0 1 3713.dat
1 0 80 -160.035 248.81100000000004 0 0 1 0 1 0 -1 0 0 3707.dat
1 71 80 -160.035 178.811 1 0 0 0 1 0 0 0 1 3713.dat
1 19 80 -160.035 256.81100000000004 -1 0 0 0 1 0 0 0 -1 6589.dat
1 71 80 -160.035 278.811 -1 0 0 0 1 0 0 0 -1 94925.dat
1 71 80 -160.035 298.811 1 0 0 0 1 0 0 0 1 3713.dat
1 71 80 -160.035 238.81100000000004 0 1 0 0 0 1 1 0 0 92693c01.dat
1 25 80 -130.035 238.81100000000004 0 1 0 0 0 1 1 0 0 92695.dat
1 0 80 -140.035 238.81100000000004 0 1 0 0 0 -1 -1 0 0 32270.dat
1 72 80 -37.1853 238.81100000000004 -1 0 0 0 0 1 0 1 0 92696.dat
1 71 90 -37.1853 238.81100000000004 1 0 0 0 1 0 0 0 1 3673.dat
1 71 -90 -3.37734 238.706 1 0 0 0 1 0 0 0 1 3673.dat
1 71 -100 16.5853 239.927 0 1 0 -0.061048500000000006 0 0.998135 0.998135 0 0.061048500000000006 32523.dat
1 71 101.00000000000001 -17.234 239.948 0 1 0 -0.0697565 0 0.9975640000000001 0.9975640000000001 0 0.0697565 32523.dat
1 1 -100 -180.035 -41.1891 -1 0 0 0 -1 0 0 0 1 32556.dat
1 72 40 -160.035 218.81100000000004 1 0 0 0 1 0 0 0 1 6542b.dat
1 71 40 -160.035 248.81100000000004 1 0 0 0 1 0 0 0 1 59443.dat
1 0 40 -160.035 288.811 0 0 -1 0 1 0 1 0 0 3705.dat
1 71 0 -220.03500000000003 118.81100000000002 -1 0 0 0 1 0 0 0 -1 99009.dat
1 0 0 -220.03500000000003 118.81100000000002 0 0 1 0 1 0 -1 0 0 99010.dat
1 1 -20 -200.03500000000003 118.81100000000002 0 0 -1 0 -1 0 -1 0 0 32556.dat
1 1 20 -200.03500000000003 118.81100000000002 0 0 -1 0 -1 0 -1 0 0 32556.dat
1 72 0 -200.03500000000003 138.811 0 0 -1 -1 0 0 0 1 0 32525.dat
1 1 80 -200.03500000000003 118.81100000000002 0 0 -1 0 -1 0 -1 0 0 32556.dat
1 1 -80 -200.03500000000003 118.81100000000002 0 0 -1 0 -1 0 -1 0 0 32556.dat
1 71 -100 -200.03500000000003 118.81100000000002 0 -1 0 0 0 1 -1 0 0 98989.dat
1 71 100 -200.03500000000003 118.81100000000002 0 1 0 0 0 1 1 0 0 98989.dat
1 71 60 -200.03500000000003 118.81100000000002 0 0 1 0 -1 0 1 0 0 4519.dat
1 71 -60 -200.03500000000003 118.81100000000002 0 0 1 0 -1 0 1 0 0 4519.dat
1 72 0 -200.03500000000003 98.8109 0 0 -1 -1 0 0 0 1 0 32525.dat
1 1 0 -240.03500000000003 98.8109 -1 0 0 0 -1 0 0 0 1 32556.dat
1 1 0 -240.03500000000003 138.811 -1 0 0 0 -1 0 0 0 1 32556.dat
1 71 40 -320.035 118.81100000000002 0 -1 0 1 0 0 0 0 1 32316.dat
1 0 30 -320.035 98.8109 1 0 0 0 -1 0 0 0 -1 3673.dat
1 0 30 -320.035 118.81100000000002 1 0 0 0 -1 0 0 0 -1 3673.dat
1 0 30 -320.035 138.811 1 0 0 0 -1 0 0 0 -1 3673.dat
1 71 20 -240.03500000000003 98.8109 0 1 0 0 0 -1 -1 0 0 32526.dat
1 71 20 -240.03500000000003 138.811 0 -1 0 0 0 -1 1 0 0 32526.dat
1 71 0 -300.035 118.81100000000002 1 0 0 0 0 1 0 -1 0 32034.dat
1 1 0 -300.035 118.81100000000002 -1 0 0 0 1 0 0 0 -1 32556.dat
1 71 20 -280.035 118.81100000000002 0 -1 0 0 0 -1 1 0 0 32523.dat
1 71 -20 -280.035 118.81100000000002 0 -1 0 0 0 -1 1 0 0 32523.dat
1 0 30 -280.035 118.81100000000002 1 0 0 0 1 0 0 0 1 3673.dat
1 0 30 -260.035 118.81100000000002 1 0 0 0 1 0 0 0 1 3673.dat
1 0 -30 -260.035 118.81100000000002 1 0 0 0 1 0 0 0 1 3673.dat
1 0 -30 -280.035 118.81100000000002 1 0 0 0 1 0 0 0 1 3673.dat
1 72 0 -350.035 118.81100000000002 0 1 0 -1 0 0 0 0 1 87083.dat
1 71 0 -340.035 118.81100000000002 -1 0 0 0 -1 0 0 0 1 87082.dat
1 0 -20 -320.035 118.81100000000002 0 1 0 0 0 -1 -1 0 0 60484.dat
1 71 0 -360.035 138.811 1 0 0 0 0 1 0 -1 0 87082.dat
1 71 0 -360.035 98.8109 1 0 0 0 0 1 0 -1 0 87082.dat
1 19 0 -360.035 158.811 0 0 -1 0 1 0 1 0 0 32556.dat
1 19 0 -360.035 78.8109 0 0 1 0 1 0 -1 0 0 32556.dat
1 0 20 -320.035 118.81100000000002 0 1 0 0 0 -1 -1 0 0 60484.dat
1 71 0 -320.035 158.811 1 0 0 0 1 0 0 0 1 32073.dat
1 71 0 -320.035 158.811 1 0 0 0 -1 0 0 0 -1 63869.dat
1 0 20 -340.035 148.811 0 0 1 0 1 0 -1 0 0 3673.dat
1 0 -20 -340.035 148.811 0 0 1 0 1 0 -1 0 0 3673.dat
1 0 0 -340.035 168.811 0 0 1 0 1 0 -1 0 0 3673.dat
1 72 0 -340.035 138.811 0 0 -1 1 0 0 0 -1 0 32524.dat
1 71 0 -320.035 78.8109 -1 0 0 0 1 0 0 0 -1 32073.dat
1 71 0 -320.035 78.8109 -1 0 0 0 -1 0 0 0 1 63869.dat
1 0 -20 -340.035 88.8109 0 0 -1 0 1 0 1 0 0 3673.dat
1 0 20 -340.035 88.8109 0 0 -1 0 1 0 1 0 0 3673.dat
1 0 0 -340.035 68.8109 0 0 -1 0 1 0 1 0 0 3673.dat
1 72 0 -340.035 98.8109 0 0 1 1 0 0 0 1 0 32524.dat
1 71 -40 -320.035 118.81100000000002 0 1 0 1 0 0 0 0 -1 32316.dat
1 0 -30 -320.035 98.8109 -1 0 0 0 -1 0 0 0 1 3673.dat
1 0 -30 -320.035 118.81100000000002 -1 0 0 0 -1 0 0 0 1 3673.dat
1 0 -30 -320.035 138.811 -1 0 0 0 -1 0 0 0 1 3673.dat
1 71 -20 -240.03500000000003 138.811 0 -1 0 0 0 -1 1 0 0 32526.dat
1 71 -20 -240.03500000000003 98.8109 0 1 0 0 0 -1 -1 0 0 32526.dat
1 19 -40 -360.035 118.81100000000002 -1 0 0 0 1 0 0 0 -1 32556.dat
1 19 40 -360.035 118.81100000000002 1 0 0 0 1 0 0 0 1 32556.dat
1 71 -40 -380.035 68.8109 0 0 -1 0 1 0 1 0 0 2736.dat
1 0 -40 -380.035 78.8109 0 1 0 0 0 1 1 0 0 6553.dat
1 0 0 -360.035 78.8109 -1 0 0 0 -1 0 0 0 1 92907.dat
1 4 0 -380.035 58.810900000000004 1 0 0 0 1 0 0 0 1 32062.dat
1 0 0 -380.035 38.8109 1 0 0 0 0 1 0 -1 0 42003.dat
1 0 -40 -360.035 118.81100000000002 0 0 1 0 -1 0 1 0 0 92907.dat
1 71 -50 -380.035 158.811 1 0 0 0 1 0 0 0 1 2736.dat
1 0 -40 -380.035 158.811 1 0 0 0 0 1 0 -1 0 6553.dat
1 4 -60 -380.035 118.81100000000002 0 0 1 0 1 0 -1 0 0 32062.dat
1 0 -80 -380.035 118.81100000000002 0 -1 0 0 0 1 -1 0 0 42003.dat
1 0 0 -360.035 158.811 1 0 0 0 -1 0 0 0 -1 92907.dat
1 71 40 -380.035 168.811 0 0 1 0 1 0 -1 0 0 2736.dat
1 0 40 -380.035 158.811 0 -1 0 0 0 1 -1 0 0 6553.dat
1 4 0 -380.035 178.811 -1 0 0 0 1 0 0 0 -1 32062.dat
1 0 0 -380.035 198.81100000000004 -1 0 0 0 0 1 0 1 0 42003.dat
1 0 40 -360.035 118.81100000000002 0 0 -1 0 -1 0 -1 0 0 92907.dat
1 71 50 -380.035 78.8109 -1 0 0 0 1 0 0 0 -1 2736.dat
1 0 40 -380.035 78.8109 -1 0 0 0 0 1 0 1 0 6553.dat
1 4 60 -380.035 118.81100000000002 0 0 -1 0 1 0 1 0 0 32062.dat
1 0 80 -380.035 118.81100000000002 0 1 0 0 0 1 1 0 0 42003.dat
1 0 60 -340.035 118.81100000000002 0 0 -1 0 -1 0 -1 0 0 6536.dat
1 0 -60 -340.035 118.81100000000002 0 0 -1 0 -1 0 -1 0 0 6536.dat
1 0 0 -340.035 178.811 -1 0 0 0 -1 0 0 0 1 42003.dat
1 0 0 -340.035 58.810900000000004 -1 0 0 0 -1 0 0 0 1 42003.dat
1 71 0 -320.035 58.810900000000004 -1 0 0 0 1 0 0 0 -1 4519.dat
1 71 0 -320.035 178.811 -1 0 0 0 1 0 0 0 -1 4519.dat
1 71 60 -340.035 118.81100000000002 0 0 1 0 1 0 -1 0 0 4519.dat
1 71 -60 -340.035 118.81100000000002 0 0 1 0 1 0 -1 0 0 4519.dat
1 71 40 -300.035 118.81100000000002 0 0 1 0 1 0 -1 0 0 32073.dat
1 0 40 -280.035 118.81100000000002 0 0 1 0 1 0 -1 0 0 42003.dat
1 71 40 -300.035 98.8109 1 0 0 0 1 0 0 0 1 3713.dat
1 71 40 -300.035 138.811 1 0 0 0 1 0 0 0 1 3713.dat
1 0 40 -300.035 78.8109 0 0 1 0 1 0 -1 0 0 6536.dat
1 71 40 -300.035 158.811 1 0 0 0 0 1 0 -1 0 60483.dat
1 0 40 -280.035 168.811 0 0 1 0 1 0 -1 0 0 6628.dat
1 0 50 -280.035 78.8109 -1 0 0 0 1 0 0 0 -1 6628.dat
1 0 -40 -280.035 118.81100000000002 0 0 -1 0 1 0 1 0 0 42003.dat
1 71 -40 -300.035 118.81100000000002 0 0 -1 0 1 0 1 0 0 32073.dat
1 71 -40 -300.035 138.811 -1 0 0 0 1 0 0 0 -1 3713.dat
1 71 -40 -300.035 98.8109 -1 0 0 0 1 0 0 0 -1 3713.dat
1 0 -40 -300.035 158.811 0 0 -1 0 1 0 1 0 0 6536.dat
1 71 -40 -300.035 78.8109 -1 0 0 0 0 1 0 1 0 60483.dat
1 0 -50 -280.035 158.811 1 0 0 0 1 0 0 0 1 6628.dat
1 0 -40 -280.035 68.8109 0 0 -1 0 1 0 1 0 0 6628.dat
1 0 40 -280.035 180.81100000000004 -1 0 0 0 0 -1 0 -1 0 2739a.dat
1 0 -40 -280.035 56.810900000000004 -1 0 0 0 0 -1 0 -1 0 2739a.dat
1 0 -62 -280.035 158.811 0 -1 0 0 0 -1 1 0 0 2739a.dat
1 0 62 -280.035 78.8109 0 -1 0 0 0 -1 1 0 0 2739a.dat
1 1 100 -200.03500000000003 158.811 0 0 1 0 1 0 -1 0 0 32556.dat
1 1 -100 -200.03500000000003 158.811 0 0 1 0 1 0 -1 0 0 32556.dat
1 0 -60 -200.03500000000003 -41.1891 0 0 1 1 0 0 0 1 0 41239.dat
1 71 -180 -200.03500000000003 -21.1891 0 0 1 -1 0 0 0 -1 0 33299.dat
1 28 -180 -200.03500000000003 -21.1891 0 0 1 0 1 0 -1 0 0 6587.dat
1 0 -180 -200.03500000000003 -1.1891000000000003 0 -1 0 0 0 1 -1 0 0 6536.dat
1 71 -40 -200.03500000000003 13.810900000000002 0 0 -1 0 1 0 1 0 0 32073.dat
1 71 -40 -200.03500000000003 -41.1891 0 0 1 0 1 0 -1 0 0 32054.dat
1 72 -40 -200.03500000000003 8.8109 0 0 1 0 1 0 -1 0 0 32012.dat
1 71 -40 -200.03500000000003 38.8109 -1 0 0 0 1 0 0 0 -1 3713.dat
1 71 -40 -200.03500000000003 68.8109 -1 0 0 0 1 0 0 0 -1 59443.dat
1 72 -196 -98 -1 0 0 -1 0 1 0 1 0 0 30395.dat
1 0 -37.0013 -189.106 15.8109 0.0355 0 0.9994000000000001 0.9994000000000001 0 -0.0355 0 -1 0 9396 - ls60.dat
1 0 -35.5143 -189.332 15.8109 0.12160000000000001 0 0.9926000000000001 0.9926000000000001 0 -0.12160000000000001 0 -1 0 9396 - ls60.dat
1 0 -34.0651 -189.743 15.8109 0.23610000000000003 0 0.9717 0.9717 0 -0.23610000000000003 0 -1 0 9396 - ls60.dat
1 0 -32.7041 -190.394 15.8109 0.38450000000000006 0 0.9231 0.9231 0 -0.38450000000000006 0 -1 0 9396 - ls60.dat
1 0 -31.5072 -191.323 15.8109 0.5601 0 0.8285 0.8285 0 -0.5601 0 -1 0 9396 - ls60.dat
1 0 -30.558 -192.50600000000003 15.8109 0.7317 0 0.6817 0.6817 0 -0.7317 0 -1 0 9396 - ls60.dat
1 0 -29.8808 -193.86300000000003 15.8109 0.8609 0 0.5088000000000001 0.5088000000000001 0 -0.8609 0 -1 0 9396 - ls60.dat
1 0 -29.436800000000005 -195.307 15.8109 0.9371000000000002 0 0.349 0.349 0 -0.9371000000000002 0 -1 0 9396 - ls60.dat
1 0 -29.1677 -196.79100000000003 15.8109 0.9752 0 0.22140000000000004 0.22140000000000004 0 -0.9752 0 -1 0 9396 - ls60.dat
1 0 -29.027500000000003 -198.287 15.8109 0.9921000000000001 0 0.1255 0.1255 0 -0.9921000000000001 0 -1 0 9396 - ls60.dat
1 0 -28.982 -199.79 15.8109 0.9985 0 0.054000000000000006 0.054000000000000006 0 -0.9985 0 -1 0 9396 - ls60.dat
1 0 -29.0512 -201.292 15.8109 1 0 -0.021100000000000004 -0.021100000000000004 0 -1 0 -1 0 9396 - ls60.dat
1 0 -29.1855 -202.78800000000004 15.8109 0.9974 0 -0.0724 -0.0724 0 -0.9974 0 -1 0 9396 - ls60.dat
1 0 -29.431700000000003 -204.27000000000004 15.8109 0.99 0 -0.1412 -0.1412 0 -0.99 0 -1 0 9396 - ls60.dat
1 0 -29.828900000000004 -205.72100000000003 15.8109 0.9723000000000002 0 -0.2338 -0.2338 0 -0.9723000000000002 0 -1 0 9396 - ls60.dat
1 0 -30.426400000000005 -207.10400000000004 15.8109 0.9341 0 -0.3571 -0.3571 0 -0.9341 0 -1 0 9396 - ls60.dat
1 0 -31.271900000000002 -208.355 15.8109 0.859 0 -0.512 -0.512 0 -0.859 0 -1 0 9396 - ls60.dat
1 0 -32.3789 -209.392 15.8109 0.7323000000000001 0 -0.681 -0.681 0 -0.7323000000000001 0 -1 0 9396 - ls60.dat
1 0 -33.6918 -210.152 15.8109 0.5628 0 -0.8266000000000001 -0.8266000000000001 0 -0.5628 0 -1 0 9396 - ls60.dat
1 0 -35.1238 -210.64500000000004 15.8109 0.3871 0 -0.9221000000000001 -0.9221000000000001 0 -0.3871 0 -1 0 9396 - ls60.dat
1 0 -36.6078 -210.92600000000002 15.8109 0.2367 0 -0.9716000000000001 -0.9716000000000001 0 -0.2367 0 -1 0 9396 - ls60.dat
1 0 -38.1082 -211.04700000000003 15.8109 0.11980000000000002 0 -0.9928000000000001 -0.9928000000000001 0 -0.11980000000000002 0 -1 0 9396 - ls60.dat
1 0 -39.6133 -210.954 15.8109 -0.0169 0 -1 -1 0 0.0169 0 -1 0 9396 - ls60.dat
1 0 -41.1119 -210.848 15.8109 -0.0572 0 -0.9984 -0.9984 0 0.0572 0 -1 0 9396 - ls60.dat
1 0 -42.60090000000001 -210.65700000000004 15.8109 -0.1099 0 -0.9939 -0.9939 0 0.1099 0 -1 0 9396 - ls60.dat
1 0 -44.0738 -210.35300000000004 15.8109 -0.1793 0 -0.9838000000000001 -0.9838000000000001 0 0.1793 0 -1 0 9396 - ls60.dat
1 0 -45.5076 -209.901 15.8109 -0.2706 0 -0.9627000000000001 -0.9627000000000001 0 0.2706 0 -1 0 9396 - ls60.dat
1 0 -46.8694 -209.26000000000002 15.8109 -0.38830000000000003 0 -0.9215000000000001 -0.9215000000000001 0 0.38830000000000003 0 -1 0 9396 - ls60.dat
1 0 -48.1045 -208.39100000000002 15.8109 -0.5314 0 -0.8471000000000001 -0.8471000000000001 0 0.5314 0 -1 0 9396 - ls60.dat
1 0 -49.1404 -207.28700000000003 15.8109 -0.6841000000000002 0 -0.7294 -0.7294 0 0.6841000000000002 0 -1 0 9396 - ls60.dat
1 0 -49.92730000000001 -205.99400000000003 15.8109 -0.8177000000000001 0 -0.5757 -0.5757 0 0.8177000000000001 0 -1 0 9396 - ls60.dat
1 0 -50.46800000000001 -204.58 15.8109 -0.9104000000000001 0 -0.41370000000000007 -0.41370000000000007 0 0.9104000000000001 0 -1 0 9396 - ls60.dat
1 0 -50.8018 -203.108 15.8109 -0.9629 0 -0.26990000000000003 -0.26990000000000003 0 0.9629 0 -1 0 9396 - ls60.dat
1 0 -50.974500000000006 -201.613 15.8109 -0.9881000000000001 0 -0.1538 -0.1538 0 0.9881000000000001 0 -1 0 9396 - ls60.dat
1 0 -51.02440000000001 -200.111 15.8109 -0.998 0 -0.0634 -0.0634 0 0.998 0 -1 0 9396 - ls60.dat
1 0 -50.937200000000004 -198.609 15.7815 -0.9996 0 0.0278 0.0278 -0.0147 0.9995 -0.0004 -1 -0.0147 9396 - ls60.dat
1 0 -50.76350000000001 -197.118 15.696500000000002 -0.9956 0 0.0938 0.09370000000000002 -0.04630000000000001 0.9945000000000002 -0.0043 -0.9989000000000001 -0.0461 9396 - ls60.dat
1 0 -50.45300000000001 -195.65300000000002 15.5589 -0.9839 -0.007300000000000001 0.1787 0.1787 -0.08030000000000001 0.9806000000000001 -0.007200000000000001 -0.9967000000000001 -0.08030000000000001 9396 - ls60.dat
1 0 -49.9675 -194.24100000000004 15.366900000000001 -0.9576000000000001 -0.0229 0.2873 0.288 -0.11430000000000001 0.9508 -0.0111 -0.9932000000000001 -0.116 9396 - ls60.dat
1 0 -49.2682 -192.926 15.1255 -0.9057 -0.0476 0.4212 0.4235 -0.1429 0.8945000000000001 -0.017600000000000005 -0.9886 -0.1496 9396 - ls60.dat
1 0 -48.33370000000001 -191.769 14.851400000000002 -0.8163 -0.0789 0.5722 0.577 -0.1578 0.8014 -0.027100000000000003 -0.9843000000000001 -0.1744 9396 - ls60.dat
1 0 -47.1819 -190.82800000000003 14.5733 -0.6867 -0.10820000000000002 0.7189 0.7261 -0.1515 0.6707000000000001 -0.0363 -0.9825 -0.1826 9396 - ls60.dat
1 0 -45.867 -190.121 14.321400000000002 -0.5337000000000001 -0.1244 0.8365 0.8447 -0.1244 0.5205 -0.0393 -0.9844000000000002 -0.1714 9396 - ls60.dat
1 0 -44.4545 -189.627 14.1155 -0.38500000000000006 -0.1217 0.9149000000000002 0.9223000000000001 -0.08690000000000002 0.3766 -0.0337 -0.9888000000000001 -0.1457 9396 - ls60.dat
1 0 -42.99 -189.306 13.962500000000002 -0.25880000000000003 -0.1031 0.9604000000000001 0.9657 -0.051500000000000004 0.2547 -0.0232 -0.9933000000000001 -0.11290000000000001 9396 - ls60.dat
1 0 -41.5005 -189.117 13.861800000000002 -0.1593 -0.0755 0.9843000000000001 0.9872000000000001 -0.0252 0.1578 -0.012900000000000002 -0.9968 -0.07850000000000001 9396 - ls60.dat
1 0 -40 -189.03000000000003 13.8101 -0.0829 -0.044800000000000006 0.9955000000000002 0.9965000000000002 -0.009 0.08260000000000002 -0.0052 -0.999 -0.04540000000000001 9396 - ls60.dat
1 0 -38.4967 -189.12400000000002 13.8324 0.026100000000000005 0 1 1 0 -0.026100000000000005 0 -1 0 9396 - ls60.dat
1 0 -37.0034 -189.288 13.831300000000002 0.0884 -0.0006 0.9961 0.9961 0 -0.0884 0 -1 -0.0006 9396 - ls60.dat
1 0 -35.5293 -189.58300000000003 13.829700000000003 0.17 -0.001 0.9855000000000002 0.9855000000000002 0 -0.17 0 -1 -0.001 9396 - ls60.dat
1 0 -34.0978 -190.052 13.8274 0.2765 -0.0014000000000000002 0.9610000000000001 0.9610000000000001 0.0003 -0.2765 0 -1 -0.0014000000000000002 9396 - ls60.dat
1 0 -32.7559 -190.73800000000003 13.8246 0.41200000000000003 -0.0017000000000000001 0.9112 0.9112 0.0006 -0.41200000000000003 0 -1 -0.0018000000000000002 9396 - ls60.dat
1 0 -31.5683 -191.673 13.8214 0.5706 -0.0018000000000000002 0.8212000000000002 0.8212000000000002 0.0009000000000000001 -0.5706 -0.0003 -1 -0.002 9396 - ls60.dat
1 0 -30.607800000000005 -192.84500000000003 13.818200000000001 0.7283 -0.0017000000000000001 0.6853 0.6853 0.0012 -0.7283 -0.0004 -1 -0.0021000000000000003 9396 - ls60.dat
1 0 -29.9052 -194.18800000000002 13.815400000000002 0.853 -0.0014000000000000002 0.5218 0.5218 0.0014000000000000002 -0.853 -0.0005 -1 -0.0019000000000000002 9396 - ls60.dat
1 0 -29.4375 -195.62600000000003 13.813300000000002 0.9314 -0.0009000000000000001 0.3639 0.3639 0.0013 -0.9314 -0.0004 -1 -0.0015 9396 - ls60.dat
1 0 -29.1555 -197.106 13.811800000000002 0.9727000000000001 -0.0005 0.232 0.232 0.001 -0.9727000000000001 -0.0003 -1 -0.0011000000000000003 9396 - ls60.dat
1 0 -29.0138 -198.603 13.811 0.9917 0 0.1289 0.1289 0.0007000000000000001 -0.9917 0 -1 -0.0007000000000000001 9396 - ls60.dat
1 0 -28.978700000000003 -200.10500000000002 13.8108 0.9988000000000001 0 0.04970000000000001 0.04970000000000001 0.0003 -0.9988000000000001 0 -1 -0.0003 9396 - ls60.dat
1 0 -29.0494 -201.60600000000002 13.810900000000002 1 0 -0.023 -0.023 0 -1 0 -1 0 9396 - ls60.dat
1 0 -29.195200000000003 -203.10200000000003 13.810900000000002 0.9969 0 -0.0786 -0.0786 0 -0.9969 0 -1 0 9396 - ls60.dat
1 0 -29.462200000000003 -204.58200000000002 13.810900000000002 0.9882000000000001 0 -0.1531 -0.1531 0 -0.9882000000000001 0 -1 0 9396 - ls60.dat
1 0 -29.891900000000003 -206.023 13.810900000000002 0.9674 0 -0.2531 -0.2531 0 -0.9674 0 -1 0 9396 - ls60.dat
1 0 -30.5359 -207.38500000000002 13.810900000000002 0.9228000000000001 0 -0.38530000000000003 -0.38530000000000003 0 -0.9228000000000001 0 -1 0 9396 - ls60.dat
1 0 -31.4382 -208.59800000000004 13.810900000000002 0.837 0 -0.5473 -0.5473 0 -0.837 0 -1 0 9396 - ls60.dat
1 0 -32.5965 -209.57700000000003 13.810900000000002 0.6983 0 -0.7158 -0.7158 0 -0.6983 0 -1 0 9396 - ls60.dat
1 0 -33.9431 -210.274 13.810900000000002 0.5234 0 -0.8521000000000001 -0.8521000000000001 0 -0.5234 0 -1 0 9396 - ls60.dat
1 0 -35.3912 -210.71700000000004 13.810900000000002 0.35150000000000003 0 -0.9362000000000001 -0.9362000000000001 0 -0.35150000000000003 0 -1 0 9396 - ls60.dat
1 0 -36.8801 -210.96000000000004 13.810900000000002 0.2091 0 -0.9779 -0.9779 0 -0.2091 0 -1 0 9396 - ls60.dat
1 0 -38.3821 -211.05500000000004 13.810900000000002 0.0999 0 -0.9950000000000001 -0.9950000000000001 0 -0.0999 0 -1 0 9396 - ls60.dat
1 0 -39.8863 -210.96900000000002 13.810900000000002 -0.0181 0 -1 -1 0 0.0181 0 -1 0 9396 - ls60.dat
1 0 -41.3844 -210.856 13.810900000000002 -0.0613 0 -0.9981000000000001 -0.9981000000000001 0 0.0613 0 -1 0 9396 - ls60.dat
1 0 -42.8725 -210.651 13.810900000000002 -0.1176 0 -0.9931000000000001 -0.9931000000000001 0 0.1176 0 -1 0 9396 - ls60.dat
1 0 -44.339000000000006 -210.32700000000003 13.810900000000002 -0.1916 0 -0.9815000000000002 -0.9815000000000002 0 0.1916 0 -1 0 9396 - ls60.dat
1 0 -45.76530000000001 -209.845 13.810900000000002 -0.2886 0 -0.9574 -0.9574 0 0.2886 0 -1 0 9396 - ls60.dat
1 0 -47.1086 -209.164 13.810900000000002 -0.41250000000000003 0 -0.9110000000000001 -0.9110000000000001 0 0.41250000000000003 0 -1 0 9396 - ls60.dat
1 0 -48.3103 -208.25100000000003 13.810900000000002 -0.5599 0 -0.8286 -0.8286 0 0.5599 0 -1 0 9396 - ls60.dat
1 0 -49.3019 -207.106 13.810900000000002 -0.712 0 -0.7022 -0.7022 0 0.712 0 -1 0 9396 - ls60.dat
1 0 -50.041000000000004 -205.783 13.810900000000002 -0.8388000000000001 0 -0.5444 -0.5444 0 0.8388000000000001 0 -1 0 9396 - ls60.dat
1 0 -50.53940000000001 -204.354 13.810900000000002 -0.923 0 -0.38470000000000004 -0.38470000000000004 0 0.923 0 -1 0 9396 - ls60.dat
1 0 -50.84040000000001 -202.876 13.810900000000002 -0.9692000000000001 0 -0.2464 -0.2464 0 0.9692000000000001 0 -1 0 9396 - ls60.dat
1 0 -50.98980000000001 -201.377 13.810900000000002 -0.9907 0 -0.1361 -0.1361 0 0.9907 0 -1 0 9396 - ls60.dat
1 0 -51.02270000000001 -199.87400000000002 13.810900000000002 -0.9987000000000001 0 -0.0504 -0.0504 0 0.9987000000000001 0 -1 0 9396 - ls60.dat
1 0 -50.9396 -198.373 13.780900000000003 -0.9996 0 0.029 0.029 -0.015 0.9995 -0.0004 -1 -0.015 9396 - ls60.dat
1 0 -50.758100000000006 -196.88400000000001 13.693900000000001 -0.9952 0 0.09800000000000002 0.0979 -0.04750000000000001 0.9941 -0.0046 -0.9989000000000001 -0.047200000000000006 9396 - ls60.dat
1 0 -50.4328 -195.423 13.5525 -0.9823 -0.0075 0.18710000000000002 0.18710000000000002 -0.0825 0.9789000000000001 -0.0081 -0.9966000000000002 -0.0825 9396 - ls60.dat
1 0 -49.9241 -194.019 13.355300000000002 -0.9533000000000001 -0.0235 0.30100000000000005 0.3017 -0.1176 0.9461000000000002 -0.0132 -0.9928000000000001 -0.1192 9396 - ls60.dat
1 0 -49.1938 -192.722 13.108000000000002 -0.8965000000000001 -0.04900000000000001 0.4404 0.4426 -0.14690000000000003 0.8846 -0.0214 -0.9879 -0.1534 9396 - ls60.dat
1 0 -48.22410000000001 -191.59500000000003 12.829300000000002 -0.7999 -0.08080000000000001 0.5947 0.5992 -0.16160000000000002 0.7841 -0.0328 -0.9836 -0.1776 9396 - ls60.dat
1 0 -47.0415 -190.693 12.55 -0.6638 -0.10980000000000001 0.7398 0.7467 -0.1537 0.6471 -0.0427 -0.9820000000000001 -0.184 9396 - ls60.dat
1 0 -45.7075 -190.026 12.300500000000001 -0.5086 -0.12470000000000002 0.8519 0.8599000000000001 -0.1248 0.495 -0.0446 -0.9843000000000001 -0.1707 9396 - ls60.dat
1 0 -44.2831 -189.56600000000003 12.098500000000001 -0.36200000000000004 -0.12060000000000001 0.9244000000000001 0.9315000000000001 -0.08620000000000001 0.3535 -0.037000000000000005 -0.989 -0.1435 9396 - ls60.dat
1 0 -42.8125 -189.27000000000004 11.9499 -0.24010000000000004 -0.10090000000000002 0.9655000000000001 0.9704000000000002 -0.0505 0.23610000000000003 -0.0249 -0.9936 -0.1101 9396 - ls60.dat
1 0 -41.3213 -189.1 11.853800000000001 -0.1453 -0.0728 0.9867000000000001 0.9893000000000001 -0.0243 0.1439 -0.013500000000000002 -0.9971000000000001 -0.0755 9396 - ls60.dat
1 0 -39.8201 -189.02600000000004 11.807 -0.073 -0.0417 0.9965000000000002 0.9973 -0.008400000000000001 0.0727 -0.0053 -0.9991 -0.04220000000000001 9396 - ls60.dat
1 0 -38.3173 -189.117 11.8277 0.027100000000000003 0 0.9996 0.9996 0 -0.027100000000000003 0 -1 0 9396 - ls60.dat
1 0 -36.8248 -189.28700000000003 11.8269 0.092 -0.0004 0.9958 0.9958 0 -0.092 0 -1 -0.0004 9396 - ls60.dat
1 0 -35.3529 -189.59500000000003 11.825600000000001 0.177 -0.0008 0.9842000000000001 0.9842000000000001 0 -0.177 0 -1 -0.0008 9396 - ls60.dat
1 0 -33.928 -190.08300000000003 11.8238 0.288 -0.0011000000000000003 0.9576000000000001 0.9576000000000001 0 -0.288 0 -1 -0.0011000000000000003 9396 - ls60.dat
1 0 -32.5989 -190.796 11.8215 0.4282 -0.0014000000000000002 0.9037000000000001 0.9037000000000001 0.0005 -0.4282 0 -1 -0.0014000000000000002 9396 - ls60.dat
1 0 -31.435600000000004 -191.76100000000002 11.819000000000003 0.5899 -0.0015 0.8075 0.8075 0.0007000000000000001 -0.5899 -0.0003 -1 -0.0016 9396 - ls60.dat
1 0 -30.507500000000004 -192.95900000000003 11.816500000000001 0.7462000000000001 -0.0014000000000000002 0.6657000000000001 0.6657000000000001 0.001 -0.7462000000000001 -0.0004 -1 -0.0017000000000000001 9396 - ls60.dat
1 0 -29.837600000000002 -194.319 11.8143 0.8656000000000001 -0.0011000000000000003 0.5007 0.5007 0.0011000000000000003 -0.8656000000000001 -0.0004 -1 -0.0015 9396 - ls60.dat
1 0 -29.3967 -195.76400000000004 11.8126 0.9385 -0.0007000000000000001 0.3453 0.3453 0.001 -0.9385 -0.0003 -1 -0.0012 9396 - ls60.dat
1 0 -29.1343 -197.247 11.811500000000002 0.9761 -0.0004 0.21750000000000003 0.21750000000000003 0.0008 -0.9761 0 -1 -0.0008 9396 - ls60.dat
1 0 -29.0062 -198.745 11.811 0.993 0 0.11840000000000002 0.11840000000000002 0.0005 -0.993 0 -1 -0.0005 9396 - ls60.dat
1 0 -28.980300000000003 -200.248 11.8108 0.9991 0 0.0425 0.0425 0 -0.9991 0 -1 0 9396 - ls60.dat
1 0 -29.049100000000003 -201.74900000000002 11.8109 1 0 -0.0238 -0.0238 0 -1 0 -1 0 9396 - ls60.dat
1 0 -29.2001 -203.24200000000002 11.8109 0.9967000000000001 0 -0.0814 -0.0814 0 -0.9967000000000001 0 -1 0 9396 - ls60.dat
1 0 -29.4768 -204.721 11.8109 0.9873 0 -0.1586 -0.1586 0 -0.9873 0 -1 0 9396 - ls60.dat
1 0 -29.9223 -206.15800000000002 11.8109 0.9650000000000001 0 -0.2623 -0.2623 0 -0.9650000000000001 0 -1 0 9396 - ls60.dat
1 0 -30.588800000000003 -207.51100000000002 11.8109 0.9171000000000001 0 -0.39870000000000005 -0.39870000000000005 0 -0.9171000000000001 0 -1 0 9396 - ls60.dat
1 0 -31.5175 -208.706 11.8109 0.8260000000000001 0 -0.5637000000000001 -0.5637000000000001 0 -0.8260000000000001 0 -1 0 9396 - ls60.dat
1 0 -32.6991 -209.657 11.8109 0.6819 0 -0.7315 -0.7315 0 -0.6819 0 -1 0 9396 - ls60.dat
1 0 -34.0599 -210.32700000000003 11.8109 0.5053 0 -0.863 -0.863 0 -0.5053 0 -1 0 9396 - ls60.dat
1 0 -35.5125 -210.74600000000004 11.8109 0.3358 0 -0.9419 -0.9419 0 -0.3358 0 -1 0 9396 - ls60.dat
1 0 -37.0038 -210.97300000000004 11.8109 0.19710000000000003 0 -0.9804000000000002 -0.9804000000000002 0 -0.19710000000000003 0 -1 0 9396 - ls60.dat
1 0 -38.5069 -211.05800000000002 11.8109 0.0913 0 -0.9958 -0.9958 0 -0.0913 0 -1 0 9396 - ls60.dat
1 0 -40.0093 -210.975 11.8109 -0.0187 0 -1 -1 0 0.0187 0 -1 0 9396 - ls60.dat
1 0 -41.50670000000001 -210.85800000000003 11.8109 -0.0632 0 -0.998 -0.998 0 0.0632 0 -1 0 9396 - ls60.dat
1 0 -42.9937 -210.64700000000002 11.8109 -0.1212 0 -0.9926000000000001 -0.9926000000000001 0 0.1212 0 -1 0 9396 - ls60.dat
1 0 -44.4603 -210.312 11.8109 -0.19740000000000002 0 -0.9803000000000001 -0.9803000000000001 0 0.19740000000000002 0 -1 0 9396 - ls60.dat
1 0 -45.881 -209.81700000000004 11.8109 -0.297 0 -0.9549000000000001 -0.9549000000000001 0 0.297 0 -1 0 9396 - ls60.dat
1 0 -47.2159 -209.118 11.8109 -0.4237000000000001 0 -0.9058 -0.9058 0 0.4237000000000001 0 -1 0 9396 - ls60.dat
1 0 -48.40220000000001 -208.183 11.8109 -0.573 0 -0.8196000000000001 -0.8196000000000001 0 0.573 0 -1 0 9396 - ls60.dat
1 0 -49.3731 -207.02 11.8109 -0.7243 0 -0.6895 -0.6895 0 0.7243 0 -1 0 9396 - ls60.dat
1 0 -50.089800000000004 -205.68600000000004 11.8109 -0.8478000000000001 0 -0.5303 -0.5303 0 0.8478000000000001 0 -1 0 9396 - ls60.dat
1 0 -50.569 -204.25200000000004 11.8109 -0.9283000000000001 0 -0.3719 -0.3719 0 0.9283000000000001 0 -1 0 9396 - ls60.dat
1 0 -50.856300000000005 -202.77100000000002 11.8109 -0.9717 0 -0.23620000000000002 -0.23620000000000002 0 0.9717 0 -1 0 9396 - ls60.dat
1 0 -50.99550000000001 -201.271 11.8109 -0.9917 0 -0.1284 -0.1284 0 0.9917 0 -1 0 9396 - ls60.dat
1 0 -51.0212 -199.767 11.8109 -0.999 0 -0.044800000000000006 -0.044800000000000006 0 0.999 0 -1 0 9396 - ls60.dat
1 0 -50.952 -198.26700000000002 11.7289 -1 0 0.0235 0.0234 -0.041 0.9989000000000001 -0.001 -0.9992000000000001 -0.041 9396 - ls60.dat
1 0 -50.8033 -196.788 11.4903 -0.9968 0 0.0802 0.0795 -0.1299 0.9883 -0.0104 -0.9915000000000002 -0.1295 9396 - ls60.dat
1 0 -50.5351 -195.35700000000003 11.1037 -0.9879 -0.0188 0.15410000000000001 0.1543 -0.22540000000000002 0.9620000000000001 -0.0167 -0.9741 -0.2256 9396 - ls60.dat
1 0 -50.11710000000001 -194.011 10.5699 -0.9672000000000001 -0.058 0.2474 0.2528 -0.3191 0.9134 -0.026 -0.9460000000000001 -0.32320000000000004 9396 - ls60.dat
1 0 -49.522000000000006 -192.79 9.9081 -0.9257 -0.11880000000000002 0.3591 0.37590000000000007 -0.39610000000000006 0.8378000000000001 -0.0427 -0.9105000000000001 -0.4113 9396 - ls60.dat
1 0 -48.735 -191.737 9.162300000000002 -0.8536 -0.1951 0.4831 0.5164 -0.439 0.7352000000000001 -0.0686 -0.877 -0.47550000000000003 9396 - ls60.dat
1 0 -47.75840000000001 -190.87600000000003 8.3919 -0.7455 -0.2718 0.6085 0.6592 -0.43500000000000005 0.6134 -0.0979 -0.8584000000000002 -0.5035 9396 - ls60.dat
1 0 -46.61460000000001 -190.212 7.661600000000001 -0.607 -0.3285 0.7236 0.7859 -0.3832 0.48530000000000006 -0.11790000000000002 -0.8633000000000001 -0.4907 9396 - ls60.dat
1 0 -45.3359 -189.726 7.022300000000001 -0.4551 -0.3474 0.8199000000000001 0.8826 -0.2978 0.3637000000000001 -0.1178 -0.8892 -0.4421 9396 - ls60.dat
1 0 -43.9574 -189.393 6.506500000000001 -0.31210000000000004 -0.3228 0.8935 0.9450000000000001 -0.20180000000000003 0.2572 -0.09730000000000001 -0.9247 -0.368 9396 - ls60.dat
1 0 -42.5134 -189.183 6.1297 -0.19500000000000003 -0.263 0.9449000000000001 0.9786 -0.1169 0.1694 -0.0659 -0.9577000000000001 -0.2802 9396 - ls60.dat
1 0 -41.0295 -189.067 5.8929 -0.10840000000000001 -0.1834 0.9771000000000001 0.9935 -0.05500000000000001 0.0999 -0.0354 -0.9815000000000002 -0.1881 9396 - ls60.dat
1 0 -39.5288 -189.024 5.7899 -0.048100000000000004 -0.09770000000000001 0.9941 0.9988000000000001 -0.0178 0.0466 -0.013100000000000002 -0.9951 -0.09840000000000002 9396 - ls60.dat
1 0 -38.0246 -189.105 5.8384 0.028900000000000002 0 0.9996 0.9996 0 -0.028900000000000002 0 -1 0 9396 - ls60.dat
1 0 -36.53190000000001 -189.28700000000003 5.8371 0.09820000000000001 -0.0008 0.9952 0.9952 0 -0.09820000000000001 0 -1 -0.0007000000000000001 9396 - ls60.dat
1 0 -35.0644 -189.616 5.834800000000001 0.189 -0.0013 0.9820000000000001 0.9820000000000001 0 -0.189 0 -1 -0.0013 9396 - ls60.dat
1 0 -33.6519 -190.137 5.8317 0.3076 -0.0018000000000000002 0.9515000000000001 0.9515000000000001 0.0004 -0.3076 0 -1 -0.0019000000000000002 9396 - ls60.dat
1 0 -32.3463 -190.895 5.8279000000000005 0.456 -0.0023 0.8900000000000001 0.8900000000000001 0.0008 -0.456 -0.0004 -1 -0.0024 9396 - ls60.dat
1 0 -31.2239 -191.91200000000003 5.8236 0.6220000000000001 -0.0025 0.7830000000000001 0.7830000000000001 0.0012 -0.6220000000000001 -0.0006 -1 -0.0027 9396 - ls60.dat
1 0 -30.350300000000004 -193.151 5.8195 0.7747000000000002 -0.0023 0.6323 0.6323 0.0016 -0.7747000000000002 -0.0007000000000000001 -1 -0.0027 9396 - ls60.dat
1 0 -29.733400000000003 -194.53500000000003 5.816 0.8849000000000001 -0.0018000000000000002 0.46580000000000005 0.46580000000000005 0.0018000000000000002 -0.8849000000000001 -0.0007000000000000001 -1 -0.0024 9396 - ls60.dat
1 0 -29.3351 -195.99100000000004 5.8135 0.9489000000000001 -0.0012 0.3156 0.3156 0.0016 -0.9489000000000001 -0.0006 -1 -0.0019000000000000002 9396 - ls60.dat
1 0 -29.103100000000005 -197.478 5.811700000000001 0.9808 -0.0006 0.1948 0.1948 0.0012 -0.9808 -0.0004 -1 -0.0013 9396 - ls60.dat
1 0 -28.9963 -198.97800000000004 5.8109 0.9948000000000001 0 0.1021 0.1021 0.0007000000000000001 -0.9948000000000001 0 -1 -0.0008 9396 - ls60.dat
1 0 -28.984400000000004 -200.48200000000003 5.8107 0.9995 0 0.0314 0.0314 0.0003 -0.9995 0 -1 -0.0003 9396 - ls60.dat
1 0 -29.0504 -201.982 5.8109 1 0 -0.0252 -0.0252 0 -1 0 -1 0 9396 - ls60.dat
1 0 -29.210500000000003 -203.476 5.8109 0.9963 0 -0.0863 -0.0863 0 -0.9963 0 -1 0 9396 - ls60.dat
1 0 -29.503500000000003 -204.949 5.8109 0.9858 0 -0.16810000000000003 -0.16810000000000003 0 -0.9858 0 -1 0 9396 - ls60.dat
1 0 -29.9752 -206.378 5.8109 0.9606000000000001 0 -0.2779 -0.2779 0 -0.9606000000000001 0 -1 0 9396 - ls60.dat
1 0 -30.678800000000003 -207.714 5.8109 0.9071000000000001 0 -0.421 -0.421 0 -0.9071000000000001 0 -1 0 9396 - ls60.dat
1 0 -31.650400000000005 -208.87600000000003 5.8109 0.8069 0 -0.5906 -0.5906 0 -0.8069 0 -1 0 9396 - ls60.dat
1 0 -32.8684 -209.782 5.8109 0.6544 0 -0.7562000000000001 -0.7562000000000001 0 -0.6544 0 -1 0 9396 - ls60.dat
1 0 -34.2503 -210.407 5.8109 0.47580000000000006 0 -0.8796000000000002 -0.8796000000000002 0 -0.47580000000000006 0 -1 0 9396 - ls60.dat
1 0 -35.713 -210.792 5.8109 0.3106 0 -0.9505000000000001 -0.9505000000000001 0 -0.3106 0 -1 0 9396 - ls60.dat
1 0 -37.2058 -210.993 5.8109 0.1783 0 -0.984 -0.984 0 -0.1783 0 -1 0 9396 - ls60.dat
1 0 -38.7094 -211.06 5.8109 0.0779 0 -0.9970000000000001 -0.9970000000000001 0 -0.0779 0 -1 0 9396 - ls60.dat
1 0 -40.212 -210.98200000000003 5.8109 -0.0196 0 -1 -1 0 0.0196 0 -1 0 9396 - ls60.dat
1 0 -41.7081 -210.85900000000004 5.8109 -0.0663 0 -0.9978 -0.9978 0 0.0663 0 -1 0 9396 - ls60.dat
1 0 -43.193200000000004 -210.638 5.8109 -0.12720000000000004 0 -0.9919 -0.9919 0 0.12720000000000004 0 -1 0 9396 - ls60.dat
1 0 -44.6555 -210.287 5.8109 -0.207 0 -0.9783 -0.9783 0 0.207 0 -1 0 9396 - ls60.dat
1 0 -46.0691 -209.768 5.8109 -0.3111 0 -0.9504000000000001 -0.9504000000000001 0 0.3111 0 -1 0 9396 - ls60.dat
1 0 -47.3878 -209.039 5.8109 -0.4423 0 -0.8968 -0.8968 0 0.4423 0 -1 0 9396 - ls60.dat
1 0 -48.54860000000001 -208.07100000000003 5.8109 -0.5943 0 -0.8043 -0.8043 0 0.5943 0 -1 0 9396 - ls60.dat
1 0 -49.4841 -206.88000000000002 5.8109 -0.7438 0 -0.6684 -0.6684 0 0.7438 0 -1 0 9396 - ls60.dat
1 0 -50.165000000000006 -205.52800000000002 5.8109 -0.8617000000000001 0 -0.5073 -0.5073 0 0.8617000000000001 0 -1 0 9396 - ls60.dat
1 0 -50.61540000000001 -204.084 5.8109 -0.9362000000000001 0 -0.35150000000000003 -0.35150000000000003 0 0.9362000000000001 0 -1 0 9396 - ls60.dat
1 0 -50.8804 -202.60000000000002 5.8109 -0.9755000000000001 0 -0.22010000000000002 -0.22010000000000002 0 0.9755000000000001 0 -1 0 9396 - ls60.dat
1 0 -51.003600000000006 -201.099 5.8109 -0.9932000000000001 0 -0.1164 -0.1164 0 0.9932000000000001 0 -1 0 9396 - ls60.dat
1 0 -51.01800000000001 -199.59500000000003 5.8109 -0.9993000000000001 0 -0.03610000000000001 -0.03610000000000001 0 0.9993000000000001 0 -1 0 9396 - ls60.dat
1 0 -50.9388 -198.095 5.780000000000001 -0.9995 0 0.030500000000000003 0.030500000000000003 -0.0154 0.9994000000000001 -0.0005 -1 -0.0154 9396 - ls60.dat
1 0 -50.7474 -196.605 5.690400000000001 -0.9946 0 0.1033 0.10320000000000001 -0.0489 0.9935 -0.0051 -0.9988000000000001 -0.0487 9396 - ls60.dat
1 0 -50.4035 -195.14700000000002 5.5442 -0.9802 -0.0078 0.1977 0.1976 -0.08530000000000001 0.9766000000000001 -0.0093 -0.9963 -0.0852 9396 - ls60.dat
1 0 -49.865700000000004 -193.75600000000003 5.3402 -0.9477000000000001 -0.024400000000000005 0.3183 0.3188 -0.1219 0.9399000000000001 -0.015900000000000004 -0.9922 -0.1233 9396 - ls60.dat
1 0 -49.095200000000006 -192.481 5.0852 -0.8841 -0.05070000000000001 0.4645 0.4665 -0.1521 0.8714 -0.0265 -0.9871000000000001 -0.1582 9396 - ls60.dat
1 0 -48.082300000000004 -191.392 4.8011 -0.7785 -0.0831 0.6221 0.6264000000000001 -0.1662 0.7616 -0.0401 -0.9826000000000001 -0.1815 9396 - ls60.dat
1 0 -46.86430000000001 -190.53700000000003 4.521100000000001 -0.6349 -0.1117 0.7645000000000001 0.771 -0.15630000000000002 0.6174 -0.0505 -0.9814 -0.1854 9396 - ls60.dat
1 0 -45.5069 -189.918 4.2747 -0.4779 -0.1251 0.8695000000000002 0.877 -0.1251 0.464 -0.05070000000000001 -0.9842000000000001 -0.16950000000000004 9396 - ls60.dat
1 0 -44.0717 -189.49700000000004 4.0779 -0.33480000000000004 -0.1192 0.9347 0.9414 -0.08510000000000001 0.3263 -0.0407 -0.9892000000000001 -0.1407 9396 - ls60.dat
1 0 -42.5968 -189.23100000000002 3.9351000000000003 -0.21850000000000003 -0.09820000000000001 0.9709000000000001 0.9755000000000001 -0.049100000000000005 0.21460000000000004 -0.0266 -0.994 -0.10660000000000001 9396 - ls60.dat
1 0 -41.102 -189.082 3.8447000000000005 -0.1292 -0.0693 0.9892000000000001 0.9915000000000002 -0.0231 0.1279 -0.014000000000000002 -0.9973 -0.0717 9396 - ls60.dat
1 0 -39.6015 -189.022 3.8039 -0.06180000000000001 -0.0379 0.9974 0.9981000000000001 -0.007600000000000001 0.0616 -0.0052 -0.9993000000000001 -0.0383 9396 - ls60.dat
1 0 -38.1002 -189.11 3.8228 0.028400000000000005 0 0.9996 0.9996 0 -0.028400000000000005 0 -1 0 9396 - ls60.dat
1 0 -36.6092 -189.289 3.8222 0.0965 -0.0003 0.9953000000000001 0.9953000000000001 0 -0.0965 0 -1 -0.0003 9396 - ls60.dat
1 0 -35.1405 -189.61200000000002 3.8213000000000004 0.1857 -0.0006 0.9826000000000001 0.9826000000000001 0 -0.1857 0 -1 -0.0006 9396 - ls60.dat
1 0 -33.7244 -190.124 3.8199000000000005 0.3022 -0.0008 0.9533000000000001 0.9533000000000001 0 -0.3022 0 -1 -0.0008 9396 - ls60.dat
1 0 -32.4131 -190.869 3.8183 0.44830000000000003 -0.001 0.8939000000000001 0.8939000000000001 0.0003 -0.44830000000000003 0 -1 -0.001 9396 - ls60.dat
1 0 -31.279800000000005 -191.872 3.8164 0.6134 -0.0011000000000000003 0.7898 0.7898 0.0005 -0.6134 0 -1 -0.0012 9396 - ls60.dat
1 0 -30.3906 -193.10100000000003 3.8147 0.7673000000000001 -0.001 0.6413000000000001 0.6413000000000001 0.0007000000000000001 -0.7673000000000001 -0.0003 -1 -0.0012 9396 - ls60.dat
1 0 -29.760000000000005 -194.47900000000004 3.8132000000000006 0.8800000000000001 -0.0008 0.475 0.475 0.0008 -0.8800000000000001 -0.0003 -1 -0.0011000000000000003 9396 - ls60.dat
1 0 -29.350500000000004 -195.933 3.812 0.9463 -0.0005 0.3231 0.3231 0.0007000000000000001 -0.9463 0 -1 -0.0008 9396 - ls60.dat
1 0 -29.1105 -197.421 3.8113 0.9797 -0.0003 0.20040000000000002 0.20040000000000002 0.0005 -0.9797 0 -1 -0.0006 9396 - ls60.dat
1 0 -28.998400000000004 -198.921 3.8109 0.9944 0 0.10610000000000001 0.10610000000000001 0.0003 -0.9944 0 -1 -0.0003 9396 - ls60.dat
1 0 -28.9832 -200.423 3.8108000000000004 0.9994000000000001 0 0.0341 0.0341 0 -0.9994000000000001 0 -1 0 9396 - ls60.dat
1 0 -29.0499 -201.92300000000003 3.8109 1 0 -0.0248 -0.0248 0 -1 0 -1 0 9396 - ls60.dat
1 0 -29.2076 -203.41700000000003 3.8109 0.9964000000000001 0 -0.085 -0.085 0 -0.9964000000000001 0 -1 0 9396 - ls60.dat
1 0 -29.496400000000005 -204.89100000000002 3.8109 0.9862 0 -0.16560000000000002 -0.16560000000000002 0 -0.9862 0 -1 0 9396 - ls60.dat
1 0 -29.961200000000005 -206.322 3.8109 0.9618 0 -0.27380000000000004 -0.27380000000000004 0 -0.9618 0 -1 0 9396 - ls60.dat
1 0 -30.654500000000002 -207.661 3.8109 0.9098 0 -0.4151 -0.4151 0 -0.9098 0 -1 0 9396 - ls60.dat
1 0 -31.6143 -208.83200000000002 3.8109 0.8122000000000001 0 -0.5834 -0.5834 0 -0.8122000000000001 0 -1 0 9396 - ls60.dat
1 0 -32.8221 -209.75 3.8109 0.6618 0 -0.7496000000000002 -0.7496000000000002 0 -0.6618 0 -1 0 9396 - ls60.dat
1 0 -34.1986 -210.38700000000003 3.8109 0.48360000000000003 0 -0.8753 -0.8753 0 -0.48360000000000003 0 -1 0 9396 - ls60.dat
1 0 -35.65820000000001 -210.78000000000003 3.8109 0.3173 0 -0.9483000000000001 -0.9483000000000001 0 -0.3173 0 -1 0 9396 - ls60.dat
1 0 -37.1517 -210.988 3.8109 0.1832 0 -0.9831000000000001 -0.9831000000000001 0 -0.1832 0 -1 0 9396 - ls60.dat
1 0 -38.6553 -211.05900000000003 3.8109 0.0814 0 -0.9967000000000001 -0.9967000000000001 0 -0.0814 0 -1 0 9396 - ls60.dat
1 0 -40.157 -210.98 3.8109 -0.0194 0 -1 -1 0 0.0194 0 -1 0 9396 - ls60.dat
1 0 -41.6543 -210.85900000000004 3.8109 -0.0655 0 -0.9979 -0.9979 0 0.0655 0 -1 0 9396 - ls60.dat
1 0 -43.1409 -210.64 3.8109 -0.1256 0 -0.9921000000000001 -0.9921000000000001 0 0.1256 0 -1 0 9396 - ls60.dat
1 0 -44.6028 -210.29400000000004 3.8109 -0.2044 0 -0.9789000000000001 -0.9789000000000001 0 0.2044 0 -1 0 9396 - ls60.dat
1 0 -46.0175 -209.782 3.8109 -0.3072 0 -0.9516000000000001 -0.9516000000000001 0 0.3072 0 -1 0 9396 - ls60.dat
1 0 -47.3422 -209.06000000000003 3.8109 -0.4373 0 -0.8993000000000001 -0.8993000000000001 0 0.4373 0 -1 0 9396 - ls60.dat
1 0 -48.5098 -208.10200000000003 3.8109 -0.5885 0 -0.8085 -0.8085 0 0.5885 0 -1 0 9396 - ls60.dat
1 0 -49.45430000000001 -206.918 3.8109 -0.7386000000000001 0 -0.6742000000000001 -0.6742000000000001 0 0.7386000000000001 0 -1 0 9396 - ls60.dat
1 0 -50.1454 -205.57100000000003 3.8109 -0.858 0 -0.5136 -0.5136 0 0.858 0 -1 0 9396 - ls60.dat
1 0 -50.602900000000005 -204.131 3.8109 -0.9341 0 -0.35700000000000004 -0.35700000000000004 0 0.9341 0 -1 0 9396 - ls60.dat
1 0 -50.8741 -202.64700000000002 3.8109 -0.9745000000000001 0 -0.2245 -0.2245 0 0.9745000000000001 0 -1 0 9396 - ls60.dat
1 0 -51.0015 -201.14800000000002 3.8109 -0.9928000000000001 0 -0.11980000000000002 -0.11980000000000002 0 0.9928000000000001 0 -1 0 9396 - ls60.dat
1 0 -51.019000000000005 -199.645 3.8109 -0.9993000000000001 0 -0.03860000000000001 -0.03860000000000001 0 0.9993000000000001 0 -1 0 9396 - ls60.dat
1 0 -50.9393 -198.14400000000003 3.7802000000000002 -0.9995 0 0.0302 0.0302 -0.015300000000000001 0.9994000000000001 -0.0005 -1 -0.015300000000000001 9396 - ls60.dat
1 0 -50.749700000000004 -196.656 3.6911000000000005 -0.9948000000000001 0 0.10230000000000002 0.1022 -0.0486 0.9936 -0.005 -0.9988000000000001 -0.048400000000000006 9396 - ls60.dat
1 0 -50.4092 -195.197 3.5458 -0.9806000000000001 -0.0077 0.19570000000000004 0.19570000000000004 -0.0848 0.9770000000000001 -0.0091 -0.9964000000000001 -0.0847 9396 - ls60.dat
1 0 -49.87660000000001 -193.80200000000002 3.3430000000000004 -0.9487000000000001 -0.024200000000000003 0.31510000000000005 0.3157 -0.12110000000000001 0.9411000000000002 -0.0154 -0.9923 -0.1225 9396 - ls60.dat
1 0 -49.11390000000001 -192.524 3.0895000000000006 -0.8865000000000001 -0.0504 0.4600000000000001 0.4620000000000001 -0.1512 0.8739000000000001 -0.025500000000000002 -0.9872000000000001 -0.1573 9396 - ls60.dat
1 0 -48.10940000000001 -191.429 2.8065 -0.7825 -0.0827 0.6171 0.6214 -0.1653 0.7658 -0.0387 -0.9828000000000001 -0.1808 9396 - ls60.dat
1 0 -46.8969 -190.565 2.5264 -0.6402000000000001 -0.11130000000000001 0.7601000000000001 0.7667000000000002 -0.1559 0.6228 -0.049100000000000005 -0.9815000000000002 -0.1851 9396 - ls60.dat
1 0 -45.5432 -189.937 2.2793 -0.4834 -0.125 0.8664 0.8740000000000001 -0.125 0.4696 -0.0496 -0.9842000000000001 -0.1697 9396 - ls60.dat
1 0 -44.11000000000001 -189.50900000000001 2.0816 -0.3396 -0.11950000000000001 0.9329 0.9397 -0.08530000000000001 0.33120000000000005 -0.04 -0.9892000000000001 -0.1412 9396 - ls60.dat
1 0 -42.6361 -189.237 1.9377 -0.2224 -0.0988 0.9699000000000001 0.9746 -0.0494 0.21850000000000003 -0.026300000000000004 -0.9939 -0.1072 9396 - ls60.dat
1 0 -41.14350000000001 -189.085 1.8464000000000003 -0.13220000000000004 -0.07 0.9888000000000001 0.9911000000000001 -0.0233 0.13080000000000003 -0.0139 -0.9973 -0.0725 9396 - ls60.dat
1 0 -39.6422 -189.023 1.8044000000000002 -0.0638 -0.03860000000000001 0.9972000000000001 0.9979 -0.0077 0.0635 -0.0053 -0.9992000000000001 -0.0391 9396 - ls60.dat
1 0 -38.1396 -189.11100000000002 1.8236000000000003 0.0282 0 0.9996 0.9996 0 -0.0282 0 -1 0 9396 - ls60.dat
1 0 -36.6481 -189.288 1.8230000000000002 0.09570000000000001 -0.0003 0.9954000000000001 0.9954000000000001 0 -0.09570000000000001 0 -1 -0.0003 9396 - ls60.dat
1 0 -35.1785 -189.60900000000004 1.8220000000000003 0.18410000000000004 -0.0006 0.9829 0.9829 0 -0.18410000000000004 0 -1 -0.0006 9396 - ls60.dat
1 0 -33.7607 -190.116 1.8206 0.2997 -0.0008 0.954 0.954 0 -0.2997 0 -1 -0.0009000000000000001 9396 - ls60.dat
1 0 -32.4456 -190.856 1.8188000000000002 0.4448 -0.001 0.8956 0.8956 0.0003 -0.4448 0 -1 -0.0011000000000000003 9396 - ls60.dat
1 0 -31.306000000000004 -191.853 1.8169000000000002 0.6093 -0.0011000000000000003 0.7930000000000001 0.7930000000000001 0.0006 -0.6093 0 -1 -0.0013 9396 - ls60.dat
1 0 -30.4107 -193.07600000000002 1.815 0.7635000000000001 -0.0011000000000000003 0.6458000000000002 0.6458000000000002 0.0008 -0.7635000000000001 -0.0003 -1 -0.0013 9396 - ls60.dat
1 0 -29.774 -194.44900000000004 1.8133 0.8774 -0.0008 0.4798 0.4798 0.0008 -0.8774 -0.0003 -1 -0.0011000000000000003 9396 - ls60.dat
1 0 -29.358900000000002 -195.90100000000004 1.8121 0.9449000000000001 -0.0005 0.3272 0.3272 0.0008 -0.9449000000000001 -0.0003 -1 -0.0009000000000000001 9396 - ls60.dat
1 0 -29.1147 -197.389 1.8113000000000001 0.9791 -0.0003 0.20350000000000001 0.20350000000000001 0.0006 -0.9791 0 -1 -0.0006 9396 - ls60.dat
1 0 -29.000000000000004 -198.88800000000003 1.8109 0.9941 0 0.1083 0.1083 0.0004 -0.9941 0 -1 -0.0004 9396 - ls60.dat
1 0 -28.9827 -200.39100000000002 1.8108000000000002 0.9994000000000001 0 0.0356 0.0356 0 -0.9994000000000001 0 -1 0 9396 - ls60.dat
1 0 -29.049700000000005 -201.89300000000003 1.8109 1 0 -0.0247 -0.0247 0 -1 0 -1 0 9396 - ls60.dat
1 0 -29.2062 -203.386 1.8109 0.9964000000000001 0 -0.08440000000000002 -0.08440000000000002 0 -0.9964000000000001 0 -1 0 9396 - ls60.dat
1 0 -29.4928 -204.861 1.8109 0.9864 0 -0.1644 -0.1644 0 -0.9864 0 -1 0 9396 - ls60.dat
1 0 -29.9542 -206.293 1.8109 0.9624 0 -0.2718 -0.2718 0 -0.9624 0 -1 0 9396 - ls60.dat
1 0 -30.6429 -207.635 1.8109 0.9111000000000001 0 -0.41220000000000007 -0.41220000000000007 0 -0.9111000000000001 0 -1 0 9396 - ls60.dat
1 0 -31.597600000000003 -208.81 1.8109 0.8146 0 -0.5801 -0.5801 0 -0.8146 0 -1 0 9396 - ls60.dat
1 0 -32.8014 -209.734 1.8109 0.6653 0 -0.7466 -0.7466 0 -0.6653 0 -1 0 9396 - ls60.dat
1 0 -34.1753 -210.377 1.8109 0.4873 0 -0.8732000000000001 -0.8732000000000001 0 -0.4873 0 -1 0 9396 - ls60.dat
1 0 -35.6336 -210.774 1.8109 0.3204000000000001 0 -0.9473 -0.9473 0 -0.3204000000000001 0 -1 0 9396 - ls60.dat
1 0 -37.1266 -210.98600000000002 1.8109 0.1855 0 -0.9826000000000001 -0.9826000000000001 0 -0.1855 0 -1 0 9396 - ls60.dat
1 0 -38.6302 -211.05900000000003 1.8109 0.083 0 -0.9965000000000002 -0.9965000000000002 0 -0.083 0 -1 0 9396 - ls60.dat
1 0 -40.13280000000001 -211.01300000000003 1.7973 -0.0025 0.0068000000000000005 -1 -1 0 0.0025 0 -1 -0.0068000000000000005 9396 - ls60.dat
1 0 -41.637100000000004 -211.005 1.7768000000000002 -0.0043 0.0119 -1 -1 0 0.0043 0 -1 -0.0119 9396 - ls60.dat
1 0 -43.151 -210.997 1.7548 -0.005 0.0139 -1 -1 0 0.005 0 -1 -0.0139 9396 - ls60.dat
1 0 -44.6563 -210.989 1.7316 -0.0054 0.015 -1 -1 0 0.0054 0 -1 -0.015 9396 - ls60.dat
1 0 -46.157700000000006 -210.98 1.7075 -0.005700000000000001 0.0158 -1 -1 0 0.005700000000000001 0 -1 -0.0158 9396 - ls60.dat
1 0 -47.6766 -210.971 1.6824 -0.005900000000000001 0.0163 -1 -1 0 0.005900000000000001 0 -1 -0.0163 9396 - ls60.dat
1 0 -49.195600000000006 -210.962 1.6567 -0.006100000000000001 0.016800000000000002 -1 -1 0 0.006100000000000001 0 -1 -0.016800000000000002 9396 - ls60.dat
1 0 -50.7041 -210.95200000000003 1.6308 -0.0062 0.0171 -1 -1 0 0.0062 0 -1 -0.0171 9396 - ls60.dat
1 0 -52.2214 -210.94300000000004 1.6043000000000003 -0.0063 0.0174 -1 -1 0 0.0063 0 -1 -0.0174 9396 - ls60.dat
1 0 -53.74230000000001 -210.933 1.5774 -0.0064 0.017600000000000005 -1 -1 0 0.0064 0 -1 -0.017600000000000005 9396 - ls60.dat
1 0 -55.26330000000001 -210.923 1.5502000000000002 -0.0064 0.0178 -1 -1 0 0.0064 0 -1 -0.0178 9396 - ls60.dat
1 0 -56.7816 -210.914 1.5228 -0.0065 0.018 -1 -1 0 0.0065 0 -1 -0.018 9396 - ls60.dat
1 0 -58.295500000000004 -210.90400000000002 1.4953000000000003 -0.0066 0.0181 -1 -1 0 0.0066 0 -1 -0.0181 9396 - ls60.dat
1 0 -59.803700000000006 -210.89300000000003 1.4677000000000002 -0.0066 0.0183 -1 -1 0 0.0066 0 -1 -0.0183 9396 - ls60.dat
1 0 -61.3054 -210.88400000000001 1.4401 -0.0067 0.0184 -1 -1 0 0.0067 0 -1 -0.0184 9396 - ls60.dat
1 0 -62.8229 -210.873 1.412 -0.0067 0.018500000000000003 -1 -1 0 0.0067 0 -1 -0.018500000000000003 9396 - ls60.dat
1 0 -64.3322 -210.863 1.3839 -0.0067 0.0186 -1 -1 0 0.0067 0 -1 -0.0186 9396 - ls60.dat
1 0 -65.8332 -210.85300000000004 1.3559 -0.0068000000000000005 0.0186 -1 -1 0 0.0068000000000000005 0 -1 -0.0186 9396 - ls60.dat
1 0 -67.3476 -210.843 1.3275000000000001 -0.0068000000000000005 0.0187 -1 -1 0 0.0068000000000000005 0 -1 -0.0187 9396 - ls60.dat
1 0 -68.8532 -210.83300000000003 1.2991 -0.0068000000000000005 0.0188 -1 -1 0 0.0068000000000000005 0 -1 -0.0188 9396 - ls60.dat
1 0 -70.3709 -210.822 1.2705 -0.0068000000000000005 0.0189 -1 -1 0 0.0068000000000000005 0 -1 -0.0189 9396 - ls60.dat
1 0 -71.88 -210.812 1.2419 -0.006900000000000001 0.0189 -1 -1 0 0.006900000000000001 0 -1 -0.0189 9396 - ls60.dat
1 0 -73.3808 -210.80100000000002 1.2134 -0.006900000000000001 0.019 -1 -1 0 0.006900000000000001 0 -1 -0.019 9396 - ls60.dat
1 0 -74.8933 -210.791 1.1846 -0.006900000000000001 0.019 -1 -1 0 0.006900000000000001 0 -1 -0.019 9396 - ls60.dat
1 0 -76.398 -210.78100000000003 1.1559 -0.006900000000000001 0.0191 -1 -1 0 0.006900000000000001 0 -1 -0.0191 9396 - ls60.dat
1 0 -77.9144 -210.77 1.1269 -0.006900000000000001 0.0191 -1 -1 0 0.006900000000000001 0 -1 -0.0191 9396 - ls60.dat
1 0 -79.4236 -210.76 1.0979 -0.006900000000000001 0.0192 -1 -1 0 0.006900000000000001 0 -1 -0.0192 9396 - ls60.dat
1 0 -80.9263 -210.749 1.0691000000000002 -0.006900000000000001 0.0192 -1 -1 0 0.006900000000000001 0 -1 -0.0192 9396 - ls60.dat
1 0 -82.4413 -210.73900000000003 1.0399 -0.007000000000000001 0.0192 -1 -1 0 0.007000000000000001 0 -1 -0.0192 9396 - ls60.dat
1 0 -83.95070000000001 -210.728 1.0109 -0.007000000000000001 0.019300000000000005 -1 -1 0 0.007000000000000001 0 -1 -0.019300000000000005 9396 - ls60.dat
1 0 -85.4553 -210.718 0.9818 -0.007000000000000001 0.019300000000000005 -1 -1 0 0.007000000000000001 0 -1 -0.019300000000000005 9396 - ls60.dat
1 0 -86.95590000000001 -210.70700000000002 0.9528000000000001 -0.007000000000000001 0.019300000000000005 -1 -1 0 0.007000000000000001 0 -1 -0.019300000000000005 9396 - ls60.dat
1 0 -88.47 -210.69600000000003 0.9235 -0.007000000000000001 0.019300000000000005 -1 -1 0 0.007000000000000001 0 -1 -0.019300000000000005 9396 - ls60.dat
1 0 -89.98130000000002 -210.68600000000004 0.8943000000000001 -0.007000000000000001 0.0194 -1 -1 0 0.007000000000000001 0 -1 -0.0194 9396 - ls60.dat
1 0 -91.49050000000001 -210.675 0.8650000000000001 -0.007000000000000001 0.0194 -1 -1 0 0.007000000000000001 0 -1 -0.0194 9396 - ls60.dat
1 0 -92.99840000000002 -210.66500000000002 0.8357000000000001 -0.007000000000000001 0.0194 -1 -1 0 0.007000000000000001 0 -1 -0.0194 9396 - ls60.dat
1 0 -94.50580000000001 -210.654 0.8065 -0.007000000000000001 0.0194 -1 -1 0 0.007000000000000001 0 -1 -0.0194 9396 - ls60.dat
1 0 -96.0135 -210.64300000000003 0.7771 -0.007000000000000001 0.0194 -1 -1 0 0.007000000000000001 0 -1 -0.0194 9396 - ls60.dat
1 0 -97.5223 -210.633 0.7478 -0.007000000000000001 0.0194 -1 -1 0 0.007000000000000001 0 -1 -0.0194 9396 - ls60.dat
1 0 -99.03310000000002 -210.62200000000004 0.7184 -0.007000000000000001 0.0195 -1 -1 0 0.007000000000000001 0 -1 -0.0195 9396 - ls60.dat
1 0 -100.547 -210.612 0.6889 -0.007100000000000001 0.0195 -1 -1 0 0.007100000000000001 0 -1 -0.0195 9396 - ls60.dat
1 0 -102.04900000000002 -210.60100000000003 0.6596000000000001 -0.007000000000000001 0.0195 -1 -1 0 0.007000000000000001 0 -1 -0.0195 9396 - ls60.dat
1 0 -103.555 -210.59 0.6302000000000001 -0.007100000000000001 0.0195 -1 -1 0 0.007100000000000001 0 -1 -0.0195 9396 - ls60.dat
1 0 -105.068 -210.58000000000004 0.6007 -0.007100000000000001 0.0195 -1 -1 0 0.007100000000000001 0 -1 -0.0195 9396 - ls60.dat
1 0 -106.571 -210.569 0.5714 -0.007100000000000001 0.0195 -1 -1 0 0.007100000000000001 0 -1 -0.0195 9396 - ls60.dat
1 0 -108.08300000000001 -210.55800000000002 0.5419 -0.007100000000000001 0.0195 -1 -1 0 0.007100000000000001 0 -1 -0.0195 9396 - ls60.dat
1 0 -109.587 -210.548 0.5125 -0.007100000000000001 0.0195 -1 -1 0 0.007100000000000001 0 -1 -0.0195 9396 - ls60.dat
1 0 -111.102 -210.53700000000003 0.4829 -0.007100000000000001 0.0195 -1 -1 0 0.007100000000000001 0 -1 -0.0195 9396 - ls60.dat
1 0 -112.61200000000001 -210.526 0.4534 -0.007100000000000001 0.0195 -1 -1 0 0.007100000000000001 0 -1 -0.0195 9396 - ls60.dat
1 0 -114.11900000000001 -210.51600000000002 0.42390000000000005 -0.007100000000000001 0.0195 -1 -1 0 0.007100000000000001 0 -1 -0.0195 9396 - ls60.dat
1 0 -115.624 -210.505 0.3946 -0.007100000000000001 0.0195 -1 -1 0 0.007100000000000001 0 -1 -0.0195 9396 - ls60.dat
1 0 -117.127 -210.49400000000003 0.3652 -0.007100000000000001 0.0195 -1 -1 0 0.007100000000000001 0 -1 -0.0195 9396 - ls60.dat
1 0 -118.63100000000001 -210.484 0.3358 -0.007100000000000001 0.0195 -1 -1 0 0.007100000000000001 0 -1 -0.0195 9396 - ls60.dat
1 0 -120.135 -210.47300000000004 0.3064 -0.007100000000000001 0.0195 -1 -1 0 0.007100000000000001 0 -1 -0.0195 9396 - ls60.dat
1 0 -121.64200000000001 -210.462 0.277 -0.007100000000000001 0.0195 -1 -1 0 0.007100000000000001 0 -1 -0.0195 9396 - ls60.dat
1 0 -123.15200000000002 -210.452 0.2475 -0.007100000000000001 0.0195 -1 -1 0 0.007100000000000001 0 -1 -0.0195 9396 - ls60.dat
1 0 -124.66700000000002 -210.441 0.21790000000000004 -0.007100000000000001 0.0195 -1 -1 0 0.007100000000000001 0 -1 -0.0195 9396 - ls60.dat
1 0 -126.171 -210.43000000000004 0.18860000000000002 -0.007100000000000001 0.0195 -1 -1 0 0.007100000000000001 0 -1 -0.0195 9396 - ls60.dat
1 0 -127.682 -210.42000000000002 0.15910000000000002 -0.007100000000000001 0.0195 -1 -1 0 0.007100000000000001 0 -1 -0.0195 9396 - ls60.dat
1 0 -129.186 -210.409 0.1298 -0.007100000000000001 0.0195 -1 -1 0 0.007100000000000001 0 -1 -0.0195 9396 - ls60.dat
1 0 -130.698 -210.398 0.1003 -0.007000000000000001 0.0195 -1 -1 0 0.007000000000000001 0 -1 -0.0195 9396 - ls60.dat
1 0 -132.204 -210.38800000000003 0.071 -0.007000000000000001 0.0195 -1 -1 0 0.007100000000000001 0 -1 -0.0195 9396 - ls60.dat
1 0 -133.706 -210.377 0.0418 -0.007000000000000001 0.0195 -1 -1 0 0.007000000000000001 0 -1 -0.0195 9396 - ls60.dat
1 0 -135.219 -210.367 0.012300000000000002 -0.007000000000000001 0.0194 -1 -1 0 0.007000000000000001 0 -1 -0.0194 9396 - ls60.dat
1 0 -136.73 -210.35600000000002 -0.017 -0.007000000000000001 0.0194 -1 -1 0 0.007000000000000001 0 -1 -0.0194 9396 - ls60.dat
1 0 -138.238 -210.34500000000003 -0.04630000000000001 -0.007000000000000001 0.0194 -1 -1 0 0.007000000000000001 0 -1 -0.0194 9396 - ls60.dat
1 0 -139.745 -210.33500000000004 -0.0755 -0.007000000000000001 0.0194 -1 -1 0 0.007000000000000001 0 -1 -0.0194 9396 - ls60.dat
1 0 -141.253 -210.324 -0.1047 -0.007000000000000001 0.0194 -1 -1 0 0.007000000000000001 0 -1 -0.0194 9396 - ls60.dat
1 0 -142.76 -210.31400000000002 -0.1339 -0.007000000000000001 0.0194 -1 -1 0 0.007000000000000001 0 -1 -0.0194 9396 - ls60.dat
1 0 -144.269 -210.303 -0.16310000000000002 -0.007000000000000001 0.019300000000000005 -1 -1 0 0.007000000000000001 0 -1 -0.019300000000000005 9396 - ls60.dat
1 0 -145.779 -210.29200000000003 -0.1922 -0.007000000000000001 0.019300000000000005 -1 -1 0 0.007000000000000001 0 -1 -0.019300000000000005 9396 - ls60.dat
1 0 -147.293 -210.282 -0.22140000000000004 -0.007000000000000001 0.019300000000000005 -1 -1 0 0.007000000000000001 0 -1 -0.019300000000000005 9396 - ls60.dat
1 0 -148.793 -210.272 -0.2503 -0.007000000000000001 0.019300000000000005 -1 -1 0 0.007000000000000001 0 -1 -0.019300000000000005 9396 - ls60.dat
1 0 -150.297 -210.261 -0.2792 -0.007000000000000001 0.0192 -1 -1 0 0.007000000000000001 0 -1 -0.0192 9396 - ls60.dat
1 0 -151.806 -210.25000000000003 -0.3081 -0.007000000000000001 0.0192 -1 -1 0 0.007000000000000001 0 -1 -0.0192 9396 - ls60.dat
1 0 -153.32 -210.24 -0.33710000000000007 -0.006900000000000001 0.0191 -1 -1 0 0.006900000000000001 0 -1 -0.0191 9396 - ls60.dat
1 0 -154.822 -210.23 -0.3658 -0.006900000000000001 0.0191 -1 -1 0 0.006900000000000001 0 -1 -0.0191 9396 - ls60.dat
1 0 -156.33000000000004 -210.21900000000002 -0.3945000000000001 -0.006900000000000001 0.0191 -1 -1 0 0.006900000000000001 0 -1 -0.0191 9396 - ls60.dat
1 0 -157.846 -210.209 -0.42330000000000007 -0.006900000000000001 0.019 -1 -1 0 0.006900000000000001 0 -1 -0.019 9396 - ls60.dat
1 0 -159.35 -210.19900000000004 -0.4518 -0.006900000000000001 0.019 -1 -1 0 0.006900000000000001 0 -1 -0.019 9396 - ls60.dat
1 0 -160.86200000000002 -210.188 -0.4804 -0.006900000000000001 0.0189 -1 -1 0 0.006900000000000001 0 -1 -0.0189 9396 - ls60.dat
1 0 -162.361 -210.178 -0.5086 -0.0068000000000000005 0.0189 -1 -1 0 0.0068000000000000005 0 -1 -0.0189 9396 - ls60.dat
1 0 -163.869 -210.16800000000003 -0.5369 -0.0068000000000000005 0.0188 -1 -1 0 0.0068000000000000005 0 -1 -0.0188 9396 - ls60.dat
1 0 -165.386 -210.15700000000004 -0.5653 -0.0068000000000000005 0.0187 -1 -1 0 0.0068000000000000005 0 -1 -0.0187 9396 - ls60.dat
1 0 -166.89 -210.14700000000002 -0.5933 -0.0068000000000000005 0.0186 -1 -1 0 0.0068000000000000005 0 -1 -0.0186 9396 - ls60.dat
1 0 -168.404 -210.137 -0.6214 -0.0067 0.0186 -1 -1 0 0.0067 0 -1 -0.0186 9396 - ls60.dat
1 0 -169.90300000000002 -210.127 -0.649 -0.0067 0.018500000000000003 -1 -1 0 0.0067 0 -1 -0.018500000000000003 9396 - ls60.dat
1 0 -171.411 -210.11700000000002 -0.6767 -0.0067 0.0184 -1 -1 0 0.0067 0 -1 -0.0184 9396 - ls60.dat
1 0 -172.927 -210.107 -0.7043 -0.0066 0.0182 -1 -1 0 0.0066 0 -1 -0.0182 9396 - ls60.dat
1 0 -174.427 -210.09700000000004 -0.7314 -0.0066 0.0181 -1 -1 0 0.0066 0 -1 -0.0181 9396 - ls60.dat
1 0 -175.934 -210.08800000000002 -0.7584000000000001 -0.0065 0.018 -1 -1 0 0.0065 0 -1 -0.018 9396 - ls60.dat
1 0 -177.44600000000003 -210.07800000000003 -0.7852000000000001 -0.0064 0.0178 -1 -1 0 0.0064 0 -1 -0.0178 9396 - ls60.dat
1 0 -178.962 -210.068 -0.8118000000000001 -0.0064 0.017600000000000005 -1 -1 0 0.0064 0 -1 -0.017600000000000005 9396 - ls60.dat
1 0 -180.48100000000002 -210.059 -0.838 -0.0063 0.0174 -1 -1 0 0.0063 0 -1 -0.0174 9396 - ls60.dat
1 0 -181.999 -210.04900000000004 -0.8638000000000001 -0.0062 0.0171 -1 -1 0 0.0062 0 -1 -0.0171 9396 - ls60.dat
1 0 -183.51300000000003 -210.04000000000002 -0.889 -0.006100000000000001 0.0167 -1 -1 0 0.006100000000000001 0 -1 -0.0167 9396 - ls60.dat
1 0 -185.018 -210.03100000000003 -0.9134 -0.005900000000000001 0.0163 -1 -1 0 0.005900000000000001 0 -1 -0.0163 9396 - ls60.dat
1 0 -186.53400000000002 -210.02300000000002 -0.937 -0.005700000000000001 0.0158 -1 -1 0 0.005700000000000001 0 -1 -0.0158 9396 - ls60.dat
1 0 -188.048 -210.015 -0.9593000000000002 -0.0054 0.015 -1 -1 0 0.0054 0 -1 -0.015 9396 - ls60.dat
1 0 -189.57 -210.007 -0.9798000000000001 -0.005 0.013800000000000002 -1 -1 0 0.005 0 -1 -0.013800000000000002 9396 - ls60.dat
1 0 -191.091 -210.00100000000003 -0.9966000000000002 -0.004200000000000001 0.0117 -1 -1 0 0.004200000000000001 0 -1 -0.0117 9396 - ls60.dat
1 0 -195.99800000000002 -208.112 -1 -1 0 0 0 0 1 0 -1 0 9396 - ls60.dat
1 0 -195.99800000000002 -206.601 -1 -1 0 0 0 0 1 0 -1 0 9396 - ls60.dat
1 0 -195.99800000000002 -205.089 -1 -1 0 0 0 0 1 0 -1 0 9396 - ls60.dat
1 0 -195.99800000000002 -203.587 -1 -1 0 0 0 0 1 0 -1 0 9396 - ls60.dat
1 0 -195.99900000000002 -202.07400000000004 -1 -1 0 0 0 0 1 0 -1 0 9396 - ls60.dat
1 0 -195.99900000000002 -200.572 -1 -1 0 0 0 0 1 0 -1 0 9396 - ls60.dat
1 0 -195.99900000000002 -199.06800000000004 -1 -1 0 0 0 0 1 0 -1 0 9396 - ls60.dat
1 0 -195.99900000000002 -197.567 -1 -1 0 0 0 0 1 0 -1 0 9396 - ls60.dat
1 0 -195.99900000000002 -196.062 -1 -1 0 0 0 0 1 0 -1 0 9396 - ls60.dat
1 0 -195.99900000000002 -194.555 -1 -1 0 0 0 0 1 0 -1 0 9396 - ls60.dat
1 0 -195.99900000000002 -193.04900000000004 -1 -1 0 0 0 0 1 0 -1 0 9396 - ls60.dat
1 0 -195.99900000000002 -191.546 -1 -1 0 0 0 0 1 0 -1 0 9396 - ls60.dat
1 0 -195.99900000000002 -190.04500000000002 -1 -1 0 0 0 0 1 0 -1 0 9396 - ls60.dat
1 0 -195.99900000000002 -188.534 -1 -1 0 0 0 0 1 0 -1 0 9396 - ls60.dat
1 0 -195.99900000000002 -187.028 -1 -1 0 0 0 0 1 0 -1 0 9396 - ls60.dat
1 0 -195.99900000000002 -185.52400000000003 -1 -1 0 0 0 0 1 0 -1 0 9396 - ls60.dat
1 0 -195.99900000000002 -184.022 -1 -1 0 0 0 0 1 0 -1 0 9396 - ls60.dat
1 0 -195.99900000000002 -182.51100000000002 -1 -1 0 0 0 0 1 0 -1 0 9396 - ls60.dat
1 0 -195.99900000000002 -181.001 -1 -1 0 0 0 0 1 0 -1 0 9396 - ls60.dat
1 0 -195.99900000000002 -179.491 -1 -1 0 0 0 0 1 0 -1 0 9396 - ls60.dat
1 0 -195.99900000000002 -177.98100000000002 -1 -1 0 0 0 0 1 0 -1 0 9396 - ls60.dat
1 0 -195.99900000000002 -176.47900000000004 -1 -1 0 0 0 0 1 0 -1 0 9396 - ls60.dat
1 0 -195.99900000000002 -174.974 -1 -1 0 0 0 0 1 0 -1 0 9396 - ls60.dat
1 0 -195.99900000000002 -173.46500000000003 -1 -1 0 0 0 0 1 0 -1 0 9396 - ls60.dat
1 0 -195.99900000000002 -171.96 -1 -1 0 0 0 0 1 0 -1 0 9396 - ls60.dat
1 0 -195.99900000000002 -170.458 -1 -1 0 0 0 0 1 0 -1 0 9396 - ls60.dat
1 0 -195.99900000000002 -168.95800000000003 -1 -1 0 0 0 0 1 0 -1 0 9396 - ls60.dat
1 0 -195.99900000000002 -167.458 -1 -1 0 0 0 0 1 0 -1 0 9396 - ls60.dat
1 0 -195.99900000000002 -165.95600000000002 -1 -1 0 0 0 0 1 0 -1 0 9396 - ls60.dat
1 0 -195.99900000000002 -164.45 -1 -1 0 0 0 0 1 0 -1 0 9396 - ls60.dat
1 0 -195.99900000000002 -162.95 -1 -1 0 0 0 0 1 0 -1 0 9396 - ls60.dat
1 0 -195.99900000000002 -161.443 -1 -1 0 0 0 0 1 0 -1 0 9396 - ls60.dat
1 0 -195.99900000000002 -159.938 -1 -1 0 0 0 0 1 0 -1 0 9396 - ls60.dat
1 0 -195.99900000000002 -158.433 -1 -1 0 0 0 0 1 0 -1 0 9396 - ls60.dat
1 0 -195.99900000000002 -156.926 -1 -1 0 0 0 0 1 0 -1 0 9396 - ls60.dat
1 0 -195.99900000000002 -155.425 -1 -1 0 0 0 0 1 0 -1 0 9396 - ls60.dat
1 0 -195.99900000000002 -153.919 -1 -1 0 0 0 0 1 0 -1 0 9396 - ls60.dat
1 0 -195.99900000000002 -152.416 -1 -1 0 0 0 0 1 0 -1 0 9396 - ls60.dat
1 0 -195.99900000000002 -150.915 -1 -1 0 0 0 0 1 0 -1 0 9396 - ls60.dat
1 0 -195.99900000000002 -149.413 -1 -1 0 0 0 0 1 0 -1 0 9396 - ls60.dat
1 0 -195.99900000000002 -147.91 -1 -1 0 0 0 0 1 0 -1 0 9396 - ls60.dat
1 0 -196 -146.404 -1 -1 0 0 0 0 1 0 -1 0 9396 - ls60.dat
1 0 -196 -144.903 -1 -1 0 0 0 0 1 0 -1 0 9396 - ls60.dat
1 0 -196 -143.396 -1 -1 0 0 0 0 1 0 -1 0 9396 - ls60.dat
1 0 -196 -141.893 -1 -1 0 0 0 0 1 0 -1 0 9396 - ls60.dat
1 0 -196 -140.391 -1 -1 0 0 0 0 1 0 -1 0 9396 - ls60.dat
1 0 -196 -138.89 -1 -1 0 0 0 0 1 0 -1 0 9396 - ls60.dat
1 0 -196 -137.389 -1 -1 0 0 0 0 1 0 -1 0 9396 - ls60.dat
1 0 -196 -135.887 -1 -1 0 0 0 0 1 0 -1 0 9396 - ls60.dat
1 0 -196 -134.384 -1 -1 0 0 0 0 1 0 -1 0 9396 - ls60.dat
1 0 -196 -132.878 -1 -1 0 0 0 0 1 0 -1 0 9396 - ls60.dat
1 0 -196 -131.369 -1 -1 0 0 0 0 1 0 -1 0 9396 - ls60.dat
1 0 -196 -129.869 -1 -1 0 0 0 0 1 0 -1 0 9396 - ls60.dat
1 0 -196 -128.366 -1 -1 0 0 0 0 1 0 -1 0 9396 - ls60.dat
1 0 -196 -126.86 -1 -1 0 0 0 0 1 0 -1 0 9396 - ls60.dat
1 0 -196 -125.35200000000002 -1 -1 0 0 0 0 1 0 -1 0 9396 - ls60.dat
1 0 -196 -123.844 -1 -1 0 0 0 0 1 0 -1 0 9396 - ls60.dat
1 0 -196 -122.337 -1 -1 0 0 0 0 1 0 -1 0 9396 - ls60.dat
1 0 -196 -120.83500000000001 -1 -1 0 0 0 0 1 0 -1 0 9396 - ls60.dat
1 0 -196 -119.33 -1 -1 0 0 0 0 1 0 -1 0 9396 - ls60.dat
1 0 -196 -117.816 -1 -1 0 0 0 0 1 0 -1 0 9396 - ls60.dat
1 0 -196 -116.30700000000002 -1 -1 0 0 0 0 1 0 -1 0 9396 - ls60.dat
1 0 -196 -114.80000000000001 -1 -1 0 0 0 0 1 0 -1 0 9396 - ls60.dat
1 0 -196.1 -113.29700000000001 -1 -0.9987000000000001 0 -0.050100000000000006 -0.050100000000000006 0 0.9987000000000001 0 -1 0 9396 - ls60.dat
1 0 -196.43100000000004 -111.828 -1 -0.984 0 -0.17810000000000004 -0.17810000000000004 0 0.984 0 -1 0 9396 - ls60.dat
1 0 -197.019 -110.436 -1 -0.9411000000000002 0 -0.338 -0.338 0 0.9411000000000002 0 -1 0 9396 - ls60.dat
1 0 -197.77 -109.13 -1 -0.8878000000000001 0 -0.46030000000000004 -0.46030000000000004 0 0.8878000000000001 0 -1 0 9396 - ls60.dat
1 0 -198.44400000000002 -107.79000000000002 -1 -0.8921000000000001 0 -0.4519000000000001 -0.4519000000000001 0 0.8921000000000001 0 -1 0 9396 - ls60.dat
1 0 -198.85900000000004 -106.34100000000001 -1 -0.9474 0 -0.3202 -0.3202 0 0.9474 0 -1 0 9396 - ls60.dat
1 0 -199.022 -104.841 -1 -0.9868 0 -0.1618 -0.1618 0 0.9868 0 -1 0 9396 - ls60.dat
1 0 -198.73400000000004 -103.345 -1 -0.9946 0 0.1035 0.1035 0 0.9946 0 -1 0 9396 - ls60.dat
1 0 -197.764 -102.123 -1 -0.8596000000000001 0 0.5110000000000001 0.5110000000000001 0 0.8596000000000001 0 -1 0 9396 - ls60.dat
1 0 -196.143 -101.85900000000001 -1 -0.34650000000000003 0 0.9381 0.9381 0 0.34650000000000003 0 -1 0 9396 - ls60.dat
1 0 -194.61200000000002 -102.06200000000001 -1 0.014800000000000002 0 1 1 0 -0.014800000000000002 0 -1 0 9396 - ls60.dat
1 0 -193.176 -102.55700000000002 -1 0.2514 0 0.9679 0.9679 0 -0.2514 0 -1 0 9396 - ls60.dat
1 0 -192.789 -104.23200000000001 -1 0.9001000000000001 0 0.4357 0.4357 0 -0.9001000000000001 0 -1 0 9396 - ls60.dat
1 0 -192.93800000000002 -105.78000000000002 -0.9597 0.9994000000000001 0 0.0342 0.0342 -0.020200000000000003 -0.9992000000000001 -0.0007000000000000001 -1 0.0201 9396 - ls60.dat
1 0 -192.795 -107.27200000000002 -0.8556000000000001 0.9968 0 0.0799 0.0797 -0.0573 -0.9952 -0.0046 -0.9984 0.0571 9396 - ls60.dat
1 0 -192.662 -108.75900000000001 -0.7036 0.9961 -0.015300000000000001 0.0866 0.0848 -0.09190000000000001 -0.9921000000000001 -0.0232 -0.9956 0.09030000000000002 9396 - ls60.dat
1 0 -192.635 -110.248 -0.5057 0.9982000000000001 -0.04920000000000001 0.0349 0.028700000000000003 -0.12310000000000001 -0.9920000000000001 -0.05310000000000001 -0.9912 0.1214 9396 - ls60.dat
1 0 -192.93000000000004 -111.71 -0.26660000000000006 0.9850000000000001 -0.10230000000000002 -0.1388 -0.1521 -0.1364 -0.9789000000000001 -0.08120000000000001 -0.9854000000000002 0.1499 9396 - ls60.dat
1 0 -193.994 -112.842 -0.0441 0.8145000000000001 -0.125 -0.5666 -0.5782 -0.0938 -0.8105000000000001 -0.04820000000000001 -0.9877000000000001 0.1486 9396 - ls60.dat
1 0 -195.589 -113.11300000000001 0.0226 0.3385 -0.0655 -0.9387000000000001 -0.9410000000000001 -0.026200000000000005 -0.3375 0.0025 -0.9975 0.0705 9396 - ls60.dat
1 0 -197.10800000000003 -112.99 -0.22850000000000004 0.0229 0.10800000000000001 -0.9939 -1 0 -0.0231 0.0025 -0.9941 -0.10800000000000001 9396 - ls60.dat
1 0 -196.61900000000003 -112.99800000000002 -2.1744 0 1 -0.0039 -1 0 -0.0096 0.0096 -0.0039 -1 9396 - ls60.dat
1 0 -194.618 -112.971 -1.7195000000000003 0.011400000000000002 0.0225 1 -1 0 0.011400000000000002 -0.0003 1 -0.0225 9396 - ls60.dat
1 0 -193.125 -112.894 -1.8679000000000001 0.0407 0.0799 0.9960000000000001 -0.9992000000000001 0 0.0409 -0.0033 0.9968 -0.0798 9396 - ls60.dat
1 0 -191.661 -112.73200000000001 -2.1757 0.0806 0.1793 0.9805000000000001 -0.9943000000000001 -0.05430000000000001 0.0916 -0.06970000000000001 0.9823 -0.1739 9396 - ls60.dat
1 0 -193.988 -112.763 -1.3011 -0.0468 -0.3913 -0.9191 -0.9947 0.1022 0.007200000000000001 -0.0911 -0.9146 0.394 9396 - ls60.dat
1 0 -194.88 -113.29700000000001 -0.1207 0.10000000000000002 -0.731 -0.675 -0.9574 0.11410000000000001 -0.2654 -0.271 -0.6727 0.6885000000000001 9396 - ls60.dat
1 0 -195.67300000000003 -113.77700000000002 1.067 0.0728 -0.8216000000000001 -0.5654000000000001 -0.9434 0.1271 -0.3062 -0.3234 -0.5557 0.7659 9396 - ls60.dat
1 0 -196.33800000000002 -114.289 2.3148 0.0443 -0.8794000000000001 -0.474 -0.9338000000000001 0.13220000000000004 -0.33260000000000006 -0.3552 -0.4573 0.8153 9396 - ls60.dat
1 0 -193.091 -209.99300000000002 -1.02 -0.004200000000000001 0.0117 -1 -1 0 0.004200000000000001 0 -1 -0.0117 9396 - ls60.dat
1 0 -195.09100000000004 -209.98400000000004 -1.0434 -0.004200000000000001 0.0117 -1 -1 0 0.004200000000000001 0 -1 -0.0117 9396 - ls60.dat
1 0 -195.99800000000002 -209.11200000000002 -1 -1 0 0 0 0 1 0 -1 0 9396 - ls60.dat
1 72 0 -200.03500000000003 178.811 0 0 1 1 0 0 0 1 0 32525.dat
1 0 20 -200.03500000000003 188.811 0 0 1 0 1 0 -1 0 0 3673.dat
1 72 80 -200.03500000000003 208.81100000000004 0 0 1 0 1 0 -1 0 0 87083.dat
1 14 10 -200.03500000000003 198.81100000000004 0 0 1 -1 0 0 0 -1 0 43857.dat
1 14 100 -200.03500000000003 198.81100000000004 0 0 -1 -1 0 0 0 1 0 32140.dat
1 72 80 -200.03500000000003 218.81100000000004 1 0 0 0 1 0 0 0 1 6542b.dat
1 19 80 -200.03500000000003 248.81100000000004 1 0 0 0 1 0 0 0 1 6538a.dat
1 19 40 -200.03500000000003 208.81100000000004 0 -0.199473 -0.980524 0 0.980524 -0.199473 1 0 0 3749.dat
1 71 40 -200.03500000000003 218.81100000000004 -0.980524 -0.199473 0 -0.199473 0.980524 0 0 0 -1 94925.dat
1 1 40 -220.03500000000003 188.811 0 0 1 0 1 0 -1 0 0 3749.dat
1 71 40 -220.03500000000003 178.811 1 0 0 0 1 0 0 0 1 3713.dat
1 72 -80 -200.03500000000003 208.81100000000004 0 0 1 0 1 0 -1 0 0 87083.dat
1 72 -80 -200.03500000000003 278.811 -1 0 0 0 1 0 0 0 -1 6542b.dat
1 19 -80 -200.03500000000003 248.81100000000004 1 0 0 0 1 0 0 0 1 6538a.dat
1 71 -80 -200.03500000000003 219.811 0 1 0 -1 0 0 0 0 1 32187.dat
1 4 -80 -200.03500000000003 248.81100000000004 1 0 0 0 1 0 0 0 1 6539.dat
1 4 80 -200.03500000000003 248.81100000000004 1 0 0 0 1 0 0 0 1 6539.dat
1 19 -80 -200.03500000000003 288.811 0 0 1 0 1 0 -1 0 0 99008.dat
1 19 80 -200.03500000000003 288.811 0 0 1 0 1 0 -1 0 0 99008.dat
1 72 80 -200.03500000000003 278.811 -1 0 0 0 1 0 0 0 -1 6542b.dat
1 71 80 -200.03500000000003 298.811 1 0 0 0 1 0 0 0 1 94925.dat
1 71 -80 -200.03500000000003 298.811 -1 0 0 0 1 0 0 0 -1 94925.dat
1 0 0 -200.03500000000003 188.811 0 0 1 0 1 0 -1 0 0 3706.dat
1 71 0 -200.03500000000003 248.81100000000004 1 0 0 0 1 0 0 0 1 59443.dat
1 71 0 -200.03500000000003 298.811 0 0 1 0 1 0 -1 0 0 32073.dat
1 71 0 -200.03500000000003 218.81100000000004 -1 0 0 0 1 0 0 0 -1 94925.dat
1 0 0 -200.03500000000003 158.811 1 0 0 0 1 0 0 0 1 32270.dat
1 0 -40 -200.03500000000003 148.811 0 -0.190909 0.982228 0 0.982228 0.190909 -1 0 0 3707.dat
1 71 -40 -200.03500000000003 228.81100000000004 -0.98163 -0.190909 0 -0.190793 0.982228 0 0 0 -1.00061 59443.dat
1 71 -40 -200.03500000000003 278.82400000000007 0 -0.190909 0.982228 0 0.982228 0.190909 -1 0 0 32073.dat
1 71 -40 -200.03500000000003 198.808 -0.98163 -0.190909 0 -0.190793 0.982228 0 0 0 -1.00061 94925.dat
1 71 -40 -200.03500000000003 258.827 -0.98163 -0.190909 0 -0.190793 0.982228 0 0 0 -1.00061 3713.dat
1 72 -80 -200.03500000000003 198.81100000000004 1 0 0 0 1 0 0 0 1 6542b.dat
1 71 -40 -200.03500000000003 278.811 0 0 1 1 0 0 0 1 0 32526.dat
1 71 40 -200.03500000000003 338.811 0 0 -1 0 1 0 1 0 0 44294.dat
1 71 40 -200.03500000000003 298.811 1 0 0 0 1 0 0 0 1 94925.dat
1 71 40 -160.035 298.811 1 0 0 0 1 0 0 0 1 94925.dat
1 72 -40 -200.03500000000003 298.82400000000007 -1 0 0 0 1 0 0 0 -1 6542b.dat
1 72 0 -200.03500000000003 298.811 -1 0 0 0 1 0 0 0 -1 6542b.dat
1 1 60 -200.03600000000003 328.811 0 0 -1 0 1 0 1 0 0 3749.dat
1 71 60 -160.03600000000003 343.811 0 0 1 -1 0 0 0 -1 0 32056.dat
1 71 60 -160.03600000000003 333.811 0 0 1 -1 0 0 0 -1 0 32056.dat
1 1 60 -160.03600000000003 328.811 0 0 -1 0 1 0 1 0 0 3749.dat
1 0 60 -180.03600000000003 328.811 0 0 -1 0 1 0 1 0 0 3673.dat
1 72 0 -160.035 318.811 0 0 -1 1 0 0 0 -1 0 32525.dat
1 1 -60 -200.03600000000003 328.811 0 0 -1 0 1 0 1 0 0 3749.dat
1 0 -60 -180.03600000000003 328.811 0 0 -1 0 1 0 1 0 0 3673.dat
1 1 -60 -160.035 328.811 0 0 -1 0 1 0 1 0 0 3749.dat
1 71 -60 -160.03600000000003 333.811 0 0 -1 -1 0 0 0 1 0 32056.dat
1 71 -60 -160.03600000000003 343.811 0 0 -1 -1 0 0 0 1 0 32056.dat
1 71 -100 -160.03600000000003 358.811 0 0 1 0 1 0 -1 0 0 32073.dat
1 71 100 -160.03600000000003 358.811 0 0 1 0 1 0 -1 0 0 32073.dat
1 72 0 -160.035 348.811 0 0 1 0 1 0 -1 0 0 87083.dat
1 0 0 -160.035 338.811 1 0 0 0 1 0 0 0 1 32270.dat
1 71 0 -180.03600000000003 318.811 1 0 0 0 1 0 0 0 1 32073.dat
1 71 60 -180.03600000000003 318.811 0 0 1 0 1 0 -1 0 0 32034.dat
1 71 -60 -180.03600000000003 318.811 0 0 1 0 1 0 -1 0 0 32034.dat
1 1 -90 -180.03600000000003 318.811 1 0 0 0 1 0 0 0 1 3749.dat
1 1 90 -180.03600000000003 318.811 -1 0 0 0 1 0 0 0 -1 3749.dat
1 72 0 -200.03500000000003 318.811 0 0 -1 1 0 0 0 -1 0 32525.dat
1 0 -80 -160.03600000000003 348.811 0 0 -1 0 1 0 1 0 0 3673.dat
1 0 80 -160.03600000000003 348.811 0 0 -1 0 1 0 1 0 0 3673.dat
1 0 0 -160.035 358.811 0 0 -1 -1 0 0 0 1 0 40490.dat
1 71 0 -160.035 388.81100000000004 1 0 0 0 1 0 0 0 1 59443.dat
1 0 60 -160.035 368.811 0 0 -1 0 1 0 1 0 0 3673.dat
1 0 -60 -160.035 368.811 0 0 -1 0 1 0 1 0 0 3673.dat
1 0 0 -200.03500000000003 338.811 1 0 0 0 1 0 0 0 1 32269.dat
1 72 0 -200.03500000000003 358.811 0 0 -1 1 0 0 0 -1 0 32525.dat
1 1 100 -200.03500000000003 338.811 0 0 1 0 1 0 -1 0 0 32556.dat
1 1 -100 -200.03500000000003 338.811 0 0 1 0 1 0 -1 0 0 32556.dat
1 71 -80 -200.03500000000003 358.811 0 0 1 0 1 0 -1 0 0 32054.dat
1 71 80 -200.03500000000003 358.811 0 0 1 0 1 0 -1 0 0 32054.dat
1 71 100 -200.03500000000003 338.811 0 1 0 0 0 -1 -1 0 0 32557.dat
1 71 -100 -200.03500000000003 338.811 0 -1 0 0 0 -1 1 0 0 32557.dat
1 1 -80 -200.03500000000003 388.81100000000004 0 0 1 0 1 0 -1 0 0 3749.dat
1 1 80 -200.03500000000003 388.81100000000004 0 0 1 0 1 0 -1 0 0 3749.dat
1 0 0 -200.03500000000003 398.81100000000004 0 0 1 1 0 0 0 1 0 40490.dat
1 0 -20 -200.03500000000003 408.81100000000004 0 0 -1 0 1 0 1 0 0 3673.dat
1 0 20 -200.03500000000003 408.81100000000004 0 0 -1 0 1 0 1 0 0 3673.dat
1 72 0 -200.03500000000003 388.81100000000004 0 0 1 0 1 0 -1 0 0 87083.dat
1 71 100 -100.03500000000001 218.81100000000004 0 -1 0 1 0 0 0 0 1 32034.dat
1 4 100 -100.03500000000001 248.81100000000004 0 -1 0 0 0 -1 1 0 0 32062.dat
1 71 100 -100.03500000000001 278.811 0 -1 0 1 0 0 0 0 1 32034.dat
1 71 100 -100.03500000000001 178.811 0 -1 0 0 0 -1 1 0 0 4519.dat
1 71 100 -100.03500000000001 338.811 0 -1 0 0 0 -1 1 0 0 32073.dat
1 14 100 -100.03500000000001 183.811 1 0 0 0 0 1 0 -1 0 6632.dat
1 14 100 -100.03500000000001 173.811 1 0 0 0 0 1 0 -1 0 6632.dat
1 0 100 -110.03500000000001 218.81100000000004 0 -1 0 1 0 0 0 0 1 3673.dat
1 0 100 -110.03500000000001 278.811 0 -1 0 1 0 0 0 0 1 3673.dat
1 0 129.999 -60.034600000000005 318.811 0.599988 -0.800009 0 0.800009 0.599988 0 0 0 1 3705.dat
1 4 129.999 -60.034600000000005 318.811 0.599988 0.800009 0 0.800009 -0.599988 0 0 0 -1 62462.dat
1 4 159.999 -20.0342 318.811 0 -0.800009 0.599988 0 0.599988 0.800009 -1 0 0 32013.dat
1 14 100 -100.03500000000001 318.811 0 -0.800009 -0.599988 0 0.599988 -0.800009 1 0 0 32013.dat
1 1 159.999 -20.0342 318.811 0 -0.800009 0.599988 0 0.599988 0.800009 -1 0 0 32556.dat
1 71 100 -100.03500000000001 338.811 0 -1 0 1 0 0 0 0 1 3713.dat
1 1 100 -60.035 168.811 0 -1 0 0 0 -1 1 0 0 3749.dat
1 14 100 -120.03500000000001 258.811 1 0 0 0 -1 0 0 0 -1 40490.dat
1 1 -100 -60.035 168.811 0 -1 0 0 0 -1 1 0 0 3749.dat
1 71 -100 -100.03500000000001 218.81100000000004 0 -1 0 1 0 0 0 0 1 32034.dat
1 4 -100 -100.03500000000001 248.81100000000004 0 -1 0 0 0 -1 1 0 0 32062.dat
1 71 -100 -100.03500000000001 278.811 0 -1 0 1 0 0 0 0 1 32034.dat
1 71 -100 -100.03500000000001 178.811 0 -1 0 0 0 -1 1 0 0 4519.dat
1 71 -100 -100.03500000000001 338.811 0 -1 0 0 0 -1 1 0 0 32073.dat
1 14 -100 -100.03500000000001 183.811 1 0 0 0 0 1 0 -1 0 6632.dat
1 14 -100 -100.03500000000001 173.811 1 0 0 0 0 1 0 -1 0 6632.dat
1 0 -100 -110.03500000000001 218.81100000000004 0 -1 0 1 0 0 0 0 1 3673.dat
1 0 -100 -110.03500000000001 278.811 0 -1 0 1 0 0 0 0 1 3673.dat
1 71 -100 -100.03500000000001 338.811 0 -1 0 1 0 0 0 0 1 3713.dat
1 14 -100 -100.03500000000001 318.811 0 -0.80001 0.599987 0 -0.599987 -0.80001 1 0 0 32013.dat
1 0 -129.999 -60.03450000000001 318.811 -0.599987 -0.80001 0 0.80001 -0.599987 0 0 0 1 3705.dat
1 4 -159.999 -20.034100000000002 318.811 0 -0.80001 -0.599987 0 -0.599987 0.80001 -1 0 0 32013.dat
1 1 -159.999 -20.034100000000002 318.811 0 -0.80001 -0.599987 0 -0.599987 0.80001 -1 0 0 32556.dat
1 14 -100 -120.03500000000001 258.811 1 0 0 0 -1 0 0 0 -1 40490.dat
1 4 -129.999 -60.034600000000005 318.811 -0.599987 -0.80001 0 0.800009 -0.599987 0 0 0 1 62462.dat
1 71 100 19.9646 338.811 0 0 -1 0 1 0 1 0 0 32184.dat
1 1 100 -0.0354004 348.811 0 0 1 0 1 0 -1 0 0 3749.dat
1 14 100 -60.03540000000001 358.811 1 0 0 0 0 -1 0 1 0 32525.dat
1 0 100 19.9646 368.811 0 0 -1 0 1 0 1 0 0 3673.dat
1 0 100 -60.03540000000001 368.811 0 0 -1 0 1 0 1 0 0 3673.dat
1 0 100 -80.0354 368.811 0 0 -1 0 1 0 1 0 0 3673.dat
1 4 100 -20.035400000000003 378.811 1 0 0 0 0 -1 0 1 0 32316.dat
1 71 -100 19.9646 338.811 0 0 -1 0 1 0 1 0 0 32184.dat
1 1 -100 -0.0354004 348.811 0 0 1 0 1 0 -1 0 0 3749.dat
1 0 -100 19.9646 368.811 0 0 -1 0 1 0 1 0 0 3673.dat
1 0 -100 -80.0354 368.811 0 0 -1 0 1 0 1 0 0 3673.dat
1 0 -100 -60.03540000000001 368.811 0 0 -1 0 1 0 1 0 0 3673.dat
1 14 -100 -60.03540000000001 358.811 1 0 0 0 0 -1 0 1 0 32525.dat
1 4 -100 -20.035400000000003 378.811 1 0 0 0 0 -1 0 1 0 32316.dat
1 14 -100 -80.036 378.811 1 0 0 0 0 -1 0 1 0 32526.dat
1 14 100 -80.036 378.811 -1 0 0 0 0 -1 0 -1 0 32526.dat
1 0 -10 -0.0354304 398.81100000000004 1 0 0 0 0.906016 -0.42324400000000006 0 0.42324400000000006 0.906016 3706.dat
1 71 50 -0.0354304 398.81100000000004 0 0 -1 -0.42324400000000006 0.906016 0 0.906016 0.42324400000000006 0 59443.dat
1 71 -70 -0.0354304 398.81100000000004 0 0 -1 -0.42324400000000006 0.906016 0 0.906016 0.42324400000000006 0 59443.dat
1 0 90 -0.0354304 398.81100000000004 1 0 0 0 0.906016 -0.42324400000000006 0 0.42324400000000006 0.906016 3705.dat
1 71 80 -0.0354304 398.81100000000004 0 -1 0 0.906016 0 -0.42324400000000006 0.42324400000000006 0 0.906016 33299.dat
1 71 -100 -0.0354304 398.81100000000004 1 0 0 0 0.906016 -0.42324400000000006 0 0.42324400000000006 0.906016 4519.dat
1 4 -100 19.9646 398.81100000000004 0 0 -1 0 -1 0 -1 0 0 42003.dat
1 0 -90 19.9646 398.81100000000004 1 0 0 0 1 0 0 0 1 3673.dat
1 0 90 19.9646 398.81100000000004 -1 0 0 0 1 0 0 0 -1 3673.dat
1 4 100 19.9646 398.81100000000004 0 0 1 0 -1 0 1 0 0 42003.dat
1 71 100 39.9646 398.81100000000004 0 0 -1 0 1 0 1 0 0 44294.dat
1 71 -100 39.9646 398.81100000000004 0 0 -1 0 1 0 1 0 0 44294.dat
1 72 -120 -0.03543 398.81100000000004 0 -1 0 -0.42324400000000006 0 -0.906015 0.906016 0 -0.42324300000000004 32140.dat
1 72 120 -0.0354151 398.81100000000004 0 -1 0 -0.42324400000000006 0 -0.906015 0.906016 0 -0.42324300000000004 32140.dat
1 1 130 -62.861200000000004 391.53700000000003 1 0 0 0 0.906015 -0.42324400000000006 0 0.42324300000000004 0.906016 3749.dat
1 1 -130 -62.861200000000004 391.53700000000003 -1 0 0 0 0.906015 0.42324400000000006 0 0.42324300000000004 -0.906016 3749.dat
1 4 0 39.9646 398.81100000000004 0 0 -1 -1 0 0 0 1 0 40490.dat
1 0 -80 39.9646 408.81100000000004 0 0 -1 0 1 0 1 0 0 3673.dat
1 0 -60 39.9646 408.81100000000004 0 0 -1 0 1 0 1 0 0 3673.dat
1 0 60 39.9646 408.81100000000004 0 0 -1 0 1 0 1 0 0 3673.dat
1 0 80 39.9646 408.81100000000004 0 0 -1 0 1 0 1 0 0 3673.dat
1 4 -80 39.9646 418.81100000000004 0 0 -1 -1 0 0 0 1 0 32523.dat
1 4 80 39.9646 418.81100000000004 0 0 -1 -1 0 0 0 1 0 32523.dat
1 71 20 39.9646 398.81100000000004 0 0 1 0 1 0 -1 0 0 32054.dat
1 71 -20 39.9646 398.81100000000004 0 0 1 0 1 0 -1 0 0 32054.dat
1 4 -120 39.9646 438.81100000000004 0 -1 0 0 0 -1 1 0 0 42003.dat
1 4 120 39.9646 438.81100000000004 0 1 0 0 0 1 1 0 0 42003.dat
1 14 -145 -8.58429 370.342 0 -1 0 0.384659 0 -0.923059 0.923059 0 0.384659 32449.dat
1 19 -130 -36.276 381.881 -1 0 0 0 -0.384659 -0.923059 0 -0.923059 0.384659 3749.dat
1 14 -135 -8.58429 370.342 0 -1 0 0.384659 0 -0.923059 0.923059 0 0.384659 32449.dat
1 19 -150 19.1075 358.802 1 0 0 0 -0.384659 0.923059 0 -0.923059 -0.384659 3749.dat
1 71 -160 19.1075 358.811 0 1 0 -1 0 -0.021427200000000004 -0.021427200000000004 0 1 32316.dat
1 19 160 18.250500000000002 398.793 -1 0 0 0 0.896649 0.44326000000000004 0 0.44326000000000004 -0.896649 32556.dat
1 71 180 18.250500000000002 398.793 0 0 1 0.44326000000000004 0.896649 0 -0.896649 0.44326000000000004 0 42610.dat
1 256 180 18.250500000000002 398.793 0 0 1 0.44326000000000004 0.896649 0 -0.896649 0.44326000000000004 0 51011.dat
1 71 -180 18.2504 398.793 0 0 1 0.021427200000000004 1 0 -1 0.021427200000000004 0 42610.dat
1 256 -180 18.2504 398.793 0 0 1 0.021427200000000004 1 0 -1 0.021427200000000004 0 51011.dat
1 4 -180 19.9646 318.811 1 0 0 0 -1 0 0 0 -1 6536.dat
1 4 -100 39.9646 458.81100000000004 0 0 1 0 -1 0 1 0 0 6536.dat
1 71 -100 19.9646 458.81100000000004 1 0 0 0 -1 0 0 0 -1 32054.dat
1 4 -120 19.9647 438.81100000000004 0 0 -1 0 -1 0 -1 0 0 32526.dat
1 0 -120 29.964700000000004 438.81100000000004 0 0 -1 -1 0 0 0 1 0 3673.dat
1 0 -140 29.964700000000004 438.81100000000004 0 0 -1 -1 0 0 0 1 0 3673.dat
1 0 -200 29.964700000000004 398.81100000000004 0 0 -1 -1 0 0 0 1 0 3673.dat
1 71 -120 19.9647 218.81100000000004 0 0 -1 -1 0 0 0 1 0 4519.dat
1 4 -200 19.9647 218.81100000000004 1 0 0 0 -1 0 0 0 -1 32009.dat
1 1 -180 -0.0354004 318.811 0 0 -1 0 1 0 1 0 0 32556.dat
1 4 -160 -20.035400000000003 298.811 0 1 0 1 0 0 0 0 -1 87086.dat
1 4 -160 -20.035400000000003 338.811 0 1 0 -1 0 0 0 0 1 64683.dat
1 14 -80 -160.03600000000003 418.81100000000004 1 0 0 0 1 0 0 0 1 42003.dat
1 0 -80 -140.036 408.81100000000004 0 0 1 0 1 0 -1 0 0 3673.dat
1 1 -80 -160.03600000000003 398.81100000000004 0 0 1 0 1 0 -1 0 0 32556.dat
1 4 -100 -160.03600000000003 398.81100000000004 -1 0 0 0 -1 0 0 0 1 64392.dat
1 1 -90 -180.03600000000003 418.81100000000004 1 0 0 0 1 0 0 0 1 3749.dat
1 19 130 -36.276 381.881 1 0 0 0 0.384658 -0.923059 0 0.923059 0.384658 3749.dat
1 14 145 -8.58422 370.342 0 1 0 -0.384658 0 -0.923059 -0.923059 0 0.384658 32449.dat
1 14 135 -8.58422 370.342 0 1 0 -0.384658 0 -0.923059 -0.923059 0 0.384658 32449.dat
1 19 150 19.1076 358.802 -1 0 0 0 0.384658 0.923059 0 0.923059 -0.384658 3749.dat
1 71 160 19.1075 358.793 0 -1 0 -1 0 0.0214261 -0.0214261 0 -1 32316.dat
1 71 140 18.250500000000002 398.793 0 0 1 0.44326000000000004 0.896649 0 -0.896649 0.44326000000000004 0 42610.dat
1 256 140 18.250500000000002 398.793 0 0 1 0.44326000000000004 0.896649 0 -0.896649 0.44326000000000004 0 51011.dat
1 4 100 39.9646 458.81100000000004 0 0 1 0 -1 0 1 0 0 6536.dat
1 4 180 19.9646 318.811 1 0 0 0 -1 0 0 0 -1 6536.dat
1 71 100 19.9646 458.81100000000004 -1 0 0 0 -1 0 0 0 1 32054.dat
1 4 120 19.9646 438.81100000000004 0 0 1 0 1 0 -1 0 0 32526.dat
1 0 140 29.964600000000004 438.81100000000004 0 0 1 1 0 0 0 1 0 3673.dat
1 0 120 29.964600000000004 438.81100000000004 0 0 1 1 0 0 0 1 0 3673.dat
1 0 200 29.964600000000004 398.81100000000004 0 0 1 1 0 0 0 1 0 3673.dat
1 71 120 19.9647 218.81100000000004 0 0 1 1 0 0 0 1 0 4519.dat
1 4 200 19.9647 218.81100000000004 -1 0 0 0 1 0 0 0 -1 32009.dat
1 1 180 -0.0354004 318.811 0 0 -1 0 1 0 1 0 0 32556.dat
1 4 160 -20.035400000000003 298.811 0 -1 0 -1 0 0 0 0 -1 87080.dat
1 4 160 -20.035400000000003 338.811 0 -1 0 1 0 0 0 0 1 64391.dat
1 0 0 -160.035 488.81100000000004 0 0 1 0 1 0 -1 0 0 3737.dat
1 71 0 -160.035 588.811 -1 0 0 0 1 0 0 0 -1 59443.dat
1 1 -200 19.9647 358.811 0 0 -1 -1 0 0 0 1 0 32556.dat
1 1 -200 19.9647 278.811 0 0 -1 -1 0 0 0 1 0 32556.dat
1 1 200 19.9647 278.811 0 0 -1 -1 0 0 0 1 0 32556.dat
1 1 200 19.9647 358.811 0 0 -1 -1 0 0 0 1 0 32556.dat
1 0 200 29.964600000000004 298.811 0 0 1 1 0 0 0 1 0 3673.dat
1 0 200 29.964600000000004 318.811 0 0 1 1 0 0 0 1 0 3673.dat
1 0 -200 29.964600000000004 298.811 0 0 1 1 0 0 0 1 0 3673.dat
1 0 -200 29.964600000000004 318.811 0 0 1 1 0 0 0 1 0 3673.dat
1 4 -200 39.96470000000001 358.811 1 0 0 0 1 0 0 0 1 32316.dat
1 4 200 39.96470000000001 358.811 1 0 0 0 1 0 0 0 1 32316.dat
1 4 140 39.96470000000001 298.811 0 0 1 0 1 0 -1 0 0 32140.dat
1 1 140 29.964700000000004 298.811 0 0 -1 1 0 0 0 -1 0 3749.dat
1 4 -140 39.96470000000001 298.811 0 0 -1 0 -1 0 -1 0 0 32140.dat
1 1 -140 29.964700000000004 298.811 0 0 -1 1 0 0 0 -1 0 3749.dat
1 19 -80 19.9646 478.81100000000004 1 0 0 0 1 0 0 0 1 32556.dat
1 1 80 19.9646 478.81100000000004 -1 0 0 0 1 0 0 0 -1 32556.dat
1 71 0 -29.8414 565.525 0 0 1 0.49806000000000006 0.8671430000000001 0 -0.8671430000000001 0.49806000000000006 0 64782.dat
1 0 50 -19.8802 548.183 1 0 0 0 0.8671430000000001 -0.49806000000000006 0 0.49806000000000006 0.8671430000000001 3673.dat
1 0 50 0.0421786 513.497 1 0 0 0 0.8671430000000001 -0.49806000000000006 0 0.49806000000000006 0.8671430000000001 3673.dat
1 0 -50 0.0421786 513.497 1 0 0 0 0.8671430000000001 -0.49806000000000006 0 0.49806000000000006 0.8671430000000001 3673.dat
1 0 -50 -19.8802 548.183 1 0 0 0 0.8671430000000001 -0.49806000000000006 0 0.49806000000000006 0.8671430000000001 3673.dat
1 4 -60 -19.8802 548.183 0 -1 0 -0.8671430000000001 0 0.49806000000000006 -0.49806000000000006 0 -0.8671430000000001 32526.dat
1 4 60 -19.8802 548.183 0 -1 0 -0.8671430000000001 0 0.49806000000000006 -0.49806000000000006 0 -0.8671430000000001 32526.dat
1 4 -60 -180.03600000000003 718.8120000000001 0 1 0 1 0 0 0 0 -1 32526.dat
1 1 -60 -180.03600000000003 638.8120000000001 1 0 0 0 -1 0 0 0 -1 32556.dat
1 1 -60 -180.03600000000003 678.8120000000001 1 0 0 0 -1 0 0 0 -1 32556.dat
1 0 -70 -140.036 638.8120000000001 1 0 0 0 -1 0 0 0 -1 3673.dat
1 4 -80 -40.03710000000001 558.81 0 1 0 -0.800009 0 -0.599989 -0.599989 0 0.800008 6629.dat
1 1 -90 -40.03710000000001 558.81 1 0 0 0 0.800009 -0.599989 0 0.599989 0.800008 3749.dat
1 0 -90 -76.0365 606.81 -1 0 0 0 0.800009 0.599989 0 0.599989 -0.800008 3673.dat
1 4 -100 -28.037 542.81 0 1 0 0.800009 0 0.599989 0.599989 0 -0.800008 40490.dat
1 0 50 -160.03600000000003 638.811 1 0 0 0 1 0 0 0 1 3705.dat
1 71 0 -160.03600000000003 638.811 0 0 -1 0 1 0 1 0 0 32034.dat
1 0 -50 -160.03600000000003 638.8120000000001 1 0 0 0 1 0 0 0 1 3705.dat
1 71 -40 -160.03600000000003 638.8120000000001 0 0 -1 0 1 0 1 0 0 3713.dat
1 71 40 -160.03600000000003 638.811 0 0 -1 0 1 0 1 0 0 3713.dat
1 0 0 -160.03600000000003 688.811 0 0 1 0 1 0 -1 0 0 3737.dat
1 71 0 -160.03600000000003 788.811 -1 0 0 0 1 0 0 0 -1 59443.dat
1 4 -80 -180.03600000000003 558.8120000000001 0 1 0 -1 0 0 0 0 1 41239.dat
1 0 -90 -180.03600000000003 438.81200000000007 1 0 0 0 1 0 0 0 1 3673.dat
1 0 -90 -180.03600000000003 518.8120000000001 1 0 0 0 1 0 0 0 1 3673.dat
1 14 -100 -180.03600000000003 418.81100000000004 0 1 0 -1 0 0 0 0 1 32525.dat
1 71 0 -100.036 678.811 1 0 0 0 1 0 0 0 1 4519.dat
1 71 -40 -100.036 678.811 -1 0 0 0 1 0 0 0 -1 32054.dat
1 71 40 -100.036 678.811 1 0 0 0 1 0 0 0 1 32054.dat
1 4 -40 -100.036 798.811 0 1 0 1 0 0 0 0 -1 41239.dat
1 0 -30 -100.036 918.811 1 0 0 0 1 0 0 0 1 3673.dat
1 4 -20 -100.036 878.811 0 1 0 -1 0 0 0 0 1 32348.dat
1 71 0 -100.036 878.811 1 0 0 0 1 0 0 0 1 32073.dat
1 71 0 -100.036 878.811 0 0 -1 0 1 0 1 0 0 3713.dat
1 1 0 -132.036 962.8110000000001 1 0 0 0 1 0 0 0 1 32556.dat
1 4 -60 -100.036 698.811 0 -1 0 -1 0 0 0 0 -1 32140.dat
1 1 -50 -100.036 698.811 -1 0 0 0 1 0 0 0 -1 3749.dat
1 0 -70 -100.036 638.811 -1 0 0 0 1 0 0 0 -1 3673.dat
1 71 -60 -120.036 638.811 -1 0 0 0 1 0 0 0 -1 32054.dat
1 71 60 -120.036 638.811 1 0 0 0 1 0 0 0 1 32054.dat
1 71 0 -120.036 638.811 1 0 0 0 1 0 0 0 1 32073.dat
1 14 80 -160.03600000000003 418.81100000000004 1 0 0 0 1 0 0 0 1 42003.dat
1 0 80 -140.036 408.81100000000004 0 0 1 0 1 0 -1 0 0 3673.dat
1 1 80 -160.03600000000003 398.81100000000004 0 0 1 0 1 0 -1 0 0 32556.dat
1 1 90 -180.03600000000003 418.81100000000004 -1 0 0 0 1 0 0 0 -1 3749.dat
1 4 100 -160.03600000000003 398.81100000000004 -1 0 0 0 -1 0 0 0 1 64682.dat
1 4 -20 -356.036 1130.81 0 1 0 1 0 0 0 0 -1 6629.dat
1 0 -30 -356.036 1050.81 1 0 0 0 1 0 0 0 1 3673.dat
1 71 0 -308.03600000000006 994.8110000000001 1 0 0 0 0.6 -0.8000000000000002 0 0.8000000000000002 0.6 4519.dat
1 4 0 -276.036 970.811 0 1 0 -0.6 0 -0.8000000000000002 -0.8000000000000002 0 0.6 40490.dat
1 1 0 -340.036 1018.81 -1 0 0 0 0.6 0.7999990000000001 0 0.8000000000000002 -0.6 32556.dat
1 1 0 -212.036 922.8110000000001 -1 0 0 0 0.6 0.7999990000000001 0 0.8000000000000002 -0.6 32556.dat
1 71 0 -260.036 958.811 1 0 0 0 0.6 -0.8000000000000002 0 0.8000000000000002 0.6 4519.dat
1 4 -20 -260.036 958.811 0 -1 0 -0.600002 0 0.7999980000000001 -0.7999980000000001 0 -0.600002 6629.dat
1 0 -30 -180.03600000000003 878.811 1 0 0 0 1 0 0 0 1 3673.dat
1 71 0 -180.03600000000003 838.811 1 0 0 0 1 0 0 0 1 32073.dat
1 0 -10 -356.036 1130.81 1 0 0 0 1 0 0 0 1 3705.dat
1 4 -40 -180.03600000000003 758.811 0 -1 0 1 0 0 0 0 1 41239.dat
1 71 0 -140.036 838.811 1 0 0 0 1 0 0 0 1 4519.dat
1 71 0 -160.03600000000003 838.811 1 0 0 0 1 0 0 0 1 32184.dat
1 71 20 -140.036 838.811 0 1 0 0 0 1 1 0 0 33299.dat
1 71 -20 -140.036 838.811 0 -1 0 0 0 1 -1 0 0 33299.dat
1 71 0 -180.03600000000003 898.811 1 0 0 0 1 0 0 0 1 32073.dat
1 72 -45 -180.03600000000003 938.811 0 1 0 0 0 1 1 0 0 99773.dat
1 72 -35 -180.03600000000003 938.811 0 1 0 0 0 1 1 0 0 99773.dat
1 0 0 -180.03600000000003 898.811 1 0 0 0 1 0 0 0 1 6536.dat
1 71 0 -160.03600000000003 858.811 0 0 -1 0 1 0 1 0 0 44294.dat
1 19 0 -160.03600000000003 911.8110000000001 1 0 0 0 1 0 0 0 1 6589.dat
1 71 0 -192.601 962.039 0 0 -1 -0.8141150000000001 0.580703 0 0.580703 0.8141150000000001 0 4519.dat
1 71 0 -217.024 979.4600000000002 1 0 0 0 0.580703 -0.8141150000000001 0 0.8141150000000001 0.580703 59443.dat
1 0 0 -200.74200000000002 967.847 0 0 1 0.580703 -0.8141150000000001 0 0.8141150000000001 0.580703 0 87408.dat
1 19 0 -182.017 954.4900000000001 -1 0 0 0 0.580703 0.8141150000000001 0 0.8141150000000001 -0.580703 6589.dat
1 71 0 -160.03600000000003 938.811 -1 0 0 0 0.580703 0.8141150000000001 0 0.8141150000000001 -0.580703 32073.dat
1 71 10 -160.03600000000003 938.811 0 0 -1 -0.8141150000000001 0.580703 0 0.580703 0.8141150000000001 0 3713.dat
1 71 -20 -160.03600000000003 938.811 0 0 -1 -0.8141150000000001 0.580703 0 0.580703 0.8141150000000001 0 87407.dat
1 0 0 -275.33000000000004 1021.78 0 0 1 -0.580703 0.8141150000000001 0 -0.8141150000000001 -0.580703 0 87408.dat
1 72 0 -261.49 1011.9 0 0 1 0.8141150000000001 0.580703 0 -0.580703 0.8141150000000001 0 32209.dat
1 0 0 -299.754 1039.2000000000003 -1 0 0 0 0.580703 0.8141150000000001 0 0.8141150000000001 -0.580703 32270.dat
1 4 -40 -356.036 1130.81 0 1 0 1 0 0 0 0 -1 32526.dat
1 0 -50 -336.036 1050.81 1 0 0 0 1 0 0 0 1 3673.dat
1 0 -50 -356.036 1090.81 1 0 0 0 1 0 0 0 1 3673.dat
1 72 30 -316.036 1050.81 -1 0 0 0 0.713277 -0.700936 0 -0.700936 -0.713277 55013.dat
1 19 -17 -316.036 1050.81 0 0 1 -0.700936 0.713277 0 -0.713277 -0.700936 0 6589.dat
1 71 0 -180.03600000000003 978.811 1 0 0 0 1 0 0 0 1 32073.dat
1 71 -20 -180.03600000000003 978.811 0 1 0 -1 0 0 0 0 1 60483.dat
1 1 0 -180.03600000000003 998.811 1 0 0 0 1 0 0 0 1 32556.dat
1 4 0 -243.84500000000003 1047.07 0 -1 0 0.601815 0 -0.798635 0.798635 0 0.601815 32278.dat
1 4 20 -100.036 878.811 0 1 0 -1 0 0 0 0 1 32348.dat
1 0 30 -100.036 918.811 1 0 0 0 1 0 0 0 1 3673.dat
1 71 0 -148.036 974.8110000000001 1 0 0 0 0.7999990000000001 0.600001 0 -0.600001 0.7999990000000001 4519.dat
1 71 20 -180.03600000000003 978.811 0 1 0 -1 0 0 0 0 1 60483.dat
1 4 60 -100.036 698.811 0 -1 0 -1 0 0 0 0 -1 32140.dat
1 1 50 -100.036 698.811 1 0 0 0 1 0 0 0 1 3749.dat
1 0 70 -100.036 638.811 -1 0 0 0 1 0 0 0 -1 3673.dat
1 4 40 -100.036 798.811 0 1 0 1 0 0 0 0 -1 41239.dat
1 4 20 -356.036 1130.81 0 1 0 1 0 0 0 0 -1 6629.dat
1 0 30 -356.036 1030.81 1 0 0 0 1 0 0 0 1 3673.dat
1 0 30 -356.036 1070.81 1 0 0 0 1 0 0 0 1 3673.dat
1 0 40 -316.036 1050.81 0 1 0 0 0 -1 -1 0 0 60484.dat
1 71 60 -316.036 1050.81 0 0 -1 0 1 0 1 0 0 42610.dat
1 4 -60 -356.036 1090.81 0 0 -1 -1 0 0 0 1 0 64681.dat
1 71 100 -316.036 1050.81 0 0 -1 0.707107 0.707107 0 0.707107 -0.707107 0 32039.dat
1 71 120 -316.036 1050.81 0 -1 0 -0.707107 0 0.707107 -0.707107 0 -0.707107 32073.dat
1 71 100 -330.178 1036.67 0 0 -1 0.707107 0.707107 0 0.707107 -0.707107 0 32039.dat
1 71 100 -301.894 1064.95 0 0 -1 0.707107 0.707107 0 0.707107 -0.707107 0 32039.dat
1 1 90 -301.895 1064.95 1 0 0 0 0.707107 0.707107 0 -0.707107 0.707107 3749.dat
1 1 90 -330.179 1036.67 1 0 0 0 0.707107 0.707107 0 -0.707107 0.707107 3749.dat
1 0 80 -316.037 1050.81 0 0 -1 0.707107 0.707107 0 0.707107 -0.707107 0 32498.dat
1 71 100 -301.895 1036.67 0 0 -1 -0.707107 0.707107 0 0.707107 0.707107 0 32039.dat
1 4 90 -301.895 1036.67 1 0 0 0 0.707107 -0.707107 0 0.707107 0.707107 32062.dat
1 4 90 -330.179 1064.95 1 0 0 0 0.707107 -0.707107 0 0.707107 0.707107 32062.dat
1 71 100 -330.179 1064.95 0 0 -1 -0.707107 0.707107 0 0.707107 0.707107 0 32039.dat
1 4 120 -337.25 1072.02 0 -1 0 -0.707107 0 -0.707107 0.707107 0 -0.707107 32062.dat
1 4 120 -294.824 1029.6 0 -1 0 -0.707107 0 -0.707107 0.707107 0 -0.707107 32062.dat
1 4 20 -260.036 958.811 0 -1 0 -0.600002 0 0.7999980000000001 -0.7999980000000001 0 -0.600002 6629.dat
1 0 30 -180.03600000000003 878.811 1 0 0 0 1 0 0 0 1 3673.dat
1 72 35 -180.03600000000003 938.811 0 1 0 0 0 1 1 0 0 99773.dat
1 72 45 -180.03600000000003 938.811 0 1 0 0 0 1 1 0 0 99773.dat
1 71 -40 -180.03600000000003 718.811 -1 0 0 0 1 0 0 0 -1 32054.dat
1 71 0 -180.03600000000003 718.811 1 0 0 0 1 0 0 0 1 4519.dat
1 71 40 -180.03600000000003 718.811 1 0 0 0 1 0 0 0 1 32054.dat
1 4 40 -180.03600000000003 758.811 0 -1 0 1 0 0 0 0 1 41239.dat
1 1 60 -180.03600000000003 638.811 1 0 0 0 1 0 0 0 1 32556.dat
1 1 60 -180.03600000000003 678.811 1 0 0 0 1 0 0 0 1 32556.dat
1 4 60 -180.03600000000003 718.811 0 1 0 1 0 0 0 0 -1 32526.dat
1 0 70 -140.036 638.811 -1 0 0 0 1 0 0 0 -1 3673.dat
1 4 80 -40.03710000000001 558.81 0 1 0 -0.800009 0 -0.599989 -0.599989 0 0.800008 6629.dat
1 0 90 -76.0365 606.81 1 0 0 0 -0.800009 0.599989 0 -0.599989 -0.800008 3673.dat
1 1 90 -40.03710000000001 558.81 -1 0 0 0 -0.800009 -0.599989 0 -0.599989 0.800008 3749.dat
1 4 100 -28.0377 542.809 0 -1 0 -0.800009 0 0.599989 -0.599989 0 -0.800008 40490.dat
1 71 -60 -234.39700000000002 444.55100000000004 -1 0 0 0 -0.9748790000000002 0.22273600000000002 0 0.22273700000000002 0.9748790000000002 32054.dat
1 71 60 -234.39700000000002 444.55100000000004 1 0 0 0 -0.9748790000000002 -0.22273600000000002 0 0.22273700000000002 -0.9748790000000002 32054.dat
1 0 -60 -243.30600000000004 405.556 0 -1 0 0.9748790000000002 0 0.22273600000000002 -0.22273700000000002 0 0.9748790000000002 32271.dat
1 0 60 -243.30600000000004 405.556 0 -1 0 0.9748790000000002 0 0.22273600000000002 -0.22273700000000002 0 0.9748790000000002 32271.dat
1 71 0 -234.39700000000002 444.55100000000004 1 0 0 0 -0.9748790000000002 -0.22273600000000002 0 0.22273700000000002 -0.9748790000000002 32073.dat
1 1 70 -243.30600000000004 405.556 -1 0 0 0 -0.9748790000000002 0.22273600000000002 0 0.22273700000000002 0.9748790000000002 3749.dat
1 1 -70 -243.30600000000004 405.556 1 0 0 0 -0.9748790000000002 -0.22273600000000002 0 0.22273700000000002 -0.9748790000000002 3749.dat
1 1 -70 -180.03600000000003 538.8120000000001 1 0 0 0 -0.40673700000000007 -0.913545 0 0.913545 -0.40673700000000007 3749.dat
1 1 70 -180.03600000000003 538.811 -1 0 0 0 -0.40673700000000007 0.913545 0 0.913545 0.40673700000000007 3749.dat
1 0 80 -247.761 386.058 0 -1 0 0.9748790000000002 0 0.22273600000000002 -0.22273700000000002 0 0.9748790000000002 32524.dat
1 0 -80 -247.761 386.058 0 -1 0 0.9748790000000002 0 0.22273600000000002 -0.22273700000000002 0 0.9748790000000002 32524.dat
1 71 80 -261.125 327.56500000000005 1 0 0 0 -0.9748790000000002 -0.22273600000000002 0 0.22273700000000002 -0.9748790000000002 32054.dat
1 71 -80 -261.125 327.566 -1 0 0 0 -0.9748790000000002 0.22273600000000002 0 0.22273700000000002 0.9748790000000002 32054.dat
1 4 80 -180.03600000000003 558.811 0 -1 0 1 0 0 0 0 1 41239.dat
1 0 90 -180.03600000000003 518.811 -1 0 0 0 -1 0 0 0 1 3673.dat
1 0 90 -180.03600000000003 438.81100000000004 -1 0 0 0 -1 0 0 0 1 3673.dat
1 14 100 -180.03600000000003 418.81100000000004 0 -1 0 1 0 0 0 0 1 32525.dat
1 14 120 -180.035 228.81100000000004 1 0 0 0 1 0 0 0 1 41239.dat
1 0 120 -190.035 128.811 0 -1 0 1 0 0 0 0 1 3673.dat
1 0 120 -190.035 348.811 0 -1 0 1 0 0 0 0 1 3673.dat
1 1 120 -200.03500000000003 308.811 0 -1 0 -1 0 0 0 0 -1 32556.dat
1 1 120 -200.03500000000003 268.811 0 -1 0 -1 0 0 0 0 -1 32556.dat
1 1 120 -190.035 248.81100000000004 0 -1 0 -1 0 0 0 0 -1 3749.dat
1 1 120 -190.035 228.81100000000004 0 -1 0 -1 0 0 0 0 -1 3749.dat
1 14 120 -200.03500000000003 288.811 -1 0 0 0 1 0 0 0 -1 32523.dat
1 71 120 -200.03500000000003 228.81100000000004 -1 0 0 0 0 1 0 1 0 3713.dat
1 14 -120 -180.03600000000003 228.81100000000004 1 0 0 0 1 0 0 0 1 41239.dat
1 0 -120 -190.03600000000003 348.811 0 -1 0 1 0 0 0 0 1 3673.dat
1 1 -120 -200.03600000000003 308.811 0 -1 0 -1 0 0 0 0 -1 32556.dat
1 1 -120 -200.03600000000003 268.811 0 -1 0 -1 0 0 0 0 -1 32556.dat
1 0 -120 -190.03600000000003 128.811 0 -1 0 1 0 0 0 0 1 3673.dat
1 14 -120 -200.03600000000003 288.811 -1 0 0 0 1 0 0 0 -1 32523.dat
1 1 -120 -190.03600000000003 248.81100000000004 0 -1 0 -1 0 0 0 0 -1 3749.dat
1 1 -120 -190.03600000000003 228.81100000000004 0 -1 0 -1 0 0 0 0 -1 3749.dat
1 71 -120 -200.03600000000003 228.81100000000004 -1 0 0 0 0 1 0 1 0 3713.dat
1 1 -120 -200.03500000000003 328.811 0 -1 0 1 0 0 0 0 1 32556.dat
1 1 -120 -200.03500000000003 108.81100000000002 0 -1 0 1 0 0 0 0 1 32556.dat
1 1 120 -200.03500000000003 108.81100000000002 0 -1 0 1 0 0 0 0 1 32556.dat
1 1 120 -200.03500000000003 328.811 0 -1 0 1 0 0 0 0 1 32556.dat
1 0 177 -200.03500000000003 248.81100000000004 0 -1 0 1 0 0 0 0 1 6553.dat
1 4 140 -200.03500000000003 248.81100000000004 0 0 1 -1 0 0 0 -1 0 6641.dat
1 4 -140 -200.03600000000003 248.81100000000004 0 0 -1 -1 0 0 0 1 0 6641.dat
1 0 -177 -200.03600000000003 248.81100000000004 0 1 0 1 0 0 0 0 -1 6553.dat
1 14 -120 -220.03600000000003 288.811 1 0 0 0 1 0 0 0 1 32316.dat
1 14 120 -220.03500000000003 288.811 1 0 0 0 1 0 0 0 1 32316.dat
1 71 0 -240.74600000000004 -30.262 1 0 0 0 0.9563080000000002 -0.29236 0 0.29236 0.9563080000000002 4519.dat
1 71 -40 -240.74600000000004 -30.262 -1 0 0 0 0.9563080000000002 0.29236 0 0.29236 -0.9563080000000002 32054.dat
1 71 40 -240.74600000000004 -30.262 1 0 0 0 0.9563080000000002 -0.29236 0 0.29236 0.9563080000000002 32054.dat
1 14 -40 -223.20400000000004 -87.6405 0 -1 0 -0.9563080000000002 0 0.29236 -0.29236 0 -0.9563080000000002 32524.dat
1 0 -50 -229.05100000000002 -68.5143 1 0 0 0 0.9563080000000002 -0.29236 0 0.29236 0.9563080000000002 3673.dat
1 0 -30 -211.51 -125.89300000000001 1 0 0 0 0.9563080000000002 -0.29236 0 0.29236 0.9563080000000002 3673.dat
1 0 -30 -205.663 -145.019 1 0 0 0 0.9563080000000002 -0.29236 0 0.29236 0.9563080000000002 3673.dat
1 14 -20 -205.663 -145.019 0 -1 0 -0.9563080000000002 0 0.29236 -0.29236 0 -0.9563080000000002 32523.dat
1 14 40 -223.20400000000004 -87.6405 0 1 0 0.9563080000000002 0 0.29236 0.29236 0 -0.9563080000000002 32524.dat
1 0 50 -229.05100000000002 -68.5143 -1 0 0 0 -0.9563080000000002 -0.29236 0 -0.29236 0.9563080000000002 3673.dat
1 14 20 -205.663 -145.019 0 1 0 0.9563080000000002 0 0.29236 0.29236 0 -0.9563080000000002 32523.dat
1 0 30 -205.663 -145.019 -1 0 0 0 -0.9563080000000002 -0.29236 0 -0.29236 0.9563080000000002 3673.dat
1 0 30 -211.51 -125.89300000000001 -1 0 0 0 -0.9563080000000002 -0.29236 0 -0.29236 0.9563080000000002 3673.dat
1 71 -80 -220.03500000000003 38.8109 1 0 0 0 -0.9563080000000002 0.29236 0 -0.29236 -0.9563080000000002 63869.dat
1 0 -100 -236.23800000000003 23.400600000000004 0 0 -1 -0.29236 0.9563080000000002 0 0.9563080000000002 0.29236 0 3673.dat
1 0 -60 -236.23800000000003 23.400600000000004 0 0 -1 -0.29236 0.9563080000000002 0 0.9563080000000002 0.29236 0 3673.dat
1 14 -60 -252.44 7.99034 0 1 0 0.9563080000000002 0 0.29236 0.29236 0 -0.9563080000000002 64391.dat
1 0 100 -236.23800000000003 23.400600000000004 0 0 -1 -0.29236 0.9563080000000002 0 0.9563080000000002 0.29236 0 3673.dat
1 71 80 -220.03500000000003 38.8109 1 0 0 0 -0.9563080000000002 0.29236 0 -0.29236 -0.9563080000000002 63869.dat
1 0 60 -236.23800000000003 23.400600000000004 0 0 -1 -0.29236 0.9563080000000002 0 0.9563080000000002 0.29236 0 3673.dat
1 14 60 -252.44 7.99034 0 -1 0 -0.9563080000000002 0 0.29236 -0.29236 0 -0.9563080000000002 64683.dat
1 28 80 -220.03500000000003 38.8109 1 0 0 0 -0.9563080000000002 0.29236 0 -0.29236 -0.9563080000000002 6587.dat
1 28 -80 -220.03500000000003 38.8109 -1 0 0 0 -0.9563080000000002 -0.29236 0 -0.29236 0.9563080000000002 6587.dat
1 0 140 -240.03500000000003 308.811 0 -1 0 1 0 0 0 0 1 32016.dat
1 71 140 -240.03500000000003 228.81100000000004 0 0 1 0 -1 0 1 0 0 44294.dat
1 71 140 -240.03500000000003 268.811 1 0 0 0 -1 0 0 0 -1 3713.dat
1 71 155.307 -240.03500000000003 345.7660000000001 0.38268 0 0.9238800000000001 0 -1 0 0.9238800000000001 0 -0.38268 4519.dat
1 0 140 -240.03500000000003 248.81100000000004 0 -1 0 0 0 -1 1 0 0 6536.dat
1 0 120 -230.03500000000003 248.81100000000004 0 -1 0 1 0 0 0 0 1 3673.dat
1 0 140 -230.03500000000003 308.811 0 -1 0 1 0 0 0 0 1 3673.dat
1 14 120 -260.035 228.81100000000004 0 -1 0 1 0 0 0 0 1 64391.dat
1 0 160 -240.03500000000003 218.81100000000004 0 0 -1 0 -1 0 -1 0 0 3673.dat
1 0 110 -260.035 268.811 -1 0 0 0 -1 0 0 0 1 3673.dat
1 0 110 -260.035 308.811 -1 0 0 0 -1 0 0 0 1 3673.dat
1 14 100 -260.035 288.811 0 -1 0 1 0 0 0 0 1 32524.dat
1 14 160 -220.03500000000003 248.81100000000004 -1 0 0 0 -1 0 0 0 1 32140.dat
1 1 160 -230.03500000000003 248.81100000000004 0 -1 0 1 0 0 0 0 1 3749.dat
1 72 140 -240.03500000000003 208.81100000000004 0 -1 0 1 0 0 0 0 1 60208.dat
1 71 140 -240.03500000000003 188.811 0 0 -1 -1 0 0 0 1 0 60483.dat
1 1 120 -240.03500000000003 188.811 0 0 1 0 -1 0 1 0 0 32556.dat
1 0 159.134 -240.03500000000003 355.005 0.9238800000000001 0 -0.382681 0 -1 0 -0.382681 0 -0.9238800000000001 55982.dat
1 0 140 -240.03500000000003 168.811 0 0 -1 1 0 0 0 -1 0 60484.dat
1 0 100 -220.03500000000003 158.811 0 0 -1 0 -1 0 -1 0 0 3673.dat
1 0 100 -260.035 158.811 0 0 -1 0 -1 0 -1 0 0 3673.dat
1 14 120 -220.03500000000003 148.811 -1 0 0 0 1 0 0 0 -1 64391.dat
1 0 -120 -230.03600000000003 248.81100000000004 0 1 0 -1 0 0 0 0 1 3673.dat
1 0 -140 -240.03600000000003 308.811 0 1 0 -1 0 0 0 0 1 32016.dat
1 71 -140 -240.03600000000003 228.81100000000004 0 0 -1 0 1 0 1 0 0 44294.dat
1 71 -140 -240.03600000000003 268.811 -1 0 0 0 1 0 0 0 -1 3713.dat
1 71 -155.307 -240.03600000000003 345.7660000000001 -0.38268 0 -0.9238800000000001 0 1 0 0.9238800000000001 0 -0.38268 4519.dat
1 0 -140 -240.03600000000003 248.81100000000004 0 1 0 0 0 1 1 0 0 6536.dat
1 0 -140 -230.03600000000003 308.811 0 1 0 -1 0 0 0 0 1 3673.dat
1 71 -140 -240.03600000000003 188.811 0 0 1 1 0 0 0 1 0 60483.dat
1 1 -120 -240.03600000000003 188.811 0 0 -1 0 1 0 1 0 0 32556.dat
1 0 -159.134 -240.03600000000003 355.005 -0.9238800000000001 0 0.382681 0 1 0 -0.382681 0 -0.9238800000000001 55982.dat
1 0 -110 -260.036 308.811 1 0 0 0 -1 0 0 0 -1 3673.dat
1 0 -110 -260.036 268.811 1 0 0 0 -1 0 0 0 -1 3673.dat
1 0 -160 -240.03600000000003 218.81100000000004 0 0 -1 0 -1 0 -1 0 0 3673.dat
1 72 -140 -240.03600000000003 208.81100000000004 0 -1 0 1 0 0 0 0 1 60208.dat
1 0 -140 -240.03600000000003 168.811 0 0 1 -1 0 0 0 -1 0 60484.dat
1 1 -160 -230.03600000000003 248.81100000000004 0 -1 0 1 0 0 0 0 1 3749.dat
1 14 -160 -220.03600000000003 248.81100000000004 1 0 0 0 1 0 0 0 1 32140.dat
1 14 -100 -260.036 288.811 0 1 0 1 0 0 0 0 -1 32524.dat
1 0 -100 -260.036 158.811 0 0 1 0 1 0 -1 0 0 3673.dat
1 0 -100 -220.03600000000003 158.811 0 0 1 0 1 0 -1 0 0 3673.dat
1 14 -120 -260.036 228.81100000000004 0 1 0 -1 0 0 0 0 1 64683.dat
1 14 -120 -220.03500000000003 148.811 -1 0 0 0 1 0 0 0 -1 64683.dat
1 71 0 -360.035 38.8109 0 1 0 -1 0 0 0 0 1 32054.dat
1 71 0 -360.035 198.81100000000004 0 1 0 -1 0 0 0 0 1 32054.dat
1 71 80 -360.035 118.81100000000002 0 1 0 -1 0 0 0 0 1 32054.dat
1 0 100 -370.035 118.81100000000002 0 1 0 -1 0 0 0 0 1 3673.dat
1 0 0 -370.035 18.8109 0 1 0 -1 0 0 0 0 1 3673.dat
1 0 -100 -370.035 118.81100000000002 0 1 0 -1 0 0 0 0 1 3673.dat
1 0 0 -370.035 218.81100000000004 0 1 0 -1 0 0 0 0 1 3673.dat
1 71 -80 -360.035 118.81100000000002 0 1 0 -1 0 0 0 0 1 32054.dat
1 72 120 -358.4630000000001 1093.2400000000002 0 0 1 -0.707107 0.707107 0 -0.707107 -0.707107 0 99012.dat
1 72 120 -273.61 1008.39 0 0 1 0.707107 -0.707107 0 0.707107 0.707107 0 99012.dat
1 72 120 -358.46200000000005 1008.3800000000001 0 0 1 0.707107 0.707107 0 -0.707107 0.707107 0 99012.dat
1 72 120 -273.61 1093.2400000000002 0 0 1 -0.707106 -0.707107 0 0.707107 -0.707106 0 99012.dat
1 72 0 -360.035 18.811 1 0 0 0 0 -1 0 1 0 99013p01.dat
1 72 -100 -360.035 118.81100000000002 0 1 0 0 0 -1 -1 0 0 99013p01.dat
1 72 0 -360.035 218.81100000000004 -1 0 0 0 0 -1 0 -1 0 99013p01.dat
1 72 100 -360.035 118.81100000000002 0 -1 0 0 0 -1 1 0 0 99013p01.dat
