1 72 -20 -218.167 287.808 0 1 0 -0.012 0 1 1 0 0.012 60484.dat
1 1 0 -178.167 288.288 1 0 0 0 0.012 1 0 -1 0.012 6558.dat
1 1 0 -218.167 287.808 1 0 0 0 0.012 1 0 -1 0.012 6558.dat
1 71 0 -198.167 288.048 1 0 0 0 -1 0.012 0 -0.012 -1 48989.dat
1 15 0 -238.347 302.568 -1 0 0 0 -0.012 1 0 1 0.012 32065.dat
1 0 0 -228.467 312.688 -1 0 0 0 -0.012 1 0 1 0.012 32063.dat
1 72 20 -218.167 287.808 0 1 0 -0.012 0 1 1 0 0.012 60484.dat
1 0 30 -198.167 288.048 1 0 0 0 0.012 1 0 -1 0.012 2780.dat
1 0 0 -258.527 317.328 0 -1 0 0.012 0 1 -1 0 0.012 2780.dat
1 1 0 -238.407 307.568 0 -1 0 0.012 0 1 -1 0 0.012 6558.dat
1 71 0 -298.407 306.848 0 1 0 -0.012 0 1 1 0 0.012 32054.dat
1 1 0 -298.047 276.848 0 1 0 -0.012 0 1 1 0 0.012 43093.dat
1 14 0 -298.467 311.848 0 0 1 -1 0.012 0 -0.012 -1 0 32017.dat
1 72 0 -258.647 327.328 1 0 0 0 -0.012 -1 0 1 -0.012 60484.dat
1 0 -20 -298.767 336.848 0 -1 0 0.012 0 1 -1 0 0.012 2780.dat
1 0 20 -298.767 336.848 0 -1 0 0.012 0 1 -1 0 0.012 2780.dat
1 71 0 -258.16700000000003 287.328 0 0 -1 0.012 -1 0 -1 -0.012 0 48989.dat
1 14 15 -278.16700000000003 287.08799999999997 0 1 0 -0.012 0 1 1 0 0.012 32017.dat
1 14 -15 -278.16700000000003 287.08799999999997 0 1 0 -0.012 0 1 1 0 0.012 32017.dat
1 72 50 -258.16700000000003 287.328 -1 0 0 0 -0.31443600000000005 0.9493640000000001 0 0.9493640000000001 0.31443600000000005 87083.dat
1 72 -50 -258.16700000000003 287.328 1 0 0 0 -0.310636 0.950864 0 -0.950864 -0.310636 87083.dat
1 71 0 -197.927 268.048 0 -1 0 0.012 0 1 -1 0 0.012 44294.dat
1 71 0 -201.59536400000002 317.4581 -1 0 0 0 -1 -0.012 0 -0.012 1 58120.dat
1 72 -86 -175.047 28.28800000000001 0 1 0 -1 0 -0.012 -0.012 0 1 58124c01.dat
1 0 -0.10844300000000001 -177.45094203999997 438.25085300000006 0.00038500000000000003 0.12206300000000002 -0.999536 0.7067147360000001 -2.8336316320000003 -0.02128646 -0.707600524 -2.8300201480000005 -0.021803540000000003 u9190.dat
1 0 -0.36552 -175.38351426800003 440.21496035200005 0.004337 0.327721 -0.9966390000000002 0.691508764 -2.885735308 -0.05610891600000001 -0.7224541080000001 -2.760162244 -0.059688804000000005 u9190.dat
1 0 -0.877133 -173.26561098399998 442.07578245200006 0.016821 0.6401080000000001 -0.987011 0.668279724 -2.9493320880000002 -0.10777686000000002 -0.743815892 -2.6353423240000002 -0.11915529200000002 u9190.dat
1 0 -1.6530730000000002 -171.116924172 443.803910796 0.042575 1.026117 -0.9657070000000001 0.640459748 -3.00056288 -0.170396812 -0.766905008 -2.448864156 -0.19592167600000002 u9190.dat
1 0 -2.700552 -169.14781272400003 445.17478010800005 0.087447 1.485172 -0.9246260000000001 0.6107742039999999 -3.017958492 -0.24424522 -0.787052084 -2.176982728 -0.292287604 u9190.dat
1 0 -4.284204000000001 -167.04983171199999 446.332867996 0.16596300000000003 2.076003 -0.8390180000000002 0.582747892 -2.9566121680000004 -0.34050046 -0.795613584 -1.732459676 -0.42444152799999996 u9190.dat
1 0 -6.32405 -165.13809584799998 446.99307858 0.282562 2.754299 -0.668979 0.5779728439999999 -2.7190155240000005 -0.453316956 -0.7656625640000001 -1.035895636 -0.5891108399999999 u9190.dat
1 0 -8.745922 -163.57082558399998 447.02611587200005 0.384989 3.2709160000000006 -0.43038400000000004 0.619066028 -2.301048552 -0.535748916 -0.684589844 -0.24109732 -0.726539668 u9190.dat
1 0 -11.329169 -162.419135552 446.4912711560001 0.432629 3.572 -0.133867 0.701337616 -1.70725504 -0.571558828 -0.566634744 0.614524368 -0.809655292 u9190.dat
1 0 -13.701049000000001 -161.66218642 445.6597225120001 0.421773 3.6238780000000004 0.062756 0.7660681920000001 -1.275894884 -0.55844684 -0.48514435600000005 1.136262064 -0.827249504 u9190.dat
1 0 -16.249563000000002 -161.109867596 444.460274688 0.3850100000000001 3.579941 0.23090600000000003 0.8214145080000002 -0.87204376 -0.5272999079999999 -0.42091404800000004 1.573243496 -0.817785432 u9190.dat
1 0 -18.732601 -160.744668884 443.079481636 0.342172 3.49081 0.351755 0.8602531960000002 -0.5601877040000001 -0.490466272 -0.378165896 1.8846920720000002 -0.7973935560000001 u9190.dat
1 0 -21.141563000000005 -160.54511908799998 441.541921512 0.303343 3.3955690000000005 0.435497 0.886589712 -0.3343725920000001 -0.45512300800000005 -0.34938876 2.100006464 -0.7767385240000001 u9190.dat
1 0 -23.490199 -160.451491396 439.90666844000003 0.268336 3.3020800000000006 0.498679 0.9058069200000001 -0.158530628 -0.4220087960000001 -0.32808912 2.263392788 -0.757189396 u9190.dat
1 0 -25.566897 -160.468528432 438.31923846800004 0.236197 3.2093330000000004 0.550019 0.9205926160000001 -0.012758488000000007 -0.39069615199999996 -0.311217288 2.3983162280000005 -0.738197964 u9190.dat
1 0 -27.791078000000002 -160.552826208 436.51786568000006 0.209491 3.131768 0.587423 0.9316105120000001 0.092383524 -0.362923636 -0.29724108 2.497090972 -0.723405612 u9190.dat
1 0 -29.952358 -160.709416264 434.6463054040001 0.181741 3.0392020000000004 0.6257080000000002 0.941124564 0.20203317999999998 -0.33449321200000004 -0.285296208 2.6027837960000006 -0.7047638119999999 u9190.dat
1 0 -31.883888000000002 -160.89330875200002 432.8959710000001 0.16106400000000004 2.97815 0.6492200000000001 0.9481759280000001 0.265151824 -0.31100995600000003 -0.27415700000000004 2.666913344 -0.694168528 u9190.dat
1 0 -33.949449 -161.14071338399998 430.92885534800007 0.140083 2.9079500000000005 0.673459 0.954335456 0.33037777599999996 -0.28738195600000005 -0.26412565200000004 2.7362099200000003 -0.681133156 u9190.dat
1 0 -35.964621 -161.427655908 428.915499652 0.11981900000000001 2.832115 0.6970900000000001 0.959580872 0.39196856 -0.264150908 -0.254929392 2.806727056 -0.666606332 u9190.dat
1 0 -37.929828 -161.748412732 426.858256924 0.10212800000000001 2.766342 0.716101 0.963969388 0.43775744800000005 -0.24283473200000003 -0.24591844000000002 2.864960828 -0.654446824 u9190.dat
1 0 -39.851659 -162.09414398399997 424.76457830000004 0.08555100000000002 2.6999940000000002 0.7338310000000001 0.9677355599999999 0.4776327320000001 -0.22230534800000004 -0.23730301199999998 2.9213403799999997 -0.6419807120000001 u9190.dat
1 0 -41.562637 -162.43096304000002 422.818594872 0.070544 2.639733 0.748931 0.970982304 0.5083074 -0.20307858 -0.228824836 2.9708265480000002 -0.6308124159999999 u9190.dat
1 0 -43.391585 -162.818451684 420.650270484 0.056325 2.5753240000000006 0.7639560000000001 0.9738090720000001 0.5356428799999999 -0.18429331999999998 -0.22060373600000002 3.0221219120000002 -0.6184402440000001 u9190.dat
1 0 -45.169923 -163.221952984 418.443136384 0.042843000000000006 2.5004740000000005 0.780151 0.9762847720000001 0.56077854 -0.16559098800000002 -0.21254787200000003 3.079876812 -0.603324672 u9190.dat
1 0 -46.896892 -163.637302496 416.197705612 0.030830000000000003 2.433275 0.793836 0.9784725120000002 0.5772715240000001 -0.14823937199999998 -0.204415452 3.130249952 -0.58983254 u9190.dat
1 0 -48.573865000000005 -164.06045170400003 413.916234068 0.019734 2.358626 0.808098 0.9804146600000001 0.590193288 -0.13126252400000005 -0.19631998400000003 3.184515804 -0.574280608 u9190.dat
1 0 -50.052361000000005 -164.451307464 411.797469416 0.009721 2.286436 0.8211020000000001 0.982150796 0.597424604 -0.115270812 -0.188225988 3.2354168960000007 -0.559062544 u9190.dat
1 0 -51.61382400000001 -164.880678396 409.43638876 0.0007900000000000001 2.205102 0.8349020000000001 0.9837478080000001 0.60023148 -0.09969628000000001 -0.179956636 3.2908855600000004 -0.541334124 u9190.dat
1 0 -53.102873 -165.306776712 407.028372612 -0.006579 2.100299 0.8515460000000001 0.9853309640000001 0.596855492 -0.08410166000000002 -0.170949344 3.3593539120000004 -0.517528588 u9190.dat
1 0 -54.51298100000001 -165.724240608 404.57166805200006 -0.012756 1.9983020000000002 0.866635 0.9868293240000001 0.5867171440000001 -0.06975994799999999 -0.16171003599999997 3.4227704 -0.4940791360000001 u9190.dat
1 0 -55.831794 -166.126643552 402.062390628 -0.016822 1.866348 0.8847070000000001 0.9884659 0.566362544 -0.05564162 -0.150986856 3.499837276 -0.46284924400000005 u9190.dat
1 0 -56.945999 -166.47499412 399.724338392 -0.02008 1.7418460000000002 0.900318 0.9899761000000001 0.54097038 -0.043125496 -0.1403172 3.56738934 -0.433121792 u9190.dat
1 0 -58.02647100000001 -166.82090402 397.09488448400003 -0.019887 1.557246 0.9211530000000001 0.991925532 0.49528176000000007 -0.030748956000000004 -0.125827724 3.6582392360000004 -0.3880118 u9190.dat
1 0 -58.951608 -167.120579744 394.40162812000005 -0.017171 1.330394 0.943099 0.994109152 0.429711752 -0.019665948000000003 -0.10768391199999999 3.754800412 -0.331954752 u9190.dat
1 0 -59.58907 -167.32622748799997 391.874108792 -0.012274 1.052054 0.964828 0.9964211840000001 0.33950707199999997 -0.010387604 -0.084488832 3.8511219800000003 -0.262695456 u9190.dat
1 0 -59.99519200000001 -167.44676674800002 389.03960942000003 -0.0050750000000000005 0.663437 0.986181 0.9987917680000001 0.20225288800000002 -0.0033369559999999994 -0.05033747200000001 3.946170852 -0.16565088800000002 u9190.dat
1 0 -60.020824 -167.422930856 386.17324171200005 0.000043 0.120879 0.999545 1.000071608 -0.0014694080000000054 -0.00003197199999999996 0.0003651840000000011 4.0048429840000015 -0.030173728000000004 u9190.dat
1 0 -60.000004000000004 -167.07892454 358.1746449760001 0 0.00022600000000000002 1 1.000000036 -0.35107846800000003 9.6e-8 0.011997 29.263790044000004 -0.000008 u9190.dat
1 0 -60 -166.741391616 330.047068 0 0 1 1 -0.35116546800000004 0 0.012 29.263789 0 u9190.dat
1 0 -60 -166.40386067999998 301.91949 0 0 1 1 -0.35116546800000004 0 0.012 29.263789 0 u9190.dat
1 0 -60 -166.06632974399997 273.791912 0 0 1 1 -0.35116546800000004 0 0.012 29.263789 0 u9190.dat
1 0 -60 -165.72879881999998 245.66433500000002 0 0 1 1 -0.35116546800000004 0 0.012 29.263789 0 u9190.dat
1 0 -60 -165.62787162 237.25373500000003 0 0 1 1 -0.11542964400000001 0 0.012 9.619137 0 u9190.dat
1 0 -60 -165.75378180799999 234.586939332 0 0 1 0.9994335560000001 0.143136208 0 -0.035726667999999996 4.004109896 0 u9190.dat
1 0 -60 -166.31035945600001 231.773410272 0 0 1 0.986627952 0.6547714520000001 0 -0.1634317 3.9528042480000005 0 u9190.dat
1 0 -60 -167.37410407599998 229.10964864800005 0 0 1 0.939128904 1.3772867080000002 0 -0.343773572 3.762507784 0 u9190.dat
1 0 -60 -168.97161360799998 227.01739105200002 0 0 1 0.831360096 2.226997448 0 -0.555863148 3.33074568 0 u9190.dat
1 0 -60 -171.28391318400003 225.289946736 0 0 1 0.64986202 3.045435852 0 -0.7601472240000001 2.603593832 0 u9190.dat
1 0 -60 -173.916586552 224.1390575 0 0 1 0.4367234320000001 3.6044418160000005 0 -0.8996756080000001 1.749680992 0 u9190.dat
1 0 -60 -176.44460914799998 223.44900924400005 0 0 1 0.30066729999999997 3.821303232 0 -0.95380484 1.204586472 0 u9190.dat
1 0 -60 -179.25682348799998 222.899633432 0 0 1 0.213283784 3.914488128 0 -0.97706364 0.854496124 0 u9190.dat
1 0 -60 -182.076766596 222.40498676800001 0 0 1 0.178273612 3.9424941000000002 0 -0.984053708 0.714230952 0 u9190.dat
1 0 -60 -184.88001348 221.82317588000004 0 0 1 0.198357304 3.927065468 0 -0.9802031840000002 0.79469342 0 u9190.dat
1 0 -60 -187.62629189999998 221.01089333200002 0 0 1 0.272257124 3.8553357880000005 0 -0.962298936 1.090765416 0 u9190.dat
1 0 -60 -189.99006067599998 219.8830178 0 0 1 0.3983127 3.6751643960000004 0 -0.917328012 1.595792384 0 u9190.dat
1 0 -60 -192.212221068 218.053708332 0 0 1 0.592896392 3.2266112679999996 0 -0.8053682240000002 2.375366764 0 u9190.dat
1 0 -60 -193.86339182 215.70020427999998 0 0 1 0.792878076 2.441879208 0 -0.609497588 3.1765716920000004 0 u9190.dat
1 0 -60 -194.80878527200002 212.97458976000001 0 0 1 0.92262868 1.5459631600000001 0 -0.38587560800000004 3.6964010920000003 0 u9190.dat
1 0 -60 -195.227723964 210.134295276 0 0 1 0.98389792 0.717666708 0 -0.179130716 3.9418693080000007 0 u9190.dat
1 0 -60 -195.315994472 207.51806850000003 0 0 1 0.9979946080000002 0.258086912 0 -0.064419064 3.998346276 0 u9190.dat
1 0 -60.051477000000006 -195.398582996 204.65779276000004 -0.000346 0.057949 0.9998950000000001 0.9994298280000001 0.143562488 -0.000172432 -0.03583272800000001 4.0036749480000005 -0.014468152 u9190.dat
1 0 -60.183729 -195.75864429600003 201.81958900400005 -0.007286000000000001 0.16793600000000003 0.999095 0.9935910800000002 0.45529037999999994 0.002478 -0.11343495600000002 3.9771703279999997 -0.042476384000000006 u9190.dat
1 0 -60.33803300000001 -196.18430529999998 199.245528196 -0.015371 0.22215800000000002 0.998343 0.988346084 0.611161308 0.006743664000000001 -0.15192042800000002 3.9535431080000007 -0.057149316000000006 u9190.dat
1 0 -60.527936000000004 -196.706981092 196.436918608 -0.022943000000000005 0.2572380000000001 0.997673 0.98427226 0.707945996 0.011263524 -0.175570712 3.9352277200000003 -0.06725154000000001 u9190.dat
1 0 -60.962005000000005 -197.89176862800002 190.752512768 -0.030675000000000004 0.502896 0.9968 0.9794264920000001 1.373357192 0.015212836000000002 -0.19981834400000004 6.654420012000001 -0.078481772 u9190.dat
1 0 -61.665194 -199.776277932 182.560164384 -0.04497500000000001 0.7963520000000001 0.9955520000000001 0.9747638599999999 2.136369916 0.025566784 -0.218991048 9.34573534 -0.0906883 u9190.dat
1 0 -62.949111 -203.09744605199998 169.011875432 -0.066833 1.390256 0.993581 0.970740792 3.601531992 0.043575944000000005 -0.23095204000000003 14.735667792000001 -0.104404196 u9190.dat
1 0 -65.455156 -209.12375516 144.719581548 -0.107344 2.631094 0.989236 0.9675867120000001 6.337200476 0.08091565600000002 -0.228899588 25.554091716000006 -0.12193470800000002 u9190.dat
1 0 -66.033998 -210.41455039200002 139.354757812 -0.20108 0.7069920000000001 0.974062 0.9569862080000001 1.590489356 0.172683672 -0.20948198 6.58716854 -0.146255152 u9190.dat
1 0 -67.821324 -214.17686806000003 123.063909956 -0.22858700000000004 1.9160730000000001 0.967711 0.9537601720000001 4.041812564000001 0.20069599200000005 -0.195515676 17.47621398 -0.152529956 u9190.dat
1 0 -69.049329 -216.504909356 112.11775946399999 -0.32393 1.353417 0.9397900000000001 0.932018816 2.581879996 0.297168416 -0.16290884000000003 12.079634316 -0.1688268 u9190.dat
1 0 -69.688581 -217.62352122 106.48084845599999 -0.403033 0.752367 0.908498 0.9052346080000001 1.3256517799999998 0.377931824 -0.135042192 6.640546632 -0.178393156 u9190.dat
1 0 -70.630542 -219.148072648 98.23773863600003 -0.44991000000000003 1.073474 0.886074 0.885930284 1.746632844 0.426967908 -0.11324367199999999 9.398822811999999 -0.18056212 u9190.dat
1 0 -71.573363 -220.491770848 90.06203944800001 -0.526369 1.086657 0.8427180000000001 0.8465678840000002 1.564150712 0.506976408 -0.07976113200000001 9.429398744 -0.181227252 u9190.dat
1 0 -72.216283 -221.285615984 84.52639566000002 -0.609074 0.777308 0.7848640000000001 0.7919111600000001 0.975874608 0.593719364 -0.044684868 6.698039188 -0.177598964 u9190.dat
1 0 -72.87514200000001 -221.98854044400002 78.88210412000001 -0.6683 0.783408 0.73495 0.743773136 0.8485139400000001 0.6568354279999999 -0.016006312 6.714652472 -0.168762408 u9190.dat
1 0 -73.510107 -222.53553654400002 73.47068697999998 -0.728351 0.789455 0.6753340000000001 0.685097224 0.695767948 0.7213568720000001 0.014620088000000002 6.731488208 -0.153773104 u9190.dat
1 0 -74.149665 -222.93547786800002 68.04688446 -0.7864950000000002 0.7949800000000001 0.606473 0.6160022200000002 0.5227191200000001 0.78409038 0.04496243600000001 6.746483080000001 -0.132226308 u9190.dat
1 0 -74.474344 -223.07274108800001 65.30327751600001 -0.8386280000000002 0.469851 0.53193 0.5402621919999999 0.21666867199999998 0.839842288 0.069726252 3.9731156960000003 -0.10871299600000002 u9190.dat
1 0 -74.811624 -223.15231792800003 62.461233536000016 -0.864347 0.4716020000000001 0.4889260000000001 0.4955125960000001 0.131982408 0.8680584600000001 0.08607468800000001 3.9766221120000007 -0.086802296 u9190.dat
1 0 -75.149648 -223.18328878399998 59.61844063600001 -0.887167 0.472871 0.4460990000000001 0.450693652 0.05531152000000001 0.8926527280000001 0.099200828 3.9782764320000004 -0.065443132 u9190.dat
1 0 -75.488646 -223.131916952 56.77591174399999 -0.908439 0.474133 0.400915 0.402474672 -0.046993688 0.915434436 0.113039276 3.97823294 -0.036974692 u9190.dat
1 0 -75.828102 -223.012462244 53.93562705200004 -0.9268520000000001 0.474957 0.35621900000000006 0.354317828 -0.15095244400000002 0.9344425160000002 0.12420008400000002 3.975548228 -0.007082323999999999 u9190.dat
1 0 -76.138153 -222.81027949199998 51.34878444399999 -0.942921 0.47535800000000006 0.311162 0.30480778399999997 -0.276546856 0.949984772 0.134194488 3.9687413320000005 0.028921340000000004 u9190.dat
1 0 -76.477566 -222.491761096 48.523666355999985 -0.9562660000000001 0.47510600000000003 0.267381 0.256000708 -0.4126618040000001 0.9612478600000001 0.14153294400000002 3.956935488 0.068138124 u9190.dat
1 0 -76.815759 -222.037541196 45.71688709199998 -0.9675440000000001 0.473573 0.22335 0.20478876399999998 -0.605600004 0.9671379120000001 0.148081432 3.9322170040000004 0.122045556 u9190.dat
1 0 -77.151195 -221.41574281200002 42.94166602399997 -0.9761980000000001 0.47031 0.182363 0.155979172 -0.818505536 0.96647594 0.15071218 3.893867984000001 0.18112712 u9190.dat
1 0 -77.482102 -220.617837936 40.21177345600001 -0.9827130000000001 0.464185 0.144402 0.10895658400000001 -1.0766318240000001 0.95710872 0.149696844 3.8312859040000005 0.251459856 u9190.dat
1 0 -77.777073 -219.68761856 37.78638727599997 -0.9873120000000001 0.45493300000000003 0.11099900000000001 0.066718556 -1.353088148 0.9389512799999999 0.144108256 3.7437333 0.325872712 u9190.dat
1 0 -78.084846 -218.35646482 35.26660102400001 -0.990719 0.43570600000000004 0.08154300000000002 0.025542707999999997 -1.764043188 0.8975636440000001 0.133516692 3.570947672 0.43344462 u9190.dat
1 0 -78.370995 -216.719538764 32.933567400000015 -0.9931410000000002 0.405615 0.058482000000000006 -0.007522108 -2.221615012 0.832223044 0.11668554800000001 3.309571968 0.55147764 u9190.dat
1 0 -78.599417 -214.881282328 31.08215373600001 -0.9950340000000001 0.362366 0.041543 -0.030306944000000002 -2.696003524 0.7391846559999999 0.09481202000000001 2.94170316 0.6723277400000001 u9190.dat
1 0 -78.794424 -212.479346372 29.515584263999983 -0.9968890000000001 0.290989 0.030621 -0.04079716 -3.2366578840000004 0.588061152 0.06745021600000001 2.343660136 0.8083261000000002 u9190.dat
1 0 -78.92875000000001 -209.81889010800003 28.450829840000043 -0.998463 0.202372 0.022814 -0.037052968000000006 -3.6637319919999998 0.403121336 0.04122536400000001 1.6091892360000002 0.9149404920000002 u9190.dat
1 0 -78.996954 -206.99344833600003 27.929174151999977 -0.9994590000000001 0.11656300000000001 0.015306 -0.024888336000000004 -3.901709192 0.22603936000000002 0.021482476 0.903582328 0.9740723280000001 u9190.dat
1 0 -79.005471 -204.23742000000001 27.893208552000033 -0.999948 0.027052 0.007609000000000001 -0.006419628000000001 -4.002881324 0.042988491999999996 0.007893112 0.172024108 0.9991186400000001 u9190.dat
1 71 20 -198.407 308.048 0 -1 0 -0.012 0 -1 1 0 -0.012 15100.dat
1 0 30 -198.407 308.048 1 0 0 0 0.012 1 0 -1 0.012 2780.dat
1 0 -20 -198.527 318.048 0 -1 0 0.012 0 1 -1 0 0.012 2780.dat
1 72 -20 -198.407 308.048 -1 0 0 0 -0.012 1 0 1 0.012 18654.dat
1 15 0 -237.987 272.568 -1 0 0 0 -0.012 1 0 1 0.012 32065.dat
1 70 0 -237.507 232.56799999999998 0 1 0 -0.012 0 1 1 0 0.012 15462.dat
1 0 0 -227.867 262.688 -1 0 0 0 -0.012 1 0 1 0.012 32063.dat
1 14 0 -297.867 261.848 0 0 1 -1 0.012 0 -0.012 -1 0 32017.dat
1 71 25 -278.16700000000003 287.08799999999997 0 1 0 -0.012 0 1 1 0 0.012 99773.dat
1 14 60 -278.647 327.08799999999997 1 0 0 0 0.012 1 0 -1 0.012 32073.dat
1 19 50 -277.687 247.088 1 0 0 0 -0.012 -1 0 1 -0.012 99008.dat
1 72 40 -278.647 327.08799999999997 1 0 0 0 -1 0.012 0 -0.012 -1 6536.dat
1 72 40 -277.687 247.088 1 0 0 0 -1 0.012 0 -0.012 -1 6536.dat
1 71 15 -278.647 327.08799999999997 0 0 -1 0.012 -1 0 -1 -0.012 0 32123a.dat
1 15 0 -237.687 247.56799999999998 -1 0 0 0 -1 -0.012 0 -0.012 1 76019.dat
1 72 0 -197.687 248.048 -1 0 0 0 -1 -0.012 0 -0.012 1 10928.dat
1 4 0 -197.447 228.048 -1 0 0 0 -1 -0.012 0 -0.012 1 3713.dat
1 0 0 -237.447 227.56799999999998 -1 0 0 0 -1 -0.012 0 -0.012 1 32270.dat
1 4 0 -277.567 237.088 0 0 1 0.012 1 0 -1 0.012 0 3737.dat
1 19 0 -277.447 227.088 -1 0 0 0 1 0.012 0 0.012 -1 32269.dat
1 71 0 -257.207 207.32799999999997 0 0 -1 0.012 -1 0 -1 -0.012 0 48989.dat
1 1 0 -257.207 207.32799999999997 1 0 0 0 0.012 1 0 -1 0.012 6558.dat
1 71 -20 -217.207 207.808 0 -1 0 0.012 0 1 -1 0 0.012 32316.dat
1 0 0 -217.207 207.808 -1 0 0 0 -0.012 1 0 1 0.012 18651.dat
1 0 0 -197.207 208.048 -1 0 0 0 -1 -0.012 0 -0.012 1 32184.dat
1 71 0 -177.207 208.288 -1 0 0 0 -1 -0.012 0 -0.012 1 44294.dat
1 71 20 -217.207 207.808 0 -1 0 0.012 0 1 -1 0 0.012 32316.dat
1 0 30 -197.207 208.048 1 0 0 0 0.012 1 0 -1 0.012 2780.dat
1 71 -30 -277.207 207.088 -1 0 0 0 -1 -0.012 0 -0.012 1 62462.dat
1 71 30 -277.207 207.088 -1 0 0 0 -1 -0.012 0 -0.012 1 62462.dat
1 72 40 -197.927 268.048 0 1 0 -1 0 -0.012 -0.012 0 1 32524.dat
1 71 -25 -278.16700000000003 287.08799999999997 0 -1 0 0.012 0 1 -1 0 0.012 99773.dat
1 14 -60 -278.647 327.08799999999997 1 0 0 0 0.012 1 0 -1 0.012 32073.dat
1 19 -50 -277.687 247.088 -1 0 0 0 -0.012 1 0 1 0.012 99008.dat
1 72 -40 -278.647 327.08799999999997 1 0 0 0 -1 0.012 0 -0.012 -1 6536.dat
1 72 -40 -277.687 247.088 1 0 0 0 -1 0.012 0 -0.012 -1 6536.dat
1 71 -15 -278.647 327.08799999999997 0 0 1 -0.012 -1 0 1 -0.012 0 32123a.dat
1 72 40 -258.16700000000003 287.328 0 0 -1 -0.947376 -0.313412 0 -0.313412 0.947376 0 3648b.dat
1 72 -40 -258.16700000000003 287.328 0 0 -1 -0.950864 0.310636 0 0.310636 0.950864 0 3648b.dat
1 72 -60 -278.647 327.08799999999997 -1 0 0 0 1 0.012 0 0.012 -1 6536.dat
1 72 60 -278.647 327.08799999999997 -1 0 0 0 1 0.012 0 0.012 -1 6536.dat
1 0 -30 -177.927 268.288 -1 0 0 0 -0.012 1 0 1 0.012 2780.dat
1 0 -30 -178.407 308.288 -1 0 0 0 -0.012 1 0 1 0.012 2780.dat
1 0 -40 -181.95536400000003 347.6981 0 -1 0 -1 0 0.012 -0.012 0 -1 32278.dat
1 14 -60 -183.15536400000002 447.6981 1 0 0 0 0.8042600000000001 0.5954360000000001 0 -0.5954360000000001 0.8042600000000001 32073.dat
1 4 -60 -183.15536400000002 447.6981 0 0 1 -0.9633959999999999 -0.27148 0 0.27148 -0.9633959999999999 0 3713.dat
1 15 0 -183.15536400000002 447.6981 0 0 1 -0.8052720000000001 -0.596424 0 0.596424 -0.8052720000000001 0 18948.dat
1 14 60 -180.08700000000002 448.288 1 0 0 0 0.8052720000000001 0.596424 0 -0.596424 0.8052720000000001 32073.dat
1 15 -55 -229.64424800000003 278.022884 0 -1 0 -0.310636 0 0.950864 -0.950864 0 -0.310636 32449.dat
1 15 -65 -229.64424800000003 278.022884 0 -1 0 -0.310636 0 0.950864 -0.950864 0 -0.310636 32449.dat
1 19 -50 -201.12149600000004 268.717768 -1 0 0 0 0.310636 0.950864 0 0.950864 -0.310636 3749.dat
1 0 -40 -210.724248 368.26288400000004 0 -1 0 -0.9949920000000001 0 0.09595200000000001 -0.09595200000000001 0 -0.9949920000000001 32525.dat
1 0 -90 -258.16700000000003 287.328 0 0 -1 -0.950864 0.310636 0 0.310636 0.950864 0 59443.dat
1 4 -110 -258.16700000000003 287.328 -1 0 0 0 0.310636 0.950864 0 0.950864 -0.310636 32062.dat
1 14 20 -183.635364 487.6981 1 0 0 0 1 -0.012 0 0.012 1 60485.dat
1 71 -25 -223.635364 487.21810000000005 0 -1 0 0.012 0 1 -1 0 0.012 32056.dat
1 71 -15 -223.635364 487.21810000000005 0 -1 0 0.012 0 1 -1 0 0.012 32056.dat
1 71 0 -203.635364 487.45810000000006 -1 0 0 0 -1 -0.012 0 -0.012 1 42003.dat
1 4 20 -183.635364 487.6981 0 0 1 -0.012 -1 0 1 -0.012 0 3713.dat
1 0 0 -203.75536400000001 497.45810000000006 0 -1 0 0.012 0 1 -1 0 0.012 2780.dat
1 71 -30 -220.32700000000003 467.808 -1 0 0 0 0.9949920000000001 0.09595200000000001 0 0.09595200000000001 -0.9949920000000001 3673.dat
1 0 -50 -178.647 328.288 -1 0 0 0 -0.012 1 0 1 0.012 2780.dat
1 0 -50 -179.127 368.288 -1 0 0 0 -0.012 1 0 1 0.012 2780.dat
1 71 -80 -177.207 208.288 -1 0 0 0 -0.012 1 0 1 0.012 32054.dat
1 1 -50 -177.687 248.288 -1 0 0 0 -0.012 1 0 1 0.012 43093.dat
1 1 -50 -178.167 288.288 -1 0 0 0 -0.012 1 0 1 0.012 43093.dat
1 71 -80 -177.687 248.288 -1 0 0 0 -0.012 1 0 1 0.012 32054.dat
1 71 -80 -178.167 288.288 -1 0 0 0 -0.012 1 0 1 0.012 32054.dat
1 72 -60 -218.887 347.808 0 1 0 -0.012 0 1 1 0 0.012 60484.dat
1 0 -70 -178.887 348.288 -1 0 0 0 -0.012 1 0 1 0.012 2780.dat
1 0 -70 -218.887 347.808 1 0 0 0 -0.012 -1 0 1 -0.012 6628.dat
1 72 -80 -177.687 248.288 0 -1 0 -1 0 0.012 -0.012 0 -1 32526.dat
1 0 -80 -178.647 328.288 0 -1 0 -1 0 0.012 -0.012 0 -1 32316.dat
1 1 -80 -176.96699999999998 188.288 1 0 0 0 0.012 1 0 -1 0.012 6558.dat
1 0 -100 -175.287 48.28799999999998 0 -1 0 1 0 -0.012 0.012 0 1 32278.dat
1 0 -90 -176.72700000000003 168.288 -1 0 0 0 -0.012 1 0 1 0.012 2780.dat
1 71 -100 -176.007 108.288 -1 0 0 0 -0.012 1 0 1 0.012 32054.dat
1 0 -110 -175.527 68.28799999999998 -1 0 0 0 -0.012 1 0 1 0.012 2780.dat
1 1 -120 -174.567 -11.711999999999989 -1 0 0 0 0.012 -1 0 -1 -0.012 6558.dat
1 71 -60 -156.96699999999998 188.528 0 -1 0 -0.012 0 -1 1 0 -0.012 60483.dat
1 72 -40 -156.96699999999998 188.528 1 0 0 0 -0.012 -1 0 1 -0.012 42066 - 27940.dat
1 0 -20 -176.96699999999998 188.288 1 0 0 0 1 -0.012 0 0.012 1 32184.dat
1 71 0 -196.96700000000004 188.048 1 0 0 0 1 -0.012 0 0.012 1 4519.dat
1 4 0 -196.96700000000004 188.048 0 0 1 -0.012 -1 0 1 -0.012 0 3713.dat
1 0 20 -176.96699999999998 188.288 1 0 0 0 1 -0.012 0 0.012 1 32184.dat
1 72 40 -156.96699999999998 188.528 1 0 0 0 -0.012 -1 0 1 -0.012 42066 - 27940.dat
1 0 -20 -176.84700000000004 178.288 0 0 1 -0.012 -1 0 1 -0.012 0 2780.dat
1 0 20 -176.84700000000004 178.288 0 0 1 -0.012 -1 0 1 -0.012 0 2780.dat
1 0 0 -176.72700000000003 168.288 0 0 1 -1 0.012 0 -0.012 -1 0 32523.dat
1 1 -40 -156.847 178.528 0 0 1 0.012 1 0 -1 0.012 0 43093.dat
1 1 40 -156.847 178.528 0 0 1 0.012 1 0 -1 0.012 0 43093.dat
1 71 60 -156.96699999999998 188.528 0 -1 0 -0.012 0 -1 1 0 -0.012 60483.dat
1 0 30 -178.407 308.288 1 0 0 0 0.012 1 0 -1 0.012 2780.dat
1 0 30 -177.927 268.288 1 0 0 0 0.012 1 0 -1 0.012 2780.dat
1 0 40 -181.95536400000003 347.6981 0 -1 0 -1 0 0.012 -0.012 0 -1 32278.dat
1 0 50 -178.647 328.288 1 0 0 0 0.012 1 0 -1 0.012 2780.dat
1 0 50 -179.127 368.288 1 0 0 0 0.012 1 0 -1 0.012 2780.dat
1 72 60 -221.95536400000003 347.2181 0 -1 0 0.012 0 1 -1 0 0.012 60484.dat
1 71 80 -177.207 208.288 1 0 0 0 0.012 1 0 -1 0.012 32054.dat
1 0 70 -178.887 348.288 1 0 0 0 0.012 1 0 -1 0.012 2780.dat
1 1 50 -177.687 248.288 1 0 0 0 1 -0.012 0 0.012 1 43093.dat
1 1 50 -178.167 288.288 1 0 0 0 1 -0.012 0 0.012 1 43093.dat
1 71 80 -177.687 248.288 1 0 0 0 0.012 1 0 -1 0.012 32054.dat
1 71 80 -178.167 288.288 1 0 0 0 0.012 1 0 -1 0.012 32054.dat
1 0 80 -178.647 328.288 0 -1 0 -1 0 0.012 -0.012 0 -1 32316.dat
1 1 -100 -174.327 -31.71199999999999 -1 0 0 0 0.012 -1 0 -1 -0.012 6558.dat
1 71 -80 -174.087 -51.71199999999999 -1 0 0 0 -0.012 1 0 1 0.012 32054.dat
1 0 -80 -234.087 -52.432000000000016 0 1 0 -0.012 0 1 1 0 0.012 32140.dat
1 71 0 -174.087 -51.71199999999999 1 0 0 0 1 -0.012 0 0.012 1 44294.dat
1 71 80 -174.087 -51.71199999999999 1 0 0 0 -0.012 -1 0 1 -0.012 32054.dat
1 72 -50 -214.087 -52.19200000000001 -1 0 0 0 0.08197600000000001 -0.9971600000000002 0 -0.9971600000000002 -0.08197600000000001 87083.dat
1 4 -60 -214.087 -52.19200000000001 0 0 1 -0.08197600000000001 -0.9971600000000002 0 0.9971600000000002 -0.08197600000000001 0 3713.dat
1 71 -45 -214.087 -52.19200000000001 0 -1 0 -0.9971600000000002 0 0.08197600000000001 -0.08197600000000001 0 -0.9971600000000002 32056.dat
1 71 -35 -214.087 -52.19200000000001 0 -1 0 -0.9971600000000002 0 0.08197600000000001 -0.08197600000000001 0 -0.9971600000000002 32056.dat
1 19 -50 -253.95652 -55.46083600000003 1 0 0 0 0.9971600000000002 -0.08197600000000001 0 0.08197600000000001 0.9971600000000002 3749.dat
1 19 -50 -210.81816400000002 -92.06152000000003 1 0 0 0 0.9971600000000002 -0.08197600000000001 0 0.08197600000000001 0.9971600000000002 3749.dat
1 0 -10 -214.087 -52.19200000000001 0 0 1 0.9971600000000002 -0.08197600000000001 0 0.08197600000000001 0.9971600000000002 0 59443.dat
1 71 20 -214.087 -52.19200000000001 -1 0 0 0 -0.08197600000000001 0.9971600000000002 0 0.9971600000000002 0.08197600000000001 4519.dat
1 0 50 -214.087 -52.19200000000001 0 0 1 0.9971600000000002 -0.08197600000000001 0 0.08197600000000001 0.9971600000000002 0 59443.dat
1 19 70 -214.087 -52.19200000000001 -1 0 0 0 -0.9971600000000002 -0.08197600000000001 0 -0.08197600000000001 0.9971600000000002 3749.dat
1 72 80 -175.047 28.28800000000001 0 -1 0 -1 0 0.012 -0.012 0 -1 32526.dat
1 1 100 -174.327 -31.71199999999999 1 0 0 0 0.012 1 0 -1 0.012 6558.dat
1 0 90 -175.047 28.28800000000001 -1 0 0 0 -0.012 1 0 1 0.012 2780.dat
1 4 -110 -216.72700000000003 167.808 -1 0 0 0 0.47045200000000004 0.8847720000000001 0 0.8847720000000001 -0.47045200000000004 3706.dat
1 0 -50 -216.72700000000003 167.808 0 0 1 0.8847720000000001 0.47045200000000004 0 -0.47045200000000004 0.8847720000000001 0 59443.dat
1 14 0 -216.72700000000003 167.808 -1 0 0 0 0.47045200000000004 0.8847720000000001 0 0.8847720000000001 -0.47045200000000004 32073.dat
1 0 50 -216.72700000000003 167.808 0 0 1 0.8847720000000001 0.47045200000000004 0 -0.47045200000000004 0.8847720000000001 0 59443.dat
1 4 110 -216.72700000000003 167.808 -1 0 0 0 0.46846400000000005 0.883748 0 0.883748 -0.46846400000000005 3706.dat
1 4 -100 -216.72700000000003 167.808 0 0 1 0.47045200000000004 -0.8847720000000001 0 0.8847720000000001 0.47045200000000004 0 3713.dat
1 72 80 -177.687 248.288 0 -1 0 -1 0 0.012 -0.012 0 -1 32526.dat
1 1 80 -176.96699999999998 188.288 -1 0 0 0 0.012 -1 0 -1 -0.012 6558.dat
1 0 90 -176.72700000000003 168.288 -1 0 0 0 -0.012 1 0 1 0.012 2780.dat
1 15 55 -229.74080400000003 296.73742 0 1 0 -0.313412 0 0.947376 0.947376 0 0.313412 32449.dat
1 15 65 -229.74080400000003 296.73742 0 1 0 -0.313412 0 0.947376 0.947376 0 0.313412 32449.dat
1 19 70 -201.31563200000002 306.148828 -1 0 0 0 -0.947376 -0.313412 0 -0.313412 0.947376 3749.dat
1 72 80 -224.313464 250.85093200000003 0 -1 0 0.923752 0 0.3849720000000001 -0.3849720000000001 0 0.923752 32524.dat
1 0 90 -258.16700000000003 287.328 0 0 1 0.947376 -0.313412 0 0.313412 0.947376 0 59443.dat
1 4 110 -258.16700000000003 287.328 -1 0 0 0 -0.31442400000000004 0.948364 0 0.948364 0.31442400000000004 32062.dat
1 72 100 -177.207 208.288 0 1 0 -1 0 -0.012 -0.012 0 1 32526.dat
1 0 100 -175.287 48.28799999999998 0 -1 0 1 0 -0.012 0.012 0 1 32278.dat
1 1 120 -174.567 -11.711999999999989 1 0 0 0 0.012 1 0 -1 0.012 6558.dat
1 0 110 -175.527 68.28799999999998 -1 0 0 0 -0.012 1 0 1 0.012 2780.dat
1 0 110 -176.007 108.288 -1 0 0 0 -0.012 1 0 1 0.012 2780.dat
1 4 100 -229.726608 186.038652 0 -1 0 0.47045200000000004 0 -0.8847720000000001 0.8847720000000001 0 0.47045200000000004 41678.dat
1 4 100 -229.726608 186.038652 0 0 -1 0.47045200000000004 0.8847720000000001 0 0.8847720000000001 -0.47045200000000004 0 32062.dat
1 72 100 -229.726608 186.038652 0 0 1 0.47045200000000004 -0.8847720000000001 0 0.8847720000000001 0.47045200000000004 0 6536.dat
1 19 100 -247.42085600000001 195.43170400000002 -1 0 0 0 -0.6570360000000002 -0.754992 0 -0.754992 0.6570360000000002 32556.dat
1 0 110 -207.342912 185.49913999999998 -1 0 0 0 -0.036024 1.001712 0 1.001712 0.036024 2780.dat
1 0 120 -216.72700000000003 167.808 0 -1 0 0.8847720000000001 0 0.47045200000000004 -0.47045200000000004 0 0.8847720000000001 32140.dat
1 0 110 -197.95784800000004 203.192292 1 0 0 0 -0.374912 0.9286320000000001 0 -0.9286320000000001 -0.374912 6628.dat
1 71 130 -188.573748 220.882432 1 0 0 0 0.842624 0.541968 0 -0.541968 0.842624 3673.dat
1 72 120 -215.76700000000002 87.80799999999999 0 -1 0 0.012 0 1 -1 0 0.012 60484.dat
1 19 120 -215.76700000000002 87.80799999999999 -1 0 0 0 0.689408 0.724376 0 0.724376 -0.689408 32556.dat
1 71 100 -230.275796 101.61890800000002 0 1 0 0.6913959999999999 0 0.7253999999999999 0.7253999999999999 0 -0.6913959999999999 32316.dat
1 71 120 -246.09846400000004 155.57583200000005 0 1 0 1.003748 0 0.033048 0.033048 0 -1.003748 32316.dat
1 71 110 -244.783592 115.42982800000003 -1 0 0 0 0.7234240000000001 -0.69342 0 -0.69342 -0.7234240000000001 3673.dat
1 19 90 -201.53804800000003 73.98073199999999 -1 0 0 0 -0.728876 -0.685844 0 -0.685844 0.728876 3749.dat
1 0 80 -238.68448 -26.943491999999996 0 -1 0 0.9958120000000001 0 -0.11096400000000001 0.11096400000000001 0 0.9958120000000001 32348.dat
1 0 70 -245.34493600000005 32.773191999999995 -1 0 0 0 -0.11096400000000001 0.9958120000000001 0 0.9958120000000001 0.11096400000000001 2780.dat
1 1 70 -238.68448 -26.943491999999996 1 0 0 0 -0.11096400000000001 -0.9958120000000001 0 0.9958120000000001 -0.11096400000000001 43093.dat
1 71 140 -236.24700000000004 127.56799999999998 0 1 0 -1 0 -0.012 -0.012 0 1 14720.dat
1 0 150 -255.76700000000002 87.328 -1 0 0 0 -0.012 1 0 1 0.012 2780.dat
1 0 150 -256.727 167.32799999999997 -1 0 0 0 -0.012 1 0 1 0.012 2780.dat
1 0 -55 -254.55652 -5.460836000000029 0 1 0 1 0 0.012 0.012 0 -1 32063.dat
1 0 -65 -254.55652 -5.460836000000029 0 1 0 1 0 0.012 0.012 0 -1 32063.dat
1 19 -60 -255.15652000000003 44.539164 -1 0 0 0 1 0.012 0 0.012 -1 32556.dat
1 15 -80 -256.11652 124.539164 0 -1 0 -1 0 0.012 -0.012 0 -1 40490.dat
1 0 -70 -256.59652 164.53916399999997 -1 0 0 0 -0.012 1 0 1 0.012 2780.dat
1 0 -70 -257.07652 204.53916399999997 -1 0 0 0 -0.012 1 0 1 0.012 2780.dat
1 72 -60 -246.83652 184.65916399999998 0 0 1 -1 0.012 0 -0.012 -1 0 32291.dat
1 4 -60 -246.83652 184.65916399999998 0 -1 0 -1 0 0.012 -0.012 0 -1 41678.dat
1 4 -60 -246.83652 184.65916399999998 0 -1 0 -1 0 0.012 -0.012 0 -1 32062.dat
1 0 -70 -237.07652 204.77916399999998 -1 0 0 0 -0.012 1 0 1 0.012 2780.dat
1 0 -70 -236.59652 164.77916399999998 -1 0 0 0 -0.012 1 0 1 0.012 2780.dat
1 71 -80 -238.03652 284.779164 0 1 0 -1 0 -0.012 -0.012 0 1 41239.dat
1 71 -100 -255.52700000000002 67.328 1 0 0 0 0.012 1 0 -1 0.012 15100.dat
1 71 -70 -239.47652000000002 404.779164 -1 0 0 0 0.9988160000000001 -0.056024000000000004 0 -0.056024000000000004 -0.9988160000000001 3673.dat
1 72 -60 -228.29624800000002 484.068724 0 1 0 0.990812 0 -0.139132 -0.139132 0 -0.990812 32526.dat
1 0 -80 -183.15536400000002 447.6981 0 -1 0 0.596424 0 -0.8052720000000001 0.8052720000000001 0 0.596424 32140.dat
1 19 -80 -228.35488800000005 484.038016 1 0 0 0 0.40909200000000007 -0.9140400000000002 0 0.9140400000000002 0.40909200000000007 32556.dat
1 1 -90 -216.438216 500.12731199999996 -1 0 0 0 -1.000676 -0.039012 0 -0.039012 1.000676 4274.dat
1 72 -100 -177.207 208.288 0 1 0 -1 0 -0.012 -0.012 0 1 32526.dat
1 0 -120 -216.72700000000003 167.808 0 -1 0 0.8847720000000001 0 0.47045200000000004 -0.47045200000000004 0 0.8847720000000001 32140.dat
1 71 -130 -188.573748 220.882432 1 0 0 0 1.001712 -0.036024 0 0.036024 1.001712 3673.dat
1 0 -110 -197.95784800000004 203.192292 -1 0 0 0 -1.001712 -0.036024 0 -0.036024 1.001712 6628.dat
1 72 -120 -215.76700000000002 87.80799999999999 0 -1 0 0.012 0 1 -1 0 0.012 60484.dat
1 1 -120 -215.76700000000002 87.80799999999999 -1 0 0 0 -0.012 1 0 1 0.012 6558.dat
1 71 -100 -235.76700000000002 87.56799999999998 0 0 -1 -0.012 1 0 1 0.012 0 42003.dat
1 71 -120 -235.76700000000002 87.56799999999998 1 0 0 0 -0.012 -1 0 1 -0.012 87082.dat
1 71 -140 -236.24700000000004 127.56799999999998 0 1 0 -1 0 -0.012 -0.012 0 1 14720.dat
1 0 -150 -255.76700000000002 87.328 -1 0 0 0 -0.012 1 0 1 0.012 2780.dat
1 0 -150 -256.727 167.32799999999997 -1 0 0 0 -0.012 1 0 1 0.012 2780.dat
1 14 -100 -255.287 47.328 0 0 -1 -0.012 1 0 1 0.012 0 32073.dat
1 19 60 -183.15536400000002 447.6981 0 0 -1 0.771752 -0.6368320000000001 0 -0.6368320000000001 -0.771752 0 32269.dat
1 0 60 -183.635364 487.6981 0 0 -1 1 0.012 0 0.012 -1 0 32270.dat
1 0 -70 -183.635364 487.6981 0 0 -1 -1 -0.012 0 -0.012 1 0 59443.dat
1 19 -90 -183.635364 487.6981 1 0 0 0 1 -0.012 0 0.012 1 3749.dat
1 72 -100 -182.915364 427.6981 0 1 0 -1 0 -0.012 -0.012 0 1 32524.dat
1 71 -100 -179.127 368.288 1 0 0 0 1 -0.012 0 0.012 1 32054.dat
1 1 -130 -179.127 368.288 1 0 0 0 1 -0.012 0 0.012 1 43093.dat
1 0 -60 -258.767 337.328 0 -1 0 0.012 0 1 -1 0 0.012 2780.dat
1 0 60 -258.767 337.328 0 -1 0 0.012 0 1 -1 0 0.012 2780.dat
1 0 0 -258.887 347.328 0 0 1 1 -0.012 0 0.012 1 0 32525.dat
1 71 -100 -259.127 367.328 0 1 0 0.012 0 -1 -1 0 -0.012 87082.dat
1 71 100 -259.127 367.328 0 1 0 0.012 0 -1 -1 0 -0.012 87082.dat
1 0 -150 -259.127 367.328 -1 0 0 0 0.038 -0.9996880000000001 0 -0.9996880000000001 -0.038 3707.dat
1 0 150 -259.127 367.328 -1 0 0 0 0.038 -0.9996880000000001 0 -0.9996880000000001 -0.038 3707.dat
1 0 70 -259.127 367.328 0 0 -1 -0.9996880000000001 -0.038 0 -0.038 0.9996880000000001 0 59443.dat
1 0 -70 -259.127 367.328 0 0 -1 -0.9996880000000001 -0.038 0 -0.038 0.9996880000000001 0 59443.dat
1 71 0 -259.127 367.328 1 0 0 0 0.9996880000000001 -0.038 0 0.038 0.9996880000000001 44294.dat
1 4 120 -259.127 367.328 0 0 -1 0.038 -0.9996880000000001 0 -0.9996880000000001 -0.038 0 3713.dat
1 0 -120 -259.127 367.328 0 -1 0 0.038 0 0.9996880000000001 -0.9996880000000001 0 0.038 32140.dat
1 71 -110 -199.16549200000003 369.58876 -1 0 0 0 0.9988160000000001 -0.056024000000000004 0 -0.056024000000000004 -0.9988160000000001 3673.dat
1 72 -100 -212.769644 428.029948 0 1 0 -0.9744200000000001 0 -0.22672400000000004 -0.22672400000000004 0 0.9744200000000001 32524.dat
1 1 60 -277.207 207.088 1 0 0 0 0.012 1 0 -1 0.012 6558.dat
1 0 60 -277.207 207.088 0 -1 0 -1 0 0.012 -0.012 0 -1 32525.dat
1 1 80 -278.407 307.08799999999997 1 0 0 0 0.012 1 0 -1 0.012 6558.dat
1 0 70 -276.00700000000006 107.088 -1 0 0 0 -0.012 1 0 1 0.012 2780.dat
1 71 80 -278.647 327.08799999999997 0 1 0 1 0 0.012 0.012 0 -1 41239.dat
1 0 90 -277.447 227.088 -1 0 0 0 -0.012 1 0 1 0.012 2780.dat
1 0 90 -277.927 267.08799999999997 -1 0 0 0 -0.012 1 0 1 0.012 2780.dat
1 0 90 -278.887 347.08799999999997 -1 0 0 0 -0.012 1 0 1 0.012 2780.dat
1 72 100 -237.687 247.56799999999998 0 1 0 0.012 0 -1 -1 0 -0.012 60484.dat
1 72 100 -238.647 327.568 0 1 0 0.012 0 -1 -1 0 -0.012 60484.dat
1 1 80 -279.847 427.08799999999997 1 0 0 0 0.012 1 0 -1 0.012 6558.dat
1 0 60 -279.847 427.08799999999997 0 -1 0 -1 0 0.012 -0.012 0 -1 32523.dat
1 72 10 -280.087 447.08799999999997 1 0 0 0 0.23036 -0.972904 0 0.972904 0.23036 55013.dat
1 15 45 -250.923772 440.167912 0 1 0 -0.23037200000000002 0 -0.9719040000000001 -0.9719040000000001 0 0.23037200000000002 32449.dat
1 15 35 -250.923772 440.167912 0 1 0 -0.23037200000000002 0 -0.9719040000000001 -0.9719040000000001 0 0.23037200000000002 32449.dat
1 19 50 -224.82692 432.65894800000007 -1 0 0 0 -0.23037200000000002 -0.9719040000000001 0 -0.9719040000000001 0.23037200000000002 3749.dat
1 71 20 -299.530152 451.70138000000003 -1 0 0 0 -0.9719040000000001 0.23037200000000002 0 0.23037200000000002 0.9719040000000001 42003.dat
1 4 0 -280.087 447.08799999999997 0 0 -1 -0.23037200000000002 -0.9719040000000001 0 -0.9719040000000001 0.23037200000000002 0 3713.dat
1 71 -20 -299.530152 451.70138000000003 -1 0 0 0 -0.9719040000000001 0.23037200000000002 0 0.23037200000000002 0.9719040000000001 42003.dat
1 4 -40 -280.087 447.08799999999997 0 0 -1 -0.23037200000000002 -0.9719040000000001 0 -0.9719040000000001 0.23037200000000002 0 3713.dat
1 0 100 -279.60699999999997 407.08799999999997 0 -1 0 1 0 -0.012 0.012 0 1 32140.dat
1 4 70 -279.60699999999997 407.08799999999997 -1 0 0 0 -0.012 1 0 1 0.012 3706.dat
1 0 0 -279.60699999999997 407.08799999999997 0 0 -1 -1 -0.012 0 -0.012 1 0 32034.dat
1 71 0 -289.60699999999997 406.96799999999996 0 0 -1 -1 -0.012 0 -0.012 1 0 3673.dat
1 4 -70 -279.60699999999997 407.08799999999997 -1 0 0 0 -0.012 1 0 1 0.012 3706.dat
1 4 40 -279.60699999999997 407.08799999999997 0 0 1 -0.012 -1 0 1 -0.012 0 3713.dat
1 4 -40 -279.60699999999997 407.08799999999997 0 0 1 -0.012 -1 0 1 -0.012 0 3713.dat
1 71 80 -183.15536400000002 447.6981 0 -1 0 0.5954360000000001 0 -0.8042600000000001 0.8042600000000001 0 0.5954360000000001 42066 - 33299a.dat
1 0 60 -220.044288 452.083128 0 -1 0 -0.971976 0 -0.236372 0.236372 0 -0.971976 32523.dat
1 71 100 -179.127 368.288 -1 0 0 0 0.012 -1 0 -1 -0.012 32054.dat
1 72 100 -179.847 428.288 0 -1 0 1 0 -0.012 0.012 0 1 32524.dat
1 1 130 -179.127 368.288 -1 0 0 0 -1 -0.012 0 -0.012 1 43093.dat
1 1 80 -215.316824 471.520648 -1 0 0 0 -0.9997240000000001 -0.035 0 -0.035 0.9997240000000001 43093.dat
1 1 110 -258.647 327.328 1 0 0 0 1 -0.012 0 0.012 1 43093.dat
1 1 110 -257.687 247.328 1 0 0 0 1 -0.012 0 0.012 1 43093.dat
1 71 115 -258.16700000000003 287.328 0 -1 0 0.012 0 1 -1 0 0.012 99773.dat
1 71 125 -258.16700000000003 287.328 0 -1 0 0.012 0 1 -1 0 0.012 99773.dat
1 0 130 -257.927 267.328 -1 0 0 0 -0.012 1 0 1 0.012 2780.dat
1 0 130 -258.407 307.328 -1 0 0 0 -0.012 1 0 1 0.012 2780.dat
1 0 130 -238.167 287.568 -1 0 0 0 -0.012 1 0 1 0.012 2780.dat
1 1 120 -218.167 287.808 -1 0 0 0 0.012 -1 0 -1 -0.012 6558.dat
1 72 140 -258.407 307.328 0 -1 0 1 0 -0.012 0.012 0 1 32524.dat
1 1 -60 -277.207 207.088 -1 0 0 0 0.012 -1 0 -1 -0.012 6558.dat
1 0 -60 -277.207 207.088 0 1 0 1 0 0.012 0.012 0 -1 32525.dat
1 1 -80 -278.407 307.08799999999997 -1 0 0 0 0.012 -1 0 -1 -0.012 6558.dat
1 0 -70 -276.00700000000006 107.088 -1 0 0 0 -0.012 1 0 1 0.012 2780.dat
1 71 -80 -278.647 327.08799999999997 0 -1 0 -1 0 0.012 -0.012 0 -1 41239.dat
1 0 -90 -277.447 227.088 -1 0 0 0 -0.012 1 0 1 0.012 2780.dat
1 0 -90 -277.927 267.08799999999997 -1 0 0 0 -0.012 1 0 1 0.012 2780.dat
1 0 -90 -278.887 347.08799999999997 -1 0 0 0 -0.012 1 0 1 0.012 2780.dat
1 72 -100 -237.687 247.56799999999998 0 -1 0 -0.012 0 -1 1 0 -0.012 60484.dat
1 72 -100 -238.647 327.568 0 -1 0 -0.012 0 -1 1 0 -0.012 60484.dat
1 1 -80 -279.847 427.08799999999997 -1 0 0 0 0.012 -1 0 -1 -0.012 6558.dat
1 0 -60 -279.847 427.08799999999997 0 1 0 1 0 0.012 0.012 0 -1 32523.dat
1 0 -100 -279.60699999999997 407.08799999999997 0 -1 0 1 0 -0.012 0.012 0 1 32140.dat
1 71 -115 -258.16700000000003 287.328 0 1 0 -0.012 0 1 1 0 0.012 99773.dat
1 1 -110 -258.647 327.328 -1 0 0 0 1 0.012 0 0.012 -1 43093.dat
1 1 -110 -257.687 247.328 -1 0 0 0 1 0.012 0 0.012 -1 43093.dat
1 71 -125 -258.16700000000003 287.328 0 1 0 -0.012 0 1 1 0 0.012 99773.dat
1 0 -130 -257.927 267.328 -1 0 0 0 -0.012 1 0 1 0.012 2780.dat
1 0 -130 -258.407 307.328 -1 0 0 0 -0.012 1 0 1 0.012 2780.dat
1 0 -130 -238.167 287.568 -1 0 0 0 -0.012 1 0 1 0.012 2780.dat
1 1 -120 -218.167 287.808 1 0 0 0 0.012 1 0 -1 0.012 6558.dat
1 72 -140 -258.407 307.328 0 1 0 -1 0 -0.012 -0.012 0 1 32524.dat
1 19 -120 -198.167 288.048 1 0 0 0 0.239384 -0.971012 0 0.971012 0.239384 32556.dat
1 15 -120 -118.413656 281.64198 0 1 0 -0.080048 0 -0.997104 -0.997104 0 0.080048 40490.dat
1 15 -150 -38.69828799999999 275.233504 0 0 1 -0.080048 0.997104 0 -0.997104 -0.080048 0 55982.dat
1 0 -150 -38.69828799999999 275.233504 0 0 1 -0.080048 0.997104 0 -0.997104 -0.080048 0 58090.dat
1 71 -130 -138.342748 283.244096 1 0 0 0 0.39403200000000005 -0.9188600000000001 0 0.9188600000000001 0.39403200000000005 3673.dat
1 71 -140 -163.386328 252.15413999999998 0 -1 0 0.781668 0 0.629712 -0.629712 0 0.781668 32316.dat
1 70 -140 -38.69828799999999 275.233504 1 0 0 0 -0.997104 -0.080048 0 0.080048 -0.997104 42066 - 24316.dat
1 71 -155 -38.69828799999999 275.233504 0 0 -1 -0.080048 -0.997104 0 -0.997104 0.080048 0 32123a.dat
1 71 -140 -218.407 307.808 0 0 -1 1 0.012 0 0.012 -1 0 63869.dat
1 4 -140 -228.407 307.688 0 0 -1 1 0.012 0 0.012 -1 0 32062.dat
1 0 -160 -238.407 307.568 0 1 0 1 0 0.012 0.012 0 -1 32184.dat
1 19 120 -198.167 288.048 -1 0 0 0 0.327708 0.945068 0 0.945068 -0.327708 32556.dat
1 15 120 -118.413656 281.64198 0 -1 0 0.080048 0 -0.997104 0.997104 0 0.080048 40490.dat
1 15 150 -38.69828799999999 275.233504 0 0 -1 0.080048 0.997104 0 0.997104 -0.080048 0 55982.dat
1 0 150 -38.69828799999999 275.233504 0 0 -1 0.080048 0.997104 0 0.997104 -0.080048 0 58090.dat
1 71 130 -138.342748 283.244096 1 0 0 0 0.39403200000000005 -0.9188600000000001 0 0.9188600000000001 0.39403200000000005 3673.dat
1 71 140 -163.386328 252.15413999999998 0 -1 0 0.781668 0 0.629712 -0.629712 0 0.781668 32316.dat
1 70 140 -38.54887600000001 276.78452 -1 0 0 0 -0.9508519999999999 0.309636 0 0.309636 0.9508519999999999 42066 - 24316.dat
1 71 155 -38.69828799999999 275.233504 0 0 1 0.080048 -0.997104 0 0.997104 0.080048 0 32123a.dat
1 71 140 -218.407 307.808 0 0 1 -1 0.012 0 -0.012 -1 0 63869.dat
1 4 140 -228.407 307.688 0 0 1 -1 0.012 0 -0.012 -1 0 32062.dat
1 0 160 -238.407 307.568 0 -1 0 -1 0 0.012 -0.012 0 -1 32184.dat
1 0 -110 -180.32700000000003 468.288 -1 0 0 0 -0.012 1 0 1 0.012 2780.dat
1 1 -120 -260.327 467.328 -1 0 0 0 0.012 -1 0 -1 -0.012 6558.dat
1 0 -120 -221.28700000000003 547.808 0 1 0 0.012 0 -1 -1 0 -0.012 18945.dat
1 0 -130 -220.32700000000003 467.808 -1 0 0 0 -0.012 1 0 1 0.012 2780.dat
1 0 -140 -240.32700000000003 467.568 0 1 0 -0.012 0 1 1 0 0.012 32523.dat
1 0 -120 -262.60699999999997 657.328 0 -1 0 0.012 0 1 -1 0 0.012 2780.dat
1 0 -120 -222.607 657.808 0 -1 0 0.012 0 1 -1 0 0.012 2780.dat
1 71 -160 -259.127 367.328 0 1 0 0.012 0 -1 -1 0 -0.012 87082.dat
1 71 -160 -238.887 347.568 0 0 -1 0.012 -1 0 -1 -0.012 0 48989.dat
1 4 -150 -238.887 347.568 -1 0 0 0 -1 -0.012 0 -0.012 1 32062.dat
1 0 -140 -238.887 347.568 0 1 0 -0.012 0 1 1 0 0.012 32140.dat
1 72 -160 -178.887 348.288 -1 0 0 0 -0.012 1 0 1 0.012 11214.dat
1 72 -160 -178.887 348.288 0 1 0 -0.012 0 1 1 0 0.012 18654.dat
1 71 -140 -259.367 387.328 0 0 -1 1 0.012 0 0.012 -1 0 32316.dat
1 0 -180 -259.487 397.328 0 1 0 -0.012 0 1 1 0 0.012 2780.dat
1 0 110 -180.37764800000002 470.34168800000003 -1 0 0 0 -0.038 0.9996880000000001 0 0.9996880000000001 0.038 2780.dat
1 1 120 -260.327 467.328 1 0 0 0 0.038 0.9996880000000001 0 -0.9996880000000001 0.038 6558.dat
1 0 120 -223.36601200000004 548.7841960000001 0 1 0 0.038 0 -0.9996880000000001 -0.9996880000000001 0 -0.038 18945.dat
1 0 130 -220.352324 468.834844 -1 0 0 0 -0.038 0.9996880000000001 0 0.9996880000000001 0.038 2780.dat
1 0 140 -240.34016800000003 468.081916 0 -1 0 0.038 0 0.9996880000000001 -0.9996880000000001 0 0.038 32523.dat
1 0 120 -227.510568 658.7132960000001 0 -1 0 0.038 0 0.9996880000000001 -0.9996880000000001 0 0.038 2780.dat
1 0 120 -267.485244 657.2064520000001 0 -1 0 0.038 0 0.9996880000000001 -0.9996880000000001 0 0.038 2780.dat
1 71 160 -259.127 367.328 0 -1 0 -0.038 0 -0.9996880000000001 0.9996880000000001 0 -0.038 87082.dat
1 71 160 -238.887 347.568 0 0 1 0.012 1 0 -1 0.012 0 48989.dat
1 4 150 -238.887 347.568 -1 0 0 0 -0.9996880000000001 -0.038 0 -0.038 0.9996880000000001 32062.dat
1 0 140 -238.887 347.568 0 1 0 -0.012 0 1 1 0 0.012 32140.dat
1 72 160 -178.887 348.288 1 0 0 0 -0.038 -0.9996880000000001 0 0.9996880000000001 -0.038 11214.dat
1 72 160 -178.887 348.288 0 -1 0 0.038 0 0.9996880000000001 -0.9996880000000001 0 0.038 18654.dat
1 71 140 -259.367 387.328 0 0 1 -0.9996880000000001 0.038 0 -0.038 -0.9996880000000001 0 32316.dat
1 0 180 -259.487 397.328 0 -1 0 0.038 0 0.9996880000000001 -0.9996880000000001 0 0.038 2780.dat
1 308 180 -259.60699999999997 407.328 -0.151 -0.003 -0.989 -0.987688 -0.038 0.15098799999999998 -0.037856 0.9996880000000001 0.0028120000000000007 22961.dat
1 308 -180 -259.60699999999997 407.328 0.099 0 -0.9950000000000001 -0.9950000000000001 -0.012 -0.099 -0.011940000000000003 1 -0.0011880000000000003 22961.dat
1 72 177.503 -279.437 407.09004 -0.151 0.99 -0.004 -0.986688 -0.15098799999999998 -0.038012 -0.037844 -0.0028120000000000007 1.0006879999999998 6536.dat
1 72 -178.01 -279.521 407.08903200000003 0.099 -0.9960000000000001 0 -0.9960000000000001 -0.099 0.012 -0.011952000000000003 -0.0011880000000000003 -1 6536.dat
1 0 0 -236.84700000000004 177.56799999999998 0 -1 0 -1 0 0.012 -0.012 0 -1 59443.dat
1 72 0 -236.24700000000004 127.56799999999998 0 -1 0 -1 0 0.012 -0.012 0 -1 92906.dat
1 1 100 -173.84700000000004 -71.71199999999999 -1 0 0 0 0.012 -1 0 -1 -0.012 6558.dat
1 1 100 -173.60700000000003 -91.71199999999999 -1 0 0 0 0.012 -1 0 -1 -0.012 6558.dat
1 1 -100 -173.60700000000003 -91.71199999999999 1 0 0 0 0.012 1 0 -1 0.012 6558.dat
1 1 -100 -173.84700000000004 -71.71199999999999 1 0 0 0 0.012 1 0 -1 0.012 6558.dat
1 72 -40 -148.567 -511.472 0 -1 0 -0.012 0 -1 1 0 -0.012 32526.dat
1 1 -40 -148.567 -511.472 1 0 0 0 -0.012 -1 0 1 -0.012 6558.dat
1 1 -40 -228.56700000000004 -512.432 1 0 0 0 -0.012 -1 0 1 -0.012 6558.dat
1 0 -30 -208.56700000000004 -512.192 1 0 0 0 -0.012 -1 0 1 -0.012 2780.dat
1 0 -50 -229.04700000000005 -472.432 1 0 0 0 -0.012 -1 0 1 -0.012 2780.dat
1 1 -40 -168.567 -511.712 1 0 0 0 -0.012 -1 0 1 -0.012 6558.dat
1 71 -60 -170.007 -391.712 0 1 0 -1 0 -0.012 -0.012 0 1 41239.dat
1 1 -60 -171.447 -271.712 -1 0 0 0 -0.012 1 0 1 0.012 6558.dat
1 71 -40 -171.207 -291.712 0 1 0 -1 0 -0.012 -0.012 0 1 60483.dat
1 73 -20 -147.607 -591.472 0 1 0 -1 0 -0.012 -0.012 0 1 32526.dat
1 1 0 -147.607 -591.472 1 0 0 0 0.10608400000000001 -0.9944160000000001 0 0.9944160000000001 0.10608400000000001 6558.dat
1 72 -20 -188.567 -511.952 1 0 0 0 -0.012 -1 0 1 -0.012 11214.dat
1 71 20 -188.567 -511.952 1 0 0 0 -0.012 -1 0 1 -0.012 32054.dat
1 0 -20 -228.56700000000004 -512.432 0 1 0 0.012 0 -1 -1 0 -0.012 32523.dat
1 73 0 -153.98905200000002 -651.136164 0 -1 0 0.9944160000000001 0 0.10608400000000001 -0.10608400000000001 0 0.9944160000000001 32524.dat
1 73 20 -147.607 -591.472 0 1 0 -1 0 -0.012 -0.012 0 1 32526.dat
1 1 40 -148.567 -511.472 1 0 0 0 -0.012 -1 0 1 -0.012 6558.dat
1 1 40 -168.567 -511.712 1 0 0 0 -0.012 -1 0 1 -0.012 6558.dat
1 71 0 -171.207 -291.712 1 0 0 0 -0.012 -1 0 1 -0.012 44294.dat
1 4 -20 -171.207 -291.712 0 0 1 1 -0.012 0 0.012 1 0 3713.dat
1 4 20 -171.207 -291.712 0 0 -1 -1 -0.012 0 -0.012 1 0 3713.dat
1 71 0 -171.207 -291.712 0 1 0 -0.012 0 1 1 0 0.012 60483.dat
1 71 -60 -230.007 -392.432 0 1 0 -1 0 -0.012 -0.012 0 1 41239.dat
1 72 -40 -230.967 -312.432 1 0 0 0 1 -0.012 0 0.012 1 11214.dat
1 1 -60 -170.967 -311.712 -1 0 0 0 -0.012 1 0 1 0.012 6558.dat
1 72 -40 -230.967 -312.432 0 1 0 -0.012 0 1 1 0 0.012 32524.dat
1 0 -30 -250.967 -312.67199999999997 -1 0 0 0 -0.012 1 0 1 0.012 6628.dat
1 1 -50 -210.967 -312.192 -1 0 0 0 -0.012 1 0 1 0.012 4274.dat
1 71 -40 -229.527 -432.432 -1 0 0 0 -0.012 1 0 1 0.012 87082.dat
1 71 -40 -229.28700000000003 -452.432 0 0 -1 -0.012 1 0 1 0.012 0 15100.dat
1 0 -40 -249.28700000000003 -452.672 0 0 -1 -1 -0.012 0 -0.012 1 0 18651.dat
1 71 -20 -209.52700000000004 -432.192 0 -1 0 -0.012 0 -1 1 0 -0.012 60483.dat
1 72 -12.000000000000002 -209.52700000000004 -432.192 -1 0 0 0 0.012 -1 0 -1 -0.012 87083.dat
1 0 -40 -209.52700000000004 -432.192 0 1 0 -1 0 -0.012 -0.012 0 1 32140.dat
1 71 0 -209.52700000000004 -432.192 0 -1 0 1 0 -0.012 0.012 0 1 60483.dat
1 70 0 -209.767 -412.192 -1 0 0 0 0.621688 0.7835720000000002 0 0.7835720000000002 -0.621688 15462.dat
1 0 -20 -209.767 -412.192 0 -1 0 0.7835720000000002 0 0.621688 -0.621688 0 0.7835720000000002 32140.dat
1 19 -30 -190.99496400000004 -311.955336 1 0 0 0 0.026000000000000002 0.999832 0 -0.999832 0.026000000000000002 3749.dat
1 71 -25 -150.902712 -311.495232 0 -1 0 0.011023999999999999 0 1.002012 -1.002012 0 0.011023999999999999 11478.dat
1 71 -15 -150.902712 -311.495232 0 -1 0 0.011023999999999999 0 1.002012 -1.002012 0 0.011023999999999999 11478.dat
1 71 0 -150.902712 -311.495232 -1 0 0 0 1.002012 0.011023999999999999 0 0.011023999999999999 -1.002012 87082.dat
1 72 0 -110.83841200000002 -311.03946399999995 -1 0 0 0 1.002012 0.011023999999999999 0 0.011023999999999999 -1.002012 42066 - 27940.dat
1 71 15 -150.902712 -311.495232 0 1 0 1.002012 0 0.011023999999999999 0.011023999999999999 0 -1.002012 99773.dat
1 71 25 -150.902712 -311.495232 0 1 0 1.002012 0 0.011023999999999999 0.011023999999999999 0 -1.002012 99773.dat
1 1 30 -150.446944 -351.559532 1 0 0 0 -0.011023999999999999 -1.002012 0 1.002012 -0.011023999999999999 4274.dat
1 0 0 -150.67648400000002 -331.5144 0 -1 0 -0.841648 0 -0.54398 0.54398 0 -0.841648 32140.dat
1 0 -10 -200.155628 -371.101764 1 0 0 0 0.5540879999999999 -0.832768 0 0.832768 0.5540879999999999 6628.dat
1 71 -10 -172.44690000000003 -365.1624520000001 1 0 0 0 -0.614628 0.7884880000000001 0 -0.7884880000000001 -0.614628 3673.dat
1 19 30 -190.99496400000004 -311.955336 -1 0 0 0 0.015011999999999998 -1.000964 0 -1.000964 -0.015011999999999998 3749.dat
1 0 -30 -270.967 -312.912 1 0 0 0 -0.012 -1 0 1 -0.012 2780.dat
1 1 -40 -290.967 -313.152 -1 0 0 0 -0.012 1 0 1 0.012 6558.dat
1 0 -20 -330.967 -313.63199999999995 0 1 0 -0.012 0 1 1 0 0.012 32140.dat
1 71 0 -110.83352000000002 -311.030404 0 1 0 1.002012 0 0.011023999999999999 0.011023999999999999 0 -1.002012 44294.dat
1 71 0 -190.967 -311.952 0 1 0 0.012 0 -1 -1 0 -0.012 62520.dat
1 71 0 -190.967012 -311.95099999999996 -1 0 0 0 -0.011023999999999999 1.002012 0 1.002012 0.011023999999999999 62520.dat
1 71 0 -190.967 -311.952 0 1 0 0.012 0 -1 -1 0 -0.012 62519.dat
1 0 0 -230.967 -312.432 0 0 1 -1 0.012 0 -0.012 -1 0 32034.dat
1 0 0 -240.967 -312.552 0 0 1 -1 0.012 0 -0.012 -1 0 3705.dat
1 4 0 -250.967 -312.67199999999997 0 0 -1 -1 -0.012 0 -0.012 1 0 6536.dat
1 0 0 -280.967 -313.032 1 0 0 0 -0.012 -1 0 1 -0.012 59443.dat
1 71 0 -310.967 -313.39199999999994 1 0 0 0 1 -0.012 0 0.012 1 87082.dat
1 19 0 -320.967 -313.51199999999994 0 1 0 -1 0 -0.012 -0.012 0 1 99008.dat
1 71 0 -80.79018400000001 -310.69788800000003 0 1 0 -1.002012 0 -0.011023999999999999 -0.011023999999999999 0 1.002012 62462.dat
1 15 0 -30.709800000000005 -310.128928 -1 0 0 0 -0.011023999999999999 1.002012 0 1.002012 0.011023999999999999 32013.dat
1 71 0 -30.709800000000005 -310.128928 -1 0 0 0 0.011023999999999999 -1.002012 0 -1.002012 -0.011023999999999999 4519.dat
1 15 20 -30.709800000000005 -310.128928 0 0 -1 0.011023999999999999 -1.002012 0 -1.002012 -0.011023999999999999 0 42066 - 18976.dat
1 256 25 -30.709800000000005 -310.128928 0 0 -1 0.011023999999999999 -1.002012 0 -1.002012 -0.011023999999999999 0 42066 - 18977.dat
1 256 -25 -30.709800000000005 -310.128928 0 0 1 -0.011023999999999999 -1.002012 0 1.002012 -0.011023999999999999 0 42066 - 18977.dat
1 15 -20 -30.709800000000005 -310.128928 0 0 1 -0.011023999999999999 -1.002012 0 1.002012 -0.011023999999999999 0 42066 - 18976.dat
1 19 10 -150.67648400000002 -331.5144 -1 0 0 0 -0.542992 -0.840636 0 -0.840636 0.542992 3749.dat
1 72 -60 -290.48699999999997 -353.152 0 -1 0 1 0 -0.012 0.012 0 1 32526.dat
1 0 -70 -290.48699999999997 -353.152 1 0 0 0 -0.012 -1 0 1 -0.012 2780.dat
1 1 -60 -271.447 -272.912 -1 0 0 0 -0.012 1 0 1 0.012 6558.dat
1 0 -50 -251.447 -272.67199999999997 1 0 0 0 -0.012 -1 0 1 -0.012 2780.dat
1 72 -40 -261.207 -292.792 0 0 -1 -1 -0.012 0 -0.012 1 0 32291.dat
1 71 0 -271.207 -292.912 1 0 0 0 0.012 1 0 -1 0.012 87082.dat
1 73 -80 -172.407 -191.712 0 -1 0 -1 0 0.012 -0.012 0 -1 41239.dat
1 0 -50 -231.447 -272.432 1 0 0 0 -0.012 -1 0 1 -0.012 2780.dat
1 71 -30 -231.447 -272.432 -1 0 0 0 -1 -0.012 0 -0.012 1 62462.dat
1 71 0 -251.447 -272.67199999999997 0 0 1 -0.012 -1 0 1 -0.012 0 48989.dat
1 71 30 -231.447 -272.432 -1 0 0 0 -1 -0.012 0 -0.012 1 62462.dat
1 0 50 -231.447 -272.432 1 0 0 0 -0.012 -1 0 1 -0.012 2780.dat
1 1 0 -251.447 -272.67199999999997 -1 0 0 0 -0.012 1 0 1 0.012 6558.dat
1 0 -20 -271.447 -272.912 0 1 0 -0.012 0 1 1 0 0.012 32523.dat
1 0 20 -271.447 -272.912 0 1 0 -0.012 0 1 1 0 0.012 32523.dat
1 0 0 -251.567 -262.67199999999997 1 0 0 0 0.012 1 0 -1 0.012 87408.dat
1 70 0 -252.16700000000003 -212.672 0 -1 0 0.012 0 1 -1 0 0.012 15462.dat
1 0 0 -251.92700000000002 -232.672 0 1 0 -1 0 -0.012 -0.012 0 1 32270.dat
1 71 0 -252.28700000000003 -202.672 0 0 1 -0.012 -1 0 1 -0.012 0 62462.dat
1 71 0 -252.88700000000003 -152.67199999999997 0 -1 0 -1 0 0.012 -0.012 0 -1 62520.dat
1 71 0 -252.88700000000003 -152.67199999999997 1 0 0 0 0.9978520000000001 0.05903599999999999 0 -0.05903599999999999 0.9978520000000001 62520.dat
1 71 0 -252.88700000000003 -152.67199999999997 0 -1 0 -1 0 0.012 -0.012 0 -1 62519.dat
1 72 0 -231.447 -272.432 0 -1 0 -0.012 0 -1 1 0 -0.012 11214.dat
1 72 0 -271.447 -272.912 0 -1 0 -0.012 0 -1 1 0 -0.012 11214.dat
1 72 0 -292.16700000000003 -213.15200000000002 0 -1 0 1 0 -0.012 0.012 0 1 11214.dat
1 72 0 -292.16700000000003 -213.15200000000002 -1 0 0 0 -1 -0.012 0 -0.012 1 18654.dat
1 19 0 -269.16700000000003 -212.87599999999998 -1 0 0 0 -0.012 1 0 1 0.012 6589.dat
1 19 0 -235.167 -212.46799999999996 1 0 0 0 -0.012 -1 0 1 -0.012 6589.dat
1 72 0 -212.16700000000003 -212.192 1 0 0 0 1 -0.012 0 0.012 1 18654.dat
1 72 0 -212.16700000000003 -212.192 0 1 0 -1 0 -0.012 -0.012 0 1 11214.dat
1 0 20 -330.967 -313.63199999999995 0 1 0 -0.012 0 1 1 0 0.012 32140.dat
1 1 40 -290.967 -313.152 -1 0 0 0 -0.012 1 0 1 0.012 6558.dat
1 0 30 -270.967 -312.912 1 0 0 0 -0.012 -1 0 1 -0.012 2780.dat
1 72 40 -230.967 -312.432 0 1 0 -0.012 0 1 1 0 0.012 32524.dat
1 0 30 -250.967 -312.67199999999997 1 0 0 0 0.012 1 0 -1 0.012 6628.dat
1 1 60 -170.967 -311.712 1 0 0 0 -0.012 -1 0 1 -0.012 6558.dat
1 72 60 -290.48699999999997 -353.152 0 -1 0 1 0 -0.012 0.012 0 1 32526.dat
1 0 70 -290.48699999999997 -353.152 1 0 0 0 -0.012 -1 0 1 -0.012 2780.dat
1 1 60 -271.447 -272.912 1 0 0 0 -0.012 -1 0 1 -0.012 6558.dat
1 0 50 -251.447 -272.67199999999997 1 0 0 0 -0.012 -1 0 1 -0.012 2780.dat
1 72 40 -261.207 -292.792 0 0 -1 -1 -0.012 0 -0.012 1 0 32291.dat
1 4 -40 -271.207 -292.912 0 0 -1 -1 -0.012 0 -0.012 1 0 32062.dat
1 0 -40 -291.207 -293.152 1 0 0 0 -0.012 -1 0 1 -0.012 59443.dat
1 1 -40 -311.207 -293.39199999999994 0 -1 0 1 0 -0.012 0.012 0 1 43093.dat
1 4 40 -271.207 -292.912 0 0 -1 -1 -0.012 0 -0.012 1 0 32062.dat
1 0 40 -291.207 -293.152 1 0 0 0 -0.012 -1 0 1 -0.012 59443.dat
1 1 40 -311.207 -293.39199999999994 0 -1 0 1 0 -0.012 0.012 0 1 43093.dat
1 71 0 -321.207 -293.51199999999994 0 0 -1 -0.012 1 0 1 0.012 0 32316.dat
1 19 0 -281.927 -233.032 0 0 -1 1 0.012 0 0.012 -1 0 32002.dat
1 71 0 -291.687 -253.15200000000002 -1 0 0 0 -0.012 1 0 1 0.012 42003.dat
1 71 0 -291.447 -273.152 1 0 0 0 -0.012 -1 0 1 -0.012 44294.dat
1 72 -40 -330.967 -313.63199999999995 1 0 0 0 0.957688 -0.287532 0 0.287532 0.957688 11214.dat
1 71 -40 -330.967 -313.63199999999995 0 1 0 0.287532 0 -0.957688 -0.957688 0 -0.287532 15100.dat
1 71 -60 -330.967 -313.63199999999995 0 1 0 0.287532 0 -0.957688 -0.957688 0 -0.287532 15100.dat
1 0 -60 -325.22330000000005 -332.790844 0 0 1 0.957688 -0.287532 0 0.287532 0.957688 0 32523.dat
1 72 40 -330.967 -313.63199999999995 -1 0 0 0 0.957688 0.287532 0 0.287532 -0.957688 11214.dat
1 71 40 -330.967 -313.63199999999995 0 -1 0 0.287532 0 0.957688 -0.957688 0 0.287532 15100.dat
1 71 60 -330.967 -313.63199999999995 0 -1 0 0.287532 0 0.957688 -0.957688 0 0.287532 15100.dat
1 0 60 -325.22330000000005 -332.790844 0 0 -1 -0.957688 -0.287532 0 -0.287532 0.957688 0 32523.dat
1 0 20 -229.527 -432.432 0 -1 0 -1 0 0.012 -0.012 0 -1 32140.dat
1 19 30 -229.527 -432.432 1 0 0 0 -1 0.012 0 -0.012 -1 99008.dat
1 0 10 -229.28699999999998 -452.432 1 0 0 0 -1 0.012 0 -0.012 -1 2780.dat
1 71 0 -229.527 -432.432 0 -1 0 0.012 0 1 -1 0 0.012 60483.dat
1 0 10 -209.527 -432.192 1 0 0 0 -1 0.012 0 -0.012 -1 2780.dat
1 0 0 -229.04700000000003 -472.432 0 1 0 1 0 0.012 0.012 0 -1 32523.dat
1 72 0 -228.80700000000002 -492.432 -1 0 0 0 1 0.012 0 0.012 -1 11214.dat
1 72 0 -248.80700000000002 -492.672 -1 0 0 0 1 0.012 0 0.012 -1 11214.dat
1 0 -15 -248.80700000000002 -492.672 0 -1 0 0.012 0 1 -1 0 0.012 41677.dat
1 0 -25 -248.80700000000002 -492.672 0 -1 0 0.012 0 1 -1 0 0.012 41677.dat
1 0 0 -327.773648 -431.30662799999993 -1 0 0 0 -0.017 -1.000348 0 -1.000348 0.017 24116.dat
1 1 0 -327.773648 -431.30662799999993 1 0 0 0 -0.08706 0.9961880000000001 0 -0.9961880000000001 -0.08706 6558.dat
1 0 -20 -266.25936 -416.590444 0 1 0 -0.08706 0 -0.9961880000000001 -0.9961880000000001 0 0.08706 32140.dat
1 71 0 -306.11176 -413.118104 -1 0 0 0 -0.9961880000000001 0.08706 0 0.08706 0.9961880000000001 87082.dat
1 0 20 -266.25936 -416.590444 0 1 0 -0.08706 0 -0.9961880000000001 -0.9961880000000001 0 0.08706 32140.dat
1 1 30 -266.25936 -416.590444 -1 0 0 0 -0.058024000000000006 -0.99884 0 -0.99884 0.058024000000000006 43093.dat
1 0 40 -247.89368 -424.511228 0 -1 0 0.39604399999999995 0 -0.917884 0.917884 0 0.39604399999999995 32523.dat
1 1 20 -229.04700000000003 -472.432 -1 0 0 0 -0.029012000000000003 -0.9994920000000002 0 -0.9994920000000002 0.029012000000000003 6558.dat
1 72 40 -245.68928400000001 -483.526276 0 0 -1 -0.555068 0.83246 0 0.83246 0.555068 0 6536.dat
1 72 40 -262.33120399999996 -458.56235599999997 -1 0 0 0 0.555068 -0.83246 0 -0.83246 -0.555068 6553.dat
1 72 20 -169.767 -411.712 0 1 0 0.012 0 -1 -1 0 -0.012 60484.dat
1 1 40 -169.767 -411.712 1 0 0 0 0.052988 0.9985080000000001 0 -0.9985080000000001 0.052988 6558.dat
1 72 40 -169.767 -411.712 0 -1 0 0.012 0 1 -1 0 0.012 18654.dat
1 71 40 -209.767 -412.192 0 -1 0 -0.6257 0 0.78262 -0.78262 0 -0.6257 60483.dat
1 72 40 -148.567 -511.472 0 -1 0 -0.012 0 -1 1 0 -0.012 32526.dat
1 0 30 -208.56700000000004 -512.192 1 0 0 0 -0.012 -1 0 1 -0.012 2780.dat
1 1 40 -228.56700000000004 -512.432 1 0 0 0 -0.012 -1 0 1 -0.012 6558.dat
1 0 20 -228.56700000000004 -512.432 0 1 0 0.012 0 -1 -1 0 -0.012 32523.dat
1 71 60 -170.007 -391.712 0 -1 0 1 0 -0.012 0.012 0 1 41239.dat
1 71 40 -171.207 -291.712 0 -1 0 1 0 -0.012 0.012 0 1 60483.dat
1 1 60 -171.447 -271.712 1 0 0 0 -0.012 -1 0 1 -0.012 6558.dat
1 19 10 -159.55872 -343.76973599999997 -1 0 0 0 -0.989308 -0.15289199999999997 0 -0.15289199999999997 0.989308 3749.dat
1 71 60 -230.007 -392.432 0 1 0 -1 0 -0.012 -0.012 0 1 41239.dat
1 73 80 -172.407 -191.712 0 -1 0 -1 0 0.012 -0.012 0 -1 41239.dat
1 0 0 -350.967 -313.87199999999996 0 1 0 0.012 0 -1 -1 0 -0.012 32269.dat
1 71 50 -194.12372000000002 -424.696108 1 0 0 0 0.134108 -0.9927520000000001 0 0.9927520000000001 0.134108 3673.dat
1 15 60 -203.04246000000003 -345.646736 0 1 0 0.9968120000000001 0 0.110976 0.110976 0 -0.9968120000000001 40490.dat
1 0 50 -211.956024 -265.945208 1 0 0 0 -0.110976 -0.9968120000000001 0 0.9968120000000001 -0.110976 2780.dat
1 0 50 -209.72763600000005 -285.87033999999994 1 0 0 0 -0.110976 -0.9968120000000001 0 0.9968120000000001 -0.110976 2780.dat
1 71 40 -214.18667600000003 -245.99809999999997 0 1 0 -0.9958120000000001 0 -0.11096400000000001 -0.11096400000000001 0 0.9958120000000001 32316.dat
1 71 0 -248.144564 -72.8066 0 1 0 -0.05903599999999999 0 -0.9978520000000001 -0.9978520000000001 0 0.05903599999999999 44294.dat
1 0 0 -243.99542800000003 -2.924756000000002 1 0 0 0 -0.9978520000000001 -0.05903599999999999 0 0.05903599999999999 -0.9978520000000001 59443.dat
1 72 0 -240.61668800000004 53.978975999999996 0 0 1 0.05903599999999999 -0.9978520000000001 0 0.9978520000000001 0.05903599999999999 0 32209.dat
1 71 0 -236.24700000000004 127.56799999999998 0 -1 0 -0.9978520000000001 0 -0.05903599999999999 0.05903599999999999 0 -0.9978520000000001 32494.dat
1 0 60 -229.77646800000002 -106.59908000000001 0 1 0 -0.9958120000000001 0 -0.11096400000000001 -0.11096400000000001 0 0.9958120000000001 32278.dat
1 0 50 -218.641188 -206.16981200000004 -1 0 0 0 -0.110976 0.9968120000000001 0 0.9968120000000001 0.110976 2780.dat
1 0 50 -214.183412 -246.02006399999993 -1 0 0 0 -0.110976 0.9968120000000001 0 0.9968120000000001 0.110976 2780.dat
1 179 0 -312.16700000000003 -213.39200000000002 0.001 -1 0 0.012 0.000012000000000000002 1 -1 -0.001 0.012 87751.dat
1 179 0 -192.16700000000003 -211.952 -0.001 1 0 0.012 0.000012000000000000002 -1 -1 -0.001 -0.012 87751.dat
1 73 80 -189.527 -431.952 1 0 0 0 -1 0.012 0 -0.012 -1 11954.dat
1 0 80 -200.00699999999998 -392.072 0 -1 0 -1 0 0.012 -0.012 0 -1 2780.dat
1 0 80 -199.04700000000003 -472.072 0 -1 0 -1 0 0.012 -0.012 0 -1 2780.dat
1 71 80 -190.96699999999998 -311.952 0 1 0 0.012 0 -1 -1 0 -0.012 87082.dat
1 71 60 -148.087 -551.472 0 0 1 -0.012 -1 0 1 -0.012 0 15100.dat
1 73 80 -249.527 -432.672 0 1 0 -0.012 0 1 1 0 0.012 18945.dat
1 0 70 -208.567 -512.192 1 0 0 0 0.012 1 0 -1 0.012 2780.dat
1 71 60 -208.32700000000003 -532.192 0 0 1 1 -0.012 0 0.012 1 0 42003.dat
1 1 80 -210.96699999999998 -312.192 0 -1 0 -0.012 0 -1 1 0 -0.012 6558.dat
1 1 80 -290.967 -313.152 0 -1 0 -0.012 0 -1 1 0 -0.012 6558.dat
1 73 80 -210.96699999999998 -312.192 1 0 0 0 -0.012 -1 0 1 -0.012 32526.dat
1 0 120 -291.087 -303.152 0 -0.24300000000000002 0.97 0.012 0.97 0.24300000000000002 -1 0.01164 0.002916 2780.dat
1 73 80 -232.407 -192.43200000000002 0 -1 0 0.012 0 1 -1 0 0.012 64782.dat
1 0 80 -281.927 -233.03200000000004 0 0 -1 -1 -0.012 0 -0.012 1 0 2780.dat
1 0 80 -282.887 -153.03199999999998 0 0 -1 -1 -0.012 0 -0.012 1 0 2780.dat
1 73 80 -292.407 -193.15200000000002 1 0 0 0 1 -0.012 0 0.012 1 11954.dat
1 0 80 -193.72699999999998 -81.952 0 -1 0 0.012 0 1 -1 0 0.012 2780.dat
1 0 80 -233.72699999999998 -82.43200000000002 0 -1 0 0.012 0 1 -1 0 0.012 2780.dat
1 72 120 -213.84699999999998 -72.19200000000001 0 0 -1 1 0.012 0 0.012 -1 0 60484.dat
1 0 100 -213.96699999999998 -62.19200000000001 0 -1 0 0.012 0 1 -1 0 0.012 2780.dat
1 19 70 -293.12699999999995 -133.152 -1 0 0 0 -0.012 1 0 1 0.012 3749.dat
1 0 50 -293.12699999999995 -133.152 0 0 1 1 -0.012 0 0.012 1 0 59443.dat
1 71 20 -293.12699999999995 -133.152 1 0 0 0 -0.012 -1 0 1 -0.012 4519.dat
1 0 -10 -293.12699999999995 -133.152 0 0 1 1 -0.012 0 0.012 1 0 59443.dat
1 0 -50 -293.12699999999995 -133.152 1 0 0 0 -0.012 -1 0 1 -0.012 3705.dat
1 73 40 -336.593752 -193.53622000000001 0 1 0 0.99884 0 -0.058024000000000006 -0.058024000000000006 0 -0.99884 32525.dat
1 0 30 -331.95183199999997 -113.62902000000004 1 0 0 0 -0.99884 -0.058024000000000006 0 0.058024000000000006 -0.99884 2780.dat
1 0 30 -334.272792 -153.58262000000002 1 0 0 0 -0.99884 -0.058024000000000006 0 0.058024000000000006 -0.99884 2780.dat
1 0 30 -340.075192 -253.46662000000003 1 0 0 0 -0.99884 -0.058024000000000006 0 0.058024000000000006 -0.99884 2780.dat
1 73 20 -337.754232 -213.51302000000004 0 1 0 0.99884 0 -0.058024000000000006 -0.058024000000000006 0 -0.99884 32524.dat
1 71 20 -333.11231200000003 -133.60582000000002 0 -1 0 0.99884 0 0.058024000000000006 -0.058024000000000006 0 0.99884 60483.dat
1 1 0 -335.433272 -173.55942000000002 -1 0 0 0 -0.99884 0.058024000000000006 0 0.058024000000000006 0.99884 6558.dat
1 1 0 -336.593752 -193.53622000000001 -1 0 0 0 -0.99884 0.058024000000000006 0 0.058024000000000006 0.99884 6558.dat
1 1 0 -341.235672 -273.44342 -1 0 0 0 -0.99884 0.058024000000000006 0 0.058024000000000006 0.99884 6558.dat
1 71 0 -333.11231200000003 -133.60582000000002 -1 0 0 0 -0.99884 0.058024000000000006 0 0.058024000000000006 0.99884 44294.dat
1 73 0 -333.11231200000003 -133.60582000000002 0 -1 0 0.99884 0 0.058024000000000006 -0.058024000000000006 0 0.99884 32316.dat
1 73 0 -338.91471200000007 -233.48982000000004 0 1 0 -0.99884 0 0.058024000000000006 0.058024000000000006 0 0.99884 32316.dat
1 71 -20 -333.11231200000003 -133.60582000000002 0 -1 0 0.99884 0 0.058024000000000006 -0.058024000000000006 0 0.99884 60483.dat
1 73 -20 -337.754232 -213.51302000000004 0 1 0 0.99884 0 -0.058024000000000006 -0.058024000000000006 0 -0.99884 32524.dat
1 0 -30 -331.95183199999997 -113.62902000000004 1 0 0 0 -0.99884 -0.058024000000000006 0 0.058024000000000006 -0.99884 2780.dat
1 0 -30 -334.272792 -153.58262000000002 1 0 0 0 -0.99884 -0.058024000000000006 0 0.058024000000000006 -0.99884 2780.dat
1 0 -30 -340.075192 -253.46662000000003 1 0 0 0 -0.99884 -0.058024000000000006 0 0.058024000000000006 -0.99884 2780.dat
1 73 -40 -336.593752 -193.53622000000001 0 1 0 0.99884 0 -0.058024000000000006 -0.058024000000000006 0 -0.99884 32525.dat
1 70 0 -330.791352 -93.65222000000001 -1 0 0 0 1.000904 0.012010848 0 0.012010848 -1.000904 15462.dat
1 15 -15 -300.777623088 -93.29813212800002 0 -1 0 -0.012010848 0 -1.000904 1.000904 0 -0.012010848 32449.dat
1 15 -25 -300.777623088 -93.29813212800002 0 -1 0 -0.012010848 0 -1.000904 1.000904 0 -0.012010848 32449.dat
1 19 -40 -290.77275252 -93.18078807200001 -1 0 0 0 0.014066551999999982 -1.000021208 0 -1.000021208 -0.014066551999999982 32556.dat
1 308 -40 -270.7639522 -92.94504309600002 1 0 0 0 -0.012010848 -1.000904 0 1.000904 -0.012010848 22961.dat
1 0 -40 -270.64655012 -102.94891482400003 0 0 1 -0.012010848 -1.000904 0 1.000904 -0.012010848 0 6628.dat
1 15 15 -300.777623088 -93.29813212800002 0 1 0 0.012010848 0 -1.000904 -1.000904 0 -0.012010848 32449.dat
1 15 25 -300.777623088 -93.29813212800002 0 1 0 0.012010848 0 -1.000904 -1.000904 0 -0.012010848 32449.dat
1 308 40 -270.7639522 -92.94504309600002 -1 0 0 0 -0.012010848 1.000904 0 1.000904 0.012010848 22961.dat
1 0 40 -270.64655012 -102.94891482400003 0 0 1 -0.012010848 -1.000904 0 1.000904 -0.012010848 0 6628.dat
1 0 -39.004999999999995 -270.424037744 -112.95488371200003 -0.9950000000000001 -0.018 -0.10300000000000001 -0.10416948000000001 0.178477472 0.979774992 0.0010402960000000004 0.984827216 -0.179186192 2739a.dat
1 0 39.005 -270.424037744 -112.95488371200003 -0.9950000000000001 0.018 0.10300000000000001 0.10416948000000001 0.178477472 0.979774992 -0.0010402960000000004 0.984827216 -0.179186192 2739a.dat
1 71 -60 -250.817 -92.63852000000003 0 -1 0 -0.014000000000000002 0 -0.9999760000000001 0.9999760000000001 0 -0.014000000000000002 32316.dat
1 0 -40 -291.971412 -113.18426000000001 0 1 0 0.99884 0 -0.058024000000000006 -0.058024000000000006 0 -0.99884 32523.dat
1 73 -80 -189.527 -431.952 -1 0 0 0 -1 -0.012 0 -0.012 1 11954.dat
1 0 -80 -200.00699999999998 -392.072 0 1 0 1 0 0.012 0.012 0 -1 2780.dat
1 0 -80 -199.04700000000003 -472.072 0 1 0 1 0 0.012 0.012 0 -1 2780.dat
1 71 -80 -190.96699999999998 -311.952 0 -1 0 -0.012 0 -1 1 0 -0.012 87082.dat
1 71 -60 -148.087 -551.472 0 0 1 -0.012 -1 0 1 -0.012 0 15100.dat
1 73 -80 -249.527 -432.672 0 1 0 -0.012 0 1 1 0 0.012 18945.dat
1 0 -70 -208.567 -512.192 1 0 0 0 0.012 1 0 -1 0.012 2780.dat
1 71 -60 -208.32700000000003 -532.192 0 0 -1 -1 -0.012 0 -0.012 1 0 42003.dat
1 1 -80 -210.96699999999998 -312.192 0 1 0 -0.012 0 1 1 0 0.012 6558.dat
1 1 -80 -290.967 -313.152 0 1 0 -0.012 0 1 1 0 0.012 6558.dat
1 73 -80 -210.96699999999998 -312.192 -1 0 0 0 0.012 -1 0 -1 -0.012 32526.dat
1 0 -120 -291.087 -303.152 0 1 0 -0.012 0 1 1 0 0.012 2780.dat
1 73 -80 -232.407 -192.43200000000002 0 1 0 -0.012 0 1 1 0 0.012 64782.dat
1 0 -80 -281.927 -233.03200000000004 0 0 1 1 -0.012 0 0.012 1 0 2780.dat
1 0 -80 -282.887 -153.03199999999998 0 0 1 1 -0.012 0 0.012 1 0 2780.dat
1 73 -80 -292.407 -193.15200000000002 -1 0 0 0 1 0.012 0 0.012 -1 11954.dat
1 0 -80 -193.72699999999998 -81.952 0 1 0 -0.012 0 1 1 0 0.012 2780.dat
1 0 -80 -233.72699999999998 -82.43200000000002 0 1 0 -0.012 0 1 1 0 0.012 2780.dat
1 72 -120 -213.84699999999998 -72.19200000000001 0 0 1 -1 0.012 0 -0.012 -1 0 60484.dat
1 0 -100 -213.96699999999998 -62.19200000000001 0 1 0 -0.012 0 1 1 0 0.012 2780.dat
1 19 -60 -150.847 -321.472 0 0 1 -0.012 -1 0 1 -0.012 0 3749.dat
1 71 -60 -151.20700000000002 -291.472 0 0 1 -0.012 -1 0 1 -0.012 0 32054.dat
1 71 -60 -151.20700000000002 -291.472 1 0 0 0 0.012 1 0 -1 0.012 15100.dat
1 71 -60 -151.447 -271.472 1 0 0 0 0.012 1 0 -1 0.012 15100.dat
1 73 -40 -151.92700000000002 -231.47199999999998 0 -1 0 -1 0 0.012 -0.012 0 -1 32524.dat
1 0 -30 -151.687 -251.47199999999998 -1 0 0 0 1 0.012 0 0.012 -1 2780.dat
1 0 -30 -152.64700000000002 -171.47199999999998 -1 0 0 0 1 0.012 0 0.012 -1 2780.dat
1 73 -20 -152.407 -191.47199999999998 0 -1 0 -1 0 0.012 -0.012 0 -1 32524.dat
1 1 -30 -153.127 -131.47199999999998 -1 0 0 0 -1 -0.012 0 -0.012 1 43093.dat
1 0 -60 -153.127 -131.47199999999998 0 0 -1 -0.012 1 0 1 0.012 0 32013.dat
1 1 -30 -152.887 -151.47199999999998 -1 0 0 0 -1 -0.012 0 -0.012 1 43093.dat
1 72 -40 -152.887 -151.47199999999998 1 0 0 0 -1 0.012 0 -0.012 -1 32291.dat
1 0 -50 -173.00700000000003 -141.712 0 0 -1 0.012 -1 0 -1 -0.012 0 6628.dat
1 19 60 -150.847 -321.472 0 0 1 -0.012 -1 0 1 -0.012 0 3749.dat
1 71 60 -151.20700000000002 -291.472 0 0 1 -0.012 -1 0 1 -0.012 0 32054.dat
1 71 60 -151.20700000000002 -291.472 -1 0 0 0 0.012 -1 0 -1 -0.012 15100.dat
1 71 60 -151.447 -271.472 -1 0 0 0 0.012 -1 0 -1 -0.012 15100.dat
1 73 40 -151.92700000000002 -231.47199999999998 0 1 0 1 0 0.012 0.012 0 -1 32524.dat
1 0 30 -151.687 -251.47199999999998 -1 0 0 0 1 0.012 0 0.012 -1 2780.dat
1 0 30 -152.64700000000002 -171.47199999999998 -1 0 0 0 1 0.012 0 0.012 -1 2780.dat
1 73 20 -152.407 -191.47199999999998 0 1 0 1 0 0.012 0.012 0 -1 32524.dat
1 1 30 -153.127 -131.47199999999998 1 0 0 0 -1 0.012 0 -0.012 -1 43093.dat
1 0 60 -153.127 -131.47199999999998 0 0 1 0.012 1 0 -1 0.012 0 32013.dat
1 1 30 -152.887 -151.47199999999998 1 0 0 0 -1 0.012 0 -0.012 -1 43093.dat
1 72 40 -152.887 -151.47199999999998 1 0 0 0 -1 0.012 0 -0.012 -1 32291.dat
1 0 50 -173.00700000000003 -141.712 0 0 -1 0.012 -1 0 -1 -0.012 0 6628.dat
1 0 -70 -193.36700000000002 -111.952 -1 0 0 0 0.99884 -0.058024000000000006 0 -0.058024000000000006 -0.99884 2780.dat
1 0 -70 -173.36700000000005 -111.71199999999999 -1 0 0 0 0.99884 -0.058024000000000006 0 -0.058024000000000006 -0.99884 2780.dat
1 71 -60 -173.36700000000005 -111.71199999999999 0 0 -1 0.012 -1 0 -1 -0.012 0 42003.dat
1 0 -60 -153.247 -121.47199999999998 0 0 -1 0.012 -1 0 -1 -0.012 0 3705.dat
1 0 -60 -153.72700000000003 -81.47199999999998 0 1 0 1 0 0.012 0.012 0 -1 59443.dat
1 1 -60 -153.96699999999998 -61.47199999999998 0 0 1 0.012 1 0 -1 0.012 0 43093.dat
1 0 70 -193.36700000000002 -111.952 -1 0 0 0 0.99884 -0.058024000000000006 0 -0.058024000000000006 -0.99884 2780.dat
1 0 70 -173.36700000000005 -111.71199999999999 -1 0 0 0 0.99884 -0.058024000000000006 0 -0.058024000000000006 -0.99884 2780.dat
1 71 60 -173.36700000000005 -111.71199999999999 0 0 1 -0.012 -1 0 1 -0.012 0 42003.dat
1 0 60 -153.247 -121.47199999999998 0 0 1 -0.012 -1 0 1 -0.012 0 3705.dat
1 0 60 -153.72700000000003 -81.47199999999998 0 -1 0 -1 0 0.012 -0.012 0 -1 59443.dat
1 1 60 -153.96699999999998 -61.47199999999998 0 0 1 0.012 1 0 -1 0.012 0 43093.dat
1 73 -0.027000000000001023 -154.087 -51.47199999999998 0 0 -1 -1 -0.012 0 -0.012 1 0 41239.dat
1 71 -40.027 -154.087 -51.47199999999998 0 0 -1 -0.012 1 0 1 0.012 0 32054.dat
1 71 39.973 -154.087 -51.47199999999998 0 0 -1 -0.012 1 0 1 0.012 0 32054.dat
1 72 120 -154.31799999999998 -31.47189200000003 0 0 -1 0.012 -1 0 -1 -0.012 0 6536.dat
1 72 -120 -154.31799999999998 -31.47189200000003 0 0 -1 0.012 -1 0 -1 -0.012 0 6536.dat
1 72 120 -154.558 -11.471892000000025 0 0 -1 0.012 -1 0 -1 -0.012 0 6536.dat
1 72 -120 -154.558 -11.471892000000025 0 0 -1 0.012 -1 0 -1 -0.012 0 6536.dat
1 70 -120 -154.34199999999998 -29.471892000000025 0 0 1 -0.012 -1 0 1 -0.012 0 42066 - 24316.dat
1 70 120 -154.34199999999998 -29.471892000000025 0 0 1 -0.012 -1 0 1 -0.012 0 42066 - 24316.dat
1 0 120 -173.847108 -71.70299999999997 0 -1 0 1 0 -0.012 0.012 0 1 32523.dat
1 0 -120 -173.847108 -71.70299999999997 0 -1 0 1 0 -0.012 0.012 0 1 32523.dat
1 1 140.009 -174.08721600000004 -51.694000000000024 1 0 0 0 0.012 1 0 -1 0.012 6558.dat
1 1 -140.00900000000001 -174.08721600000004 -51.694000000000024 -1 0 0 0 0.012 -1 0 -1 -0.012 6558.dat
1 0 140.009 -174.32732400000003 -31.685000000000002 0 -1 0 1 0 -0.012 0.012 0 1 32523.dat
1 0 -140.00900000000001 -174.32732400000003 -31.685000000000002 0 -1 0 1 0 -0.012 0.012 0 1 32523.dat
1 1 -160.018 -174.32732400000003 -31.685000000000002 -1 0 0 0 0.012 -1 0 -1 -0.012 6558.dat
1 1 160.018 -174.32732400000003 -31.685000000000002 1 0 0 0 0.012 1 0 -1 0.012 6558.dat
1 0 160.018 -174.32732400000003 -31.685000000000002 0 -1 0 1 0 -0.012 0.012 0 1 32523.dat
1 0 -160.018 -174.32732400000003 -31.685000000000002 0 -1 0 1 0 -0.012 0.012 0 1 32523.dat
1 1 60 -276.24700000000007 127.088 -1 0 0 0 0.012 -1 0 -1 -0.012 6558.dat
1 1 -60 -276.24700000000007 127.088 1 0 0 0 -0.012 -1 0 1 -0.012 6558.dat
1 73 0 -293.847 -73.15199999999999 0 0 -1 1 0.012 0 0.012 -1 0 41239.dat
1 1 80 -293.847 -73.15199999999999 0 0 -1 -0.012 1 0 1 0.012 0 6558.dat
1 1 -80 -293.847 -73.15199999999999 0 0 -1 -0.012 1 0 1 0.012 0 6558.dat
1 0 -100 -293.967 -63.15199999999999 0 0 -1 -0.012 1 0 1 0.012 0 2780.dat
1 0 100 -293.967 -63.15199999999999 0 0 -1 -0.012 1 0 1 0.012 0 2780.dat
1 0 40 -293.967 -63.15199999999999 0 0 -1 -0.012 1 0 1 0.012 0 2780.dat
1 0 -40 -293.967 -63.15199999999999 0 0 -1 -0.012 1 0 1 0.012 0 2780.dat
1 1 -20 -294.087 -53.15199999999999 0 0 -1 -0.012 1 0 1 0.012 0 6558.dat
1 1 20 -294.087 -53.15199999999999 0 0 -1 -0.012 1 0 1 0.012 0 6558.dat
1 71 40 -274.087 -52.912 -1 0 0 0 -1 -0.012 0 -0.012 1 63869.dat
1 72 60 -274.087 -52.912 -1 0 0 0 -1 -0.012 0 -0.012 1 11214.dat
1 72 60 -274.087 -52.912 0 1 0 1 0 0.012 0.012 0 -1 18654.dat
1 71 -40 -274.087 -52.912 1 0 0 0 -1 0.012 0 -0.012 -1 63869.dat
1 72 -60 -274.087 -52.912 1 0 0 0 -1 0.012 0 -0.012 -1 11214.dat
1 72 -60 -274.087 -52.912 0 -1 0 1 0 -0.012 0.012 0 1 18654.dat
1 1 -60 -294.327 -33.15199999999999 0 0 -1 -0.012 1 0 1 0.012 0 6558.dat
1 1 60 -294.327 -33.15199999999999 0 0 -1 -0.012 1 0 1 0.012 0 6558.dat
1 19 0 -293.967 -63.15199999999999 0 0 -1 -0.012 1 0 1 0.012 0 3749.dat
1 0 0 -294.207 -43.15199999999999 1 0 0 0 1 -0.012 0 0.012 1 59443.dat
1 72 0 -294.89099999999996 13.848000000000013 0 0 -1 -0.012 1 0 1 0.012 0 32209.dat
1 72 20 -214.327 -32.19199999999999 1 0 0 0 -0.012 -1 0 1 -0.012 32526.dat
1 72 -20 -214.327 -32.19199999999999 -1 0 0 0 0.012 -1 0 -1 -0.012 32526.dat
1 70 -40 -294.78299999999996 4.848000000000013 0 -1 0 0.012 0 1 -1 0 0.012 42066 - 24316.dat
1 70 40 -294.78299999999996 4.848000000000013 0 -1 0 0.012 0 1 -1 0 0.012 42066 - 24316.dat
1 72 0 -294.567 -13.151999999999989 0 0 -1 -1 -0.012 0 -0.012 1 0 32524.dat
1 71 0 -294.807 6.848000000000014 1 0 0 0 1 -0.012 0 0.012 1 94925.dat
1 4 40 -294.807 6.848000000000014 0.988 -0.156 0 0.156 0.988 -0.012 0.001872 0.011856000000000002 1 18946.dat
1 4 -40 -294.807 6.848000000000014 0.988 0.156 0 -0.156 0.988 -0.012 -0.001872 0.011856000000000002 1 18946.dat
1 4 0 -285.047 26.968000000000018 -1 0 0 0 -0.012 1 0 1 0.012 43857.dat
1 72 0 -295.28700000000003 46.84800000000002 -1 0 0 0 1 0.012 0 0.012 -1 10928.dat
1 15 40 -295.263 44.84800000000001 -1 0 0 0 1 0.012 0 0.012 -1 18948.dat
1 15 -40 -295.263 44.84800000000001 -1 0 0 0 1 0.012 0 0.012 -1 18948.dat
1 0 -40 -295.88700000000006 96.84800000000003 0 -1 0 -0.012 0 -1 1 0 -0.012 3705.dat
1 0 40 -295.88700000000006 96.84800000000003 0 -1 0 -0.012 0 -1 1 0 -0.012 3705.dat
1 72 40 -295.263 44.84800000000001 -0.003 -1 0 1 -0.003 -0.012 0.012 -0.000036 1 18947.dat
1 72 -40 -295.28700000000003 46.84800000000002 0 -1 0 1 0 -0.012 0.012 0 1 18947.dat
1 4 40 -295.76700000000005 86.84800000000001 0.988 -0.156 0 0.156 0.988 -0.012 0.001872 0.011856000000000002 1 18946.dat
1 4 -40 -295.76700000000005 86.84800000000001 0.988 0.156 0 -0.156 0.988 -0.012 -0.001872 0.011856000000000002 1 18946.dat
1 0 0 -276.00700000000006 107.08800000000004 0 -1 0 -1 0 0.012 -0.012 0 -1 32184.dat
1 71 20 -296.00700000000006 106.84800000000003 0 -1 0 -1 0 0.012 -0.012 0 -1 4519.dat
1 71 -20 -296.00700000000006 106.84800000000003 0 -1 0 -1 0 0.012 -0.012 0 -1 4519.dat
1 71 0 -296.00700000000006 106.84800000000003 0 0 -1 -1 -0.012 0 -0.012 1 0 14720.dat
1 0 0 -316.00700000000006 106.60800000000002 0 -1 0 -1 0 0.012 -0.012 0 -1 32184.dat
1 1 40 -316.12700000000007 116.60800000000002 0 -1 0 -0.012 0 -1 1 0 -0.012 4274.dat
1 1 -40 -316.12700000000007 116.60800000000002 0 -1 0 -0.012 0 -1 1 0 -0.012 4274.dat
1 71 40 -276.24700000000007 127.08800000000004 0 1 0 0.012 0 -1 -1 0 -0.012 15100.dat
1 71 -40 -276.24700000000007 127.08800000000004 0 1 0 0.012 0 -1 -1 0 -0.012 15100.dat
1 72 0 -275.683 80.08800000000002 0 1 0 0.012 0 -1 -1 0 -0.012 32209.dat
1 19 0 -275.76700000000005 87.08800000000002 0 1 0 -1 0 -0.012 -0.012 0 1 32269.dat
1 1 0 -315.76700000000005 86.60800000000002 0 1 0 0.012 0 -1 -1 0 -0.012 6558.dat
1 72 0 -315.76700000000005 86.60800000000002 -1 0 0 0 0.012 -1 0 -1 -0.012 18654.dat
1 0 0 -295.52700000000004 66.84800000000001 -1 0 0 0 0.012 -1 0 -1 -0.012 32523.dat
1 72 0 -275.28700000000003 47.08800000000003 0 -1 0 1 0 -0.012 0.012 0 1 10928.dat
1 0 0 -276.3670000000001 137.08800000000002 0 -1 0 1 0 -0.012 0.012 0 1 59443.dat
1 0 40 -296.36699999999996 136.848 1 0 0 0 1 -0.012 0 0.012 1 59443.dat
1 0 -40 -296.36699999999996 136.848 1 0 0 0 1 -0.012 0 0.012 1 59443.dat
1 0 80 -275.047 27.087999999999965 0 1 0 1 0 0.012 0.012 0 -1 32525.dat
1 0 -80 -275.047 27.087999999999965 0 1 0 1 0 0.012 0.012 0 -1 32525.dat
1 0 90 -273.367 -112.91200000000003 -1 0 0 0 0.99884 -0.058024000000000006 0 -0.058024000000000006 -0.99884 2780.dat
1 0 90 -273.847 -72.91200000000003 -1 0 0 0 0.99884 -0.058024000000000006 0 -0.058024000000000006 -0.99884 2780.dat
1 0 100 -273.607108 -92.90300000000002 0 -1 0 -1 0 0.012 -0.012 0 -1 32523.dat
1 71 100 -254.087 -52.672000000000025 -1 0 0 0 -0.012 1 0 1 0.012 32316.dat
1 0 100 -234.207 -42.432000000000016 0 1 0 -0.012 0 1 1 0 0.012 2780.dat
1 0 100 -274.207 -42.912000000000035 0 1 0 -0.012 0 1 1 0 0.012 2780.dat
1 72 140 -254.327 -32.672000000000025 0 0 -1 1 0.012 0 0.012 -1 0 60484.dat
1 71 140 -254.567 -12.672000000000025 0 0 -1 1 0.012 0 0.012 -1 0 42066 - 55615.dat
1 0 160 -256.00700000000006 107.328 0 -1 0 1 0 -0.012 0.012 0 1 32278.dat
1 0 170 -256.24700000000007 127.328 -1 0 0 0 -0.012 1 0 1 0.012 2780.dat
1 1 160 -257.687 247.328 -1 0 0 0 0.012 -1 0 -1 -0.012 6558.dat
1 0 170 -254.327 -32.672000000000025 -1 0 0 0 -0.012 1 0 1 0.012 2780.dat
1 0 180 -197.927 268.048 0 -1 0 0.012 0 1 -1 0 0.012 15458.dat
1 0 180 -216.60700000000003 157.808 0 -1 0 0.012 0 1 -1 0 0.012 2780.dat
1 0 180 -176.60700000000003 158.288 0 -1 0 0.012 0 1 -1 0 0.012 2780.dat
1 0 180 -227.207 207.688 0 0 1 1 -0.012 0 0.012 1 0 2780.dat
1 0 180 -227.447 227.688 0 0 1 1 -0.012 0 0.012 1 0 2780.dat
1 0 180 -227.927 267.688 0 0 1 1 -0.012 0 0.012 1 0 2780.dat
1 0 180 -228.167 287.688 0 0 1 1 -0.012 0 0.012 1 0 2780.dat
1 0 180 -215.287 47.80799999999999 0 -1 0 -0.012 0 -1 1 0 -0.012 64782.dat
1 1 180 -179.367 388.288 0 1 0 0.012 0 -1 -1 0 -0.012 6558.dat
1 0 180 -199.247 378.048 0 1 0 0.012 0 -1 -1 0 -0.012 2780.dat
1 0 180 -199.36700000000002 388.048 -1 0 0 0 0.012 -1 0 -1 -0.012 32523.dat
1 1 180 -219.60700000000003 407.808 0 1 0 0.012 0 -1 -1 0 -0.012 6558.dat
1 0 180 -199.60700000000003 408.048 -1 0 0 0 0.012 -1 0 -1 -0.012 32523.dat
1 0 180 -199.72700000000003 418.048 0 -1 0 -0.012 0 -1 1 0 -0.012 2780.dat
1 0 180 -259.847 427.328 1 0 0 0 0.012 1 0 -1 0.012 87080.dat
1 71 160 -240.32700000000003 467.568 -1 0 0 0 -0.012 1 0 1 0.012 32054.dat
1 0 240 -237.447 227.568 0 0 -1 0.012 -1 0 -1 -0.012 0 32140.dat
1 0 240 -238.167 287.568 0 0 -1 0.012 -1 0 -1 -0.012 0 32140.dat
1 1 170 -257.207 207.32799999999997 1 0 0 0 1 -0.012 0 0.012 1 43093.dat
1 71 200 -257.207 207.32799999999997 1 0 0 0 1 -0.012 0 0.012 1 32054.dat
1 0 180 -208.407 307.928 0 -1 0 1 0 -0.012 0.012 0 1 3705.dat
1 72 180 -258.407 307.328 0 1 0 -1 0 -0.012 -0.012 0 1 32524.dat
1 1 200 -257.927 267.328 1 0 0 0 0.012 1 0 -1 0.012 6558.dat
1 1 200 -258.647 327.328 1 0 0 0 0.012 1 0 -1 0.012 6558.dat
1 72 200 -257.927 267.328 0 1 0 -1 0 -0.012 -0.012 0 1 32524.dat
1 0 210 -258.16700000000003 287.328 -1 0 0 0 -0.012 1 0 1 0.012 2780.dat
1 71 200 -259.127 367.328 0 1 0 -0.9996880000000001 0 -0.038 -0.038 0 0.9996880000000001 60483.dat
1 0 210 -259.886916 387.31476 -1 0 0 0 -0.012 1 0 1 0.012 2780.dat
1 0 320 -258.407 307.328 -1 0 0 0 1 0.012 0 0.012 -1 15458.dat
1 0 260 -258.047 277.328 0 1 0 -0.012 0 1 1 0 0.012 2780.dat
1 0 380 -258.047 277.328 0 1 0 -0.012 0 1 1 0 0.012 2780.dat
1 0 320 -257.447 227.328 -1 0 0 0 -1 -0.012 0 -0.012 1 18945.dat
1 0 430 -258.647 327.328 -1 0 0 0 -0.012 1 0 1 0.012 2780.dat
1 0 430 -257.447 227.328 -1 0 0 0 -0.012 1 0 1 0.012 2780.dat
1 4 240 -247.447 227.44799999999998 0 1 0 -1 0 -0.012 -0.012 0 1 32062.dat
1 4 240 -248.167 287.448 0 1 0 -1 0 -0.012 -0.012 0 1 32062.dat
1 0 320 -260.126916 407.31476 -1 0 0 0 1 0.012 0 0.012 -1 18945.dat
1 1 430 -259.64691600000003 367.31476 1 0 0 0 -1 0.012 0 -0.012 -1 43093.dat
1 0 440 -258.407 307.328 0 1 0 1 0 0.012 0.012 0 -1 32525.dat
1 1 450 -258.407 307.328 1 0 0 0 -1 0.012 0 -0.012 -1 4274.dat
1 36 458.00000000000006 -258.407 307.328 0 -1 0 -1 0 0.012 -0.012 0 -1 98138.dat
1 0 -90 -273.847 -72.91200000000003 1 0 0 0 -0.9971600000000002 0.08197600000000001 0 -0.08197600000000001 -0.9971600000000002 2780.dat
1 0 -100 -273.607108 -92.90300000000002 0 1 0 1 0 0.012 0.012 0 -1 32523.dat
1 0 -90 -273.367 -112.91200000000003 1 0 0 0 -0.9971600000000002 0.08197600000000001 0 -0.08197600000000001 -0.9971600000000002 2780.dat
1 72 -140 -254.327 -32.672000000000025 0 0 1 -1 0.012 0 -0.012 -1 0 60484.dat
1 71 -100 -254.087 -52.672000000000025 -1 0 0 0 -0.012 1 0 1 0.012 32316.dat
1 0 -100 -234.207 -42.432000000000016 0 -1 0 0.012 0 1 -1 0 0.012 2780.dat
1 0 -100 -274.207 -42.912000000000035 0 -1 0 0.012 0 1 -1 0 0.012 2780.dat
1 71 -140 -254.567 -12.672000000000025 0 0 1 -1 0.012 0 -0.012 -1 0 42066 - 55615.dat
1 0 -100 -264.567 -12.79200000000003 0 -0.998 0.07 -1 0.0008400000000000003 0.011976 -0.012 -0.07 -0.998 2780.dat
1 71 -100 -274.807 7.087999999999965 0 1 0 0.012 0 -1 -1 0 -0.012 44809.dat
1 0 -160 -256.00700000000006 107.328 0 -1 0 1 0 -0.012 0.012 0 1 32278.dat
1 0 -170 -254.327 -32.672000000000025 -1 0 0 0 -0.012 1 0 1 0.012 2780.dat
1 0 -170 -256.24700000000007 127.328 -1 0 0 0 -0.012 1 0 1 0.012 2780.dat
1 1 -160 -257.687 247.328 1 0 0 0 0.012 1 0 -1 0.012 6558.dat
1 0 -180 -197.927 268.048 0 1 0 -0.012 0 1 1 0 0.012 15458.dat
1 0 -180 -216.60700000000003 157.808 0 1 0 -0.012 0 1 1 0 0.012 2780.dat
1 0 -180 -176.60700000000003 158.288 0 1 0 -0.012 0 1 1 0 0.012 2780.dat
1 0 -180 -227.207 207.688 0 0 -1 -1 -0.012 0 -0.012 1 0 2780.dat
1 0 -180 -227.447 227.688 0 0 -1 -1 -0.012 0 -0.012 1 0 2780.dat
1 0 -180 -227.927 267.688 0 0 -1 -1 -0.012 0 -0.012 1 0 2780.dat
1 0 -180 -228.167 287.688 0 0 -1 -1 -0.012 0 -0.012 1 0 2780.dat
1 0 -180 -215.287 47.80799999999999 0 1 0 0.012 0 -1 -1 0 -0.012 64782.dat
1 1 -180 -179.367 388.288 0 -1 0 0.012 0 1 -1 0 0.012 6558.dat
1 0 -180 -199.247 378.048 0 -1 0 -0.012 0 -1 1 0 -0.012 2780.dat
1 0 -180 -199.36700000000002 388.048 -1 0 0 0 0.012 -1 0 -1 -0.012 32523.dat
1 1 -180 -219.60700000000003 407.808 0 -1 0 0.012 0 1 -1 0 0.012 6558.dat
1 0 -180 -199.60700000000003 408.048 -1 0 0 0 0.012 -1 0 -1 -0.012 32523.dat
1 0 -180 -199.72700000000003 418.048 0 1 0 0.012 0 -1 -1 0 -0.012 2780.dat
1 0 -180 -259.847 427.328 1 0 0 0 0.012 1 0 -1 0.012 87086.dat
1 71 -160 -240.32700000000003 467.568 1 0 0 0 -0.012 -1 0 1 -0.012 32054.dat
1 0 -240 -237.447 227.568 0 0 1 0.012 1 0 -1 0.012 0 32140.dat
1 0 -240 -238.167 287.568 0 0 1 0.012 1 0 -1 0.012 0 32140.dat
1 0 -180 -208.407 307.928 0 1 0 -1 0 -0.012 -0.012 0 1 3705.dat
1 1 -170 -257.207 207.32799999999997 -1 0 0 0 -1 -0.012 0 -0.012 1 43093.dat
1 71 -200 -257.207 207.32799999999997 -1 0 0 0 -1 -0.012 0 -0.012 1 32054.dat
1 72 -180 -258.407 307.328 0 -1 0 1 0 -0.012 0.012 0 1 32524.dat
1 1 -200 -258.647 327.328 -1 0 0 0 0.012 -1 0 -1 -0.012 6558.dat
1 1 -200 -257.927 267.328 -1 0 0 0 0.012 -1 0 -1 -0.012 6558.dat
1 72 -200 -257.927 267.328 0 -1 0 1 0 -0.012 0.012 0 1 32524.dat
1 0 -210 -258.16700000000003 287.328 -1 0 0 0 -0.012 1 0 1 0.012 2780.dat
1 71 -200 -259.127 367.328 0 1 0 -0.9996880000000001 0 -0.038 -0.038 0 0.9996880000000001 60483.dat
1 0 -210 -259.887 387.32176000000004 -1 0 0 0 -0.012 1 0 1 0.012 2780.dat
1 0 -320 -257.447 227.328 1 0 0 0 1 -0.012 0 0.012 1 18945.dat
1 0 -260 -258.047 277.328 0 1 0 -0.012 0 1 1 0 0.012 2780.dat
1 0 -380 -258.047 277.328 0 1 0 -0.012 0 1 1 0 0.012 2780.dat
1 0 -320 -258.407 307.328 -1 0 0 0 1 0.012 0 0.012 -1 15458.dat
1 0 -430 -258.647 327.328 -1 0 0 0 -0.012 1 0 1 0.012 2780.dat
1 0 -430 -257.447 227.328 -1 0 0 0 -0.012 1 0 1 0.012 2780.dat
1 4 -240 -247.447 227.44799999999998 0 1 0 -1 0 -0.012 -0.012 0 1 32062.dat
1 4 -240 -248.167 287.448 0 1 0 -1 0 -0.012 -0.012 0 1 32062.dat
1 0 -320 -260.127 407.32176000000004 1 0 0 0 -1 0.012 0 -0.012 -1 18945.dat
1 1 -430 -259.647 367.32176000000004 -1 0 0 0 1 0.012 0 0.012 -1 43093.dat
1 0 -438.00000000000006 -258.927 307.32176 0 -1 0 -1 0 0.012 -0.012 0 -1 32525.dat
1 1 -448.00000000000006 -258.927 307.32176 -1 0 0 0 1 0.012 0 0.012 -1 4274.dat
1 34 -456 -258.927 307.32176 0 1 0 1 0 0.012 0.012 0 -1 98138.dat
1 72 60 -180.08700000000002 -551.856 0 0.968 0.25 -1 0.003 -0.011616000000000001 -0.012 -0.25 0.968 87083.dat
1 72 -60 -180.08700000000002 -551.856 0 0.968 -0.25 -1 -0.003 -0.011616000000000001 -0.012 0.25 0.968 87083.dat
1 71 -60 -190.08700000000002 -551.976 0.25 0 0.968 0.011616000000000001 1 -0.003 -0.968 0.012 0.25 15100.dat
1 71 -60 -170.08700000000002 -551.736 0.25 0 0.968 0.011616000000000001 1 -0.003 -0.968 0.012 0.25 15100.dat
1 73 -74.36500000000001 -189.79462 -576.341 0.968 0 0.25 -0.003 -1 0.011616000000000001 0.25 -0.012 -0.968 64393.dat
1 1 0 -160.371104 -710.8003280000001 1 0 0 0 -0.9944160000000001 -0.10608400000000001 0 0.10608400000000001 -0.9944160000000001 6558.dat
1 71 0 -151.86137200000002 -631.2477720000002 1 0 0 0 -0.9944160000000001 -0.10608400000000001 0 0.10608400000000001 -0.9944160000000001 4519.dat
1 73 -20 -151.86137200000002 -631.2477720000002 0 -1 0 -0.9944160000000001 0 -0.10608400000000001 0.10608400000000001 0 -0.9944160000000001 32271.dat
1 73 20 -151.86137200000002 -631.2477720000002 0 -1 0 -0.9944160000000001 0 -0.10608400000000001 0.10608400000000001 0 -0.9944160000000001 32271.dat
1 71 60 -190.08700000000002 -551.976 -0.25 0 0.968 0.011616000000000001 1 0.003 -0.968 0.012 -0.25 15100.dat
1 71 60 -170.08700000000002 -551.736 -0.25 0 0.968 0.011616000000000001 1 0.003 -0.968 0.012 -0.25 15100.dat
1 73 74.365 -189.79462 -576.341 0.968 0 -0.25 0.003 -1 0.011616000000000001 -0.25 -0.012 -0.968 64681.dat
1 0 -64.36500000000001 -199.32986 -615.191 0 -0.25 0.968 1 -0.011616000000000001 -0.003 0.012 0.968 0.25 2780.dat
1 0 -54.36500000000001 -198.8651 -653.9210000000002 0 -0.25 0.968 1 -0.011616000000000001 -0.003 0.012 0.968 0.25 2780.dat
1 0 64.365 -199.32986 -615.191 0 0.25 0.968 1 -0.011616000000000001 0.003 0.012 0.968 -0.25 2780.dat
1 0 54.364999999999995 -198.8651 -653.9210000000002 0 0.25 0.968 1 -0.011616000000000001 0.003 0.012 0.968 -0.25 2780.dat
1 73 -64.36500000000001 -209.32986 -615.3110000000001 0.968 0 0.25 -0.003 -1 0.011616000000000001 0.25 -0.012 -0.968 32524.dat
1 73 64.365 -209.32986 -615.3110000000001 0.968 0 -0.25 0.003 -1 0.011616000000000001 -0.25 -0.012 -0.968 32524.dat
1 19 -59.36500000000001 -219.09748000000002 -634.796 0 -0.968 0.25 -1 0.003 0.011616000000000001 -0.012 -0.25 -0.968 32002.dat
1 19 59.364999999999995 -219.09748000000002 -634.796 0 -0.968 -0.25 -1 -0.003 0.011616000000000001 -0.012 0.25 -0.968 32002.dat
1 15 0.6350000000000016 -224.09748000000002 -634.856 0 0 1 0.012 1 0 -1 0.012 0 32065.dat
1 72 -10 -248.56700000000004 -512.672 -1 0 0 0 0.942112 0.335352 0 0.335352 -0.942112 55013.dat
1 73 20 -272.8374 -563.7705600000002 0 -1 0 -0.942112 0 0.335352 -0.335352 0 -0.942112 64681.dat
1 1 0 -259.42332 -601.45504 -1 0 0 0 0.942112 0.335352 0 0.335352 -0.942112 6558.dat
1 1 0 -246.00924000000003 -639.1395200000001 -1 0 0 0 0.942112 0.335352 0 0.335352 -0.942112 6558.dat
1 0 0 -232.59516000000005 -676.8240000000002 0 -1 0 -0.942112 0 0.335352 -0.335352 0 -0.942112 32525.dat
1 73 -20 -272.8374 -563.7705600000002 0 1 0 0.942112 0 0.335352 0.335352 0 -0.942112 64393.dat
1 0 -20 -257.34868 -547.6424000000001 0 1 0 -0.335352 0 0.942112 0.942112 0 0.335352 2780.dat
1 0 20 -257.34868 -547.6424000000001 0 1 0 -0.335352 0 0.942112 0.942112 0 0.335352 2780.dat
1 72 20 -241.85996000000003 -531.51424 -1 0 0 0 -0.942112 -0.335352 0 -0.335352 0.942112 6536.dat
1 72 -20 -241.85996000000003 -531.51424 -1 0 0 0 -0.942112 -0.335352 0 -0.335352 0.942112 6536.dat
1 0 -40 -250.64164000000002 -566.48464 0 1 0 -0.335352 0 0.942112 0.942112 0 0.335352 2780.dat
1 0 40 -250.64164000000002 -566.48464 0 1 0 -0.335352 0 0.942112 0.942112 0 0.335352 2780.dat
1 72 -40 -228.44588000000002 -569.19872 -1 0 0 0 -0.942112 -0.335352 0 -0.335352 0.942112 6536.dat
1 72 40 -228.44588000000002 -569.19872 -1 0 0 0 -0.942112 -0.335352 0 -0.335352 0.942112 6536.dat
1 14 0 -228.44588000000002 -569.19872 -1 0 0 0 -0.942112 -0.335352 0 -0.335352 0.942112 32073.dat
1 71 20 -228.44588000000002 -569.19872 0 -1 0 -0.335352 0 -0.942112 0.942112 0 -0.335352 60483.dat
1 71 -20 -228.44588000000002 -569.19872 0 -1 0 -0.335352 0 -0.942112 0.942112 0 -0.335352 60483.dat
1 1 0 -247.28812000000005 -575.90576 -1 0 0 0 0.335352 -0.942112 0 -0.942112 -0.335352 6558.dat
1 0 0 -248.56700000000004 -512.672 0 -1 0 -0.942112 0 0.335352 -0.335352 0 -0.942112 32140.dat
1 71 0 -241.85996000000003 -531.51424 1 0 0 0 -0.942112 0.335352 0 -0.335352 -0.942112 4519.dat
1 71 0 -198.998924 -771.0374680000001 1 0 0 0 0.858988 -0.51138 0 0.51138 0.858988 4519.dat
1 71 -20 -270.7647 -509.96294400000005 0 -0.993 -0.118 -0.335352 0.11154400000000002 -0.935136 0.942112 0.039344000000000004 -0.333268 61184.dat
1 71 20 -270.7647 -509.96294400000005 0 -0.993 -0.118 -0.335352 0.11154400000000002 -0.935136 0.942112 0.039344000000000004 -0.333268 61184.dat
1 15 0 -267.40918 -519.38404 0 0 1 -0.942112 0.335352 0 -0.335352 -0.942112 0 42066 - 32523p01.dat
1 0 0 -273.447516 -502.4260480000001 1 0 0 0 0.335352 0.942112 0 -0.942112 0.335352 3020.dat
1 0 20 -285.551452 -498.2426720000001 1 0 0 0 0.335352 0.942112 0 -0.942112 0.335352 99207.dat
1 0 -20 -285.551452 -498.2426720000001 1 0 0 0 0.335352 0.942112 0 -0.942112 0.335352 99207.dat
1 0 0 -266.709212 -491.5356320000001 1 0 0 0 0.335352 0.942112 0 -0.942112 0.335352 3666.dat
1 0 50 -269.392028 -483.99873600000006 0 0 1 -0.942112 0.335352 0 -0.335352 -0.942112 0 3069b.dat
1 0 -50 -269.392028 -483.99873600000006 0 0 1 -0.942112 0.335352 0 -0.335352 -0.942112 0 3069b.dat
1 0 0 -278.813148 -487.35225600000007 -1 0 0 0 0.335352 -0.942112 0 -0.942112 -0.335352 87079.dat
1 0 0 -310.30214 -494.31507200000004 -1 0 0 0 0.942112 0.335352 0 0.335352 -0.942112 87079.dat
1 73 0.35399999999999926 -293.770244 -548.282488 0 0.383 -0.9240000000000002 0.287532 -0.8849037120000002 -0.366794504 -0.957688 -0.26567956800000003 -0.11012475600000002 32192.dat
1 4 28.070000000000004 -282.775028072 -544.981333108 -0.9240000000000002 0.383 0 -0.366794504 -0.8849037120000002 -0.287532 -0.11012475600000002 -0.26567956800000003 0.957688 32062.dat
1 4 -27.362000000000002 -282.775028072 -544.981333108 -0.9240000000000002 -0.383 0 0.366794504 -0.8849037120000002 -0.287532 0.11012475600000002 -0.26567956800000003 0.957688 32062.dat
1 0 -55.075 -271.650230304 -542.1152560999999 0.383 0.017 -0.9240000000000002 0.8828909880000002 0.287532 0.3713950160000001 0.272383384 -0.957688 0.09480174800000002 32015.dat
1 0 55.787000000000006 -271.78076983200003 -541.680465748 -0.383 0.847 -0.37 0.8828909880000002 0.453459288 0.12413192800000007 0.272383384 -0.27937349600000005 -0.921137256 32015.dat
1 4 -66.164 -275.358000284 -514.489850448 -0.37 0.847 0.383 -0.12413192800000007 -0.453459288 0.8828909880000002 0.921137256 0.27937349600000005 0.272383384 32062.dat
1 4 66.875 -275.488539812 -514.0550600959999 0.37 0.383 0.847 -0.12413192800000007 -0.8828909880000002 0.453459288 0.921137256 -0.272383384 -0.27937349600000005 32062.dat
1 0 -77.252 -279.064812576 -486.8641572639999 -0.383 -0.9240000000000002 0.017 -0.8828909880000002 0.3713950160000001 0.287532 -0.272383384 0.09480174800000002 -0.957688 32016.dat
1 0 77.964 -279.195352104 -486.4293669119999 -0.383 0.9240000000000002 -0.017 0.8828909880000002 0.3713950160000001 0.287532 0.272383384 0.09480174800000002 -0.957688 32016.dat
1 71 -77.95 -290.564367384 -448.56238339199996 -0.017 0.9240000000000002 0.383 -0.287532 -0.3713950160000001 0.8828909880000002 0.957688 -0.09480174800000002 0.272383384 4519.dat
1 71 78.662 -290.69490691199996 -448.12759303999997 0.017 0.9240000000000002 -0.383 -0.287532 0.3713950160000001 0.8828909880000002 0.957688 0.09480174800000002 0.272383384 4519.dat
1 0 -77.95 -290.564367384 -448.56238339199996 -0.017 0.9240000000000002 -0.383 -0.287532 0.362193992 0.8869164360000001 0.957688 0.12544776400000002 0.2589757520000001 32013.dat
1 0 78.662 -290.69490691199996 -448.12759303999997 -0.017 -0.9240000000000002 0.383 0.287532 0.362193992 0.8869164360000001 -0.957688 0.12544776400000002 0.2589757520000001 32013.dat
1 0 -78.648 -302.063922192 -410.26060951999995 -0.383 -0.9240000000000002 0.017 -0.8828909880000002 0.3713950160000001 0.287532 -0.272383384 0.09480174800000002 -0.957688 32034.dat
1 0 79.36 -302.19446172 -409.825819168 0.383 -0.9240000000000002 -0.017 -0.8828909880000002 -0.3713950160000001 0.287532 -0.272383384 -0.09480174800000002 -0.957688 32034.dat
1 4 -79.172 -310.68873206399996 -381.53380027199995 0.017 -0.9240000000000002 0.383 0.287532 0.3713950160000001 0.8828909880000002 -0.957688 0.09480174800000002 0.272383384 32062.dat
1 4 79.884 -310.81898406 -381.09996760799993 -0.017 -0.9240000000000002 -0.383 0.287532 -0.3713950160000001 0.8828909880000002 -0.957688 -0.09480174800000002 0.272383384 32062.dat
1 0 -79.521 -316.438509468 -362.38291333599994 0.383 -0.9240000000000002 -0.017 0.8828909880000002 0.3713950160000001 -0.287532 0.272383384 0.09480174800000002 0.957688 59443.dat
1 0 80.233 -316.568761464 -361.949080672 -0.383 -0.9240000000000002 0.017 0.8828909880000002 -0.3713950160000001 -0.287532 0.272383384 -0.09480174800000002 0.957688 59443.dat
1 1 -79.87 -322.18828687200005 -343.2320264 0.017 -0.9240000000000002 0.383 0.287532 0.3713950160000001 0.8828909880000002 -0.957688 0.09480174800000002 0.272383384 43093.dat
1 1 80.582 -322.318538868 -342.7981937359999 -0.017 -0.9240000000000002 -0.383 0.287532 -0.3713950160000001 0.8828909880000002 -0.957688 -0.09480174800000002 0.272383384 43093.dat
1 1 120 -293.847 -73.15199999999999 0 0.99 0.14 0.012 0.14 -0.99 -1 0.0016800000000000005 -0.01188 6558.dat
1 0 180 -253.96699999999998 -62.672000000000025 0 0.9950000000000001 -0.099 0.012 -0.099 -0.9950000000000001 -1 -0.0011880000000000003 -0.011940000000000003 2780.dat
1 308 180 -253.84700000000004 -72.67200000000003 0.9950000000000001 0 -0.099 -0.099 -0.012 -0.9950000000000001 -0.0011880000000000003 1 -0.011940000000000003 22961.dat
1 72 199.90200000000002 -255.829 -72.695784 0.9950000000000001 -0.099 0 -0.099 -0.9950000000000001 0.012 -0.0011880000000000003 -0.011940000000000003 -1 6536.dat
1 1 197.92000000000002 -275.73 -72.934596 0 0.9950000000000001 -0.099 0.012 -0.099 -0.9950000000000001 -1 -0.0011880000000000003 -0.011940000000000003 6558.dat
1 73 158.96 -283.349 -193.04330400000003 0 -0.22600000000000003 -0.974 -0.012 0.974 -0.22600000000000003 1 0.011688 -0.0027120000000000004 18945.dat
1 1 -120 -293.847 -73.15199999999999 0 -0.99 0.14 0.012 0.14 0.99 -1 0.0016800000000000005 0.01188 6558.dat
1 0 -180 -253.96699999999998 -62.672000000000025 0 -0.9950000000000001 0.099 -0.012 -0.099 -0.9950000000000001 1 -0.0011880000000000003 -0.011940000000000003 2780.dat
1 308 -180 -253.84700000000004 -72.67200000000003 -0.9950000000000001 0 -0.099 -0.099 -0.012 0.9950000000000001 -0.0011880000000000003 1 0.011940000000000003 22961.dat
1 72 -199.90200000000002 -255.829 -72.695784 0.9950000000000001 0.099 0 0.099 -0.9950000000000001 0.012 0.0011880000000000003 -0.011940000000000003 -1 6536.dat
1 1 -197.92000000000002 -275.73 -72.934596 0 -0.9950000000000001 -0.099 0.012 -0.099 0.9950000000000001 -1 -0.0011880000000000003 0.011940000000000003 6558.dat
1 73 -158.96 -283.349 -193.04330400000003 0 -0.22600000000000003 0.974 -0.012 -0.974 -0.22600000000000003 1 -0.011688 -0.0027120000000000004 18945.dat
1 1 60 -333.84700000000004 -73.632 0 0 -1 -0.012 1 0 1 0.012 0 6558.dat
1 1 -60 -333.84700000000004 -73.632 0 0 -1 -0.012 1 0 1 0.012 0 6558.dat
1 73 0 -333.84700000000004 -73.632 0 0 -1 1 0.012 0 0.012 -1 0 32524.dat
1 73 80 -295.28700000000003 46.847999999999985 1 0 0 0 1 -0.012 0 0.012 1 11954.dat
1 73 -80 -295.28700000000003 46.847999999999985 -1 0 0 0 1 0.012 0 0.012 -1 11954.dat
1 0 180 -256.60699999999997 157.328 0 0.9950000000000001 -0.099 0.012 -0.099 -0.9950000000000001 -1 -0.0011880000000000003 -0.011940000000000003 2780.dat
1 308 180 -256.727 167.32799999999997 0.9950000000000001 0 0.099 -0.099 0.012 0.9950000000000001 -0.0011880000000000003 -1 0.011940000000000003 22961.dat
1 4 199.90200000000002 -258.709 167.304216 -0.9950000000000001 -0.099 0 0.099 -0.9950000000000001 -0.012 0.0011880000000000003 -0.011940000000000003 1 6536.dat
1 1 197.92000000000002 -278.61 167.065404 0 0.9950000000000001 0.099 -0.012 -0.099 0.9950000000000001 1 -0.0011880000000000003 0.011940000000000003 6558.dat
1 0 -180 -256.60699999999997 157.328 0 -0.9950000000000001 0.099 -0.012 -0.099 -0.9950000000000001 1 -0.0011880000000000003 -0.011940000000000003 2780.dat
1 308 -180 -256.727 167.32799999999997 -0.9950000000000001 0 0.099 -0.099 0.012 -0.9950000000000001 -0.0011880000000000003 -1 -0.011940000000000003 22961.dat
1 4 -199.90200000000002 -258.709 167.304216 -0.9950000000000001 0.099 0 -0.099 -0.9950000000000001 -0.012 -0.0011880000000000003 -0.011940000000000003 1 6536.dat
1 1 -197.92000000000002 -278.61 167.065404 0 -0.9950000000000001 0.099 -0.012 -0.099 -0.9950000000000001 1 -0.0011880000000000003 -0.011940000000000003 6558.dat
1 73 158.96 -286.22900000000004 46.956695999999994 0 -0.22600000000000003 -0.974 -0.012 0.974 -0.22600000000000003 1 0.011688 -0.0027120000000000004 64782.dat
1 0 178.44 -283.02 157.011044 0 0 -1 -0.012 1 0 1 0.012 0 2780.dat
1 0 139.48000000000002 -292.078 156.902348 0 0 -1 -0.012 1 0 1 0.012 0 2780.dat
1 4 158.96 -287.669 166.956696 -0.22600000000000003 0 -0.974 0.974 0.012 -0.22600000000000003 0.011688 -1 -0.0027120000000000004 32523.dat
1 73 -158.96 -286.22900000000004 46.956695999999994 0 0.22600000000000003 0.974 0.012 0.974 -0.22600000000000003 -1 0.011688 -0.0027120000000000004 64782.dat
1 0 -178.44 -283.02 157.011044 0 0 1 0.012 1 0 -1 0.012 0 2780.dat
1 0 -139.48000000000002 -292.078 156.902348 0 0 1 0.012 1 0 -1 0.012 0 2780.dat
1 4 -158.96 -287.669 166.956696 -0.22600000000000003 0 0.974 -0.974 0.012 -0.22600000000000003 -0.011688 -1 -0.0027120000000000004 32523.dat
1 0 207.66000000000003 -275.626 107.09257199999999 -0.974 0 -0.22600000000000003 -0.22600000000000003 -0.012 0.974 -0.0027120000000000004 1 0.011688 2780.dat
1 0 207.66000000000003 -275.146 67.09257199999999 -0.974 0 -0.22600000000000003 -0.22600000000000003 -0.012 0.974 -0.0027120000000000004 1 0.011688 2780.dat
1 73 217.40000000000003 -273.841 147.119752 0.22600000000000003 -0.974 0 -0.974 -0.22600000000000003 0.012 -0.011688 -0.0027120000000000004 -1 64681.dat
1 0 251.82999999999998 -245.423 157.462208 0 -0.22600000000000003 -0.974 -0.012 0.974 -0.22600000000000003 1 0.011688 -0.0027120000000000004 2780.dat
1 4 235.667 -257.33 167.320764 -0.589 0 -0.808 0.808 0.012 -0.589 0.009696000000000001 -1 -0.0070680000000000005 32523.dat
1 1 180 -173.96699999999998 -61.71199999999999 0 -0.292 0.9560000000000001 0.012 0.9560000000000001 0.292 -1 0.011472 0.003504 43093.dat
1 0 180 -173.60700000000003 -91.71199999999999 -0.292 0.9560000000000001 0 0.9560000000000001 0.292 0.012 0.011472 0.003504 -1 32016.dat
1 1 169.02100000000002 -176.63140800000002 -119.46828400000004 0.366 0.292 0.8840000000000001 0.10091200000000002 -0.9560000000000001 0.274596 0.9253440000000002 -0.011472 -0.37976000000000004 43093.dat
1 73 185.93 -257.28424000000007 -131.20166800000004 0.928 0.032 -0.373 0.004488 -0.996972 -0.075912 -0.374 0.069048 -0.9250440000000002 64394.dat
1 71 193.39100000000002 -255.77100000000002 -112.70084800000001 -0.373 -0.22600000000000003 0.9000000000000001 -0.075912 0.974 0.213596 -0.9250440000000002 0.011688 -0.38049200000000005 15100.dat
1 71 193.39100000000002 -255.77100000000002 -112.70084800000001 0.22600000000000003 0.973 0.034 -0.974 0.22642 -0.003988 -0.011688 -0.032288000000000004 0.999096 32054.dat
1 0 -207.66000000000003 -275.626 107.09257199999999 -0.974 0 0.22600000000000003 0.22600000000000003 -0.012 0.974 0.0027120000000000004 1 0.011688 2780.dat
1 0 -207.66000000000003 -275.146 67.09257199999999 -0.974 0 0.22600000000000003 0.22600000000000003 -0.012 0.974 0.0027120000000000004 1 0.011688 2780.dat
1 73 -217.40000000000003 -273.841 147.119752 0.22600000000000003 0.974 0 0.974 -0.22600000000000003 0.012 0.011688 -0.0027120000000000004 -1 64393.dat
1 0 -251.83000000000004 -245.423 157.462208 0 0.22600000000000003 0.974 0.012 0.974 -0.22600000000000003 -1 0.011688 -0.0027120000000000004 2780.dat
1 4 -235.668 -257.324 167.32083599999999 -0.589 0 0.808 -0.808 0.012 -0.589 -0.009696000000000001 -1 -0.0070680000000000005 32523.dat
1 1 -180 -173.96699999999998 -61.71199999999999 0 0.292 0.9560000000000001 0.012 0.9560000000000001 -0.292 -1 0.011472 -0.003504 43093.dat
1 0 -180 -173.60700000000003 -91.71199999999999 -0.292 -0.9560000000000001 0 -0.9560000000000001 0.292 0.012 -0.011472 0.003504 -1 32016.dat
1 1 -169.02100000000002 -176.63140800000002 -119.46828400000004 -0.366 -0.292 0.8840000000000001 0.10091200000000002 -0.9560000000000001 -0.274596 0.9253440000000002 -0.011472 0.37976000000000004 43093.dat
1 73 -185.93 -257.28424000000007 -131.20166800000004 0.928 -0.032 0.373 -0.004488 -0.996972 -0.075912 0.374 0.069048 -0.9250440000000002 64680.dat
1 71 -193.39100000000002 -255.77100000000002 -112.70084800000001 0.373 0.22600000000000003 0.9000000000000001 -0.075912 0.974 -0.213596 -0.9250440000000002 0.011688 0.38049200000000005 15100.dat
1 71 -193.39100000000002 -255.77100000000002 -112.70084800000001 -0.22600000000000003 -0.973 0.034 -0.974 0.22642 0.003988 -0.011688 -0.032288000000000004 -0.999096 32054.dat
1 71 0.0019999999999988916 -334.32700000000006 -33.632000000000005 -1 0 0 0 -0.012 1 0 1 0.012 44294.dat
1 71 0.0019999999999988916 -336.24700000000007 126.36800000000001 -1 0 0 0 -0.012 1 0 1 0.012 44294.dat
1 73 19.999000000000002 -335.286976 46.365999999999985 0 1 0 1 0 0.012 0.012 0 -1 32525.dat
1 1 -0.0009999999999976694 -336.48697599999997 146.36599999999999 -1 0 0 0 1 0.012 0 0.012 -1 6558.dat
1 1 -0.0009999999999976694 -335.766976 86.366 -1 0 0 0 1 0.012 0 0.012 -1 6558.dat
1 1 -0.0009999999999976694 -334.80697599999996 6.365999999999986 -1 0 0 0 1 0.012 0 0.012 -1 6558.dat
1 1 -0.0009999999999976694 -334.08697600000005 -53.63400000000002 -1 0 0 0 1 0.012 0 0.012 -1 6558.dat
1 0 29.999000000000002 -336.006976 106.366 -1 0 0 0 1 0.012 0 0.012 -1 2780.dat
1 0 29.999000000000002 -335.526976 66.36599999999999 -1 0 0 0 1 0.012 0 0.012 -1 2780.dat
1 0 29.999000000000002 -335.046976 26.365999999999985 -1 0 0 0 1 0.012 0 0.012 -1 2780.dat
1 0 29.999000000000002 -334.56697599999995 -13.634000000000015 -1 0 0 0 1 0.012 0 0.012 -1 2780.dat
1 1 29.999000000000002 -335.286976 46.365999999999985 1 0 0 0 -1 0.012 0 -0.012 -1 43093.dat
1 73 39.999 -336.006976 106.366 0 -1 0 -1 0 0.012 -0.012 0 -1 32316.dat
1 73 39.999 -334.56697599999995 -13.634000000000015 0 -1 0 -1 0 0.012 -0.012 0 -1 32316.dat
1 73 -0.0009999999999976694 -335.286976 46.365999999999985 0 1 0 1 0 0.012 0.012 0 -1 32524.dat
1 71 -0.0009999999999976694 -334.32697600000006 -33.634000000000015 0 1 0 1 0 0.012 0.012 0 -1 60483.dat
1 71 -0.0009999999999976694 -336.24697599999996 126.366 0 -1 0 1 0 -0.012 0.012 0 1 60483.dat
1 73 -20.000999999999998 -335.286976 46.365999999999985 0 1 0 1 0 0.012 0.012 0 -1 32525.dat
1 0 -30.000999999999998 -336.006976 106.366 1 0 0 0 -1 0.012 0 -0.012 -1 2780.dat
1 0 -30.000999999999998 -335.526976 66.36599999999999 1 0 0 0 -1 0.012 0 -0.012 -1 2780.dat
1 0 -30.000999999999998 -335.046976 26.365999999999985 1 0 0 0 -1 0.012 0 -0.012 -1 2780.dat
1 0 -30.000999999999998 -334.56697599999995 -13.634000000000015 1 0 0 0 -1 0.012 0 -0.012 -1 2780.dat
1 1 -30.000999999999998 -335.286976 46.365999999999985 -1 0 0 0 1 0.012 0 0.012 -1 43093.dat
1 73 -40.001 -336.006976 106.366 0 -1 0 -1 0 0.012 -0.012 0 -1 32316.dat
1 73 -40.001 -334.56697599999995 -13.634000000000015 0 -1 0 -1 0 0.012 -0.012 0 -1 32316.dat
1 4 -40.001 -355.286976 46.12599999999999 1 0 0 0 -0.012 -1 0 1 -0.012 6641.dat
1 4 39.999 -355.286976 46.12599999999999 1 0 0 0 -0.012 -1 0 1 -0.012 6641.dat
1 4 -40.001 -364.286976 46.01799999999999 0 0 -1 -1 -0.012 0 -0.012 1 0 32062.dat
1 4 39.999 -364.286976 46.01799999999999 0 0 -1 -1 -0.012 0 -0.012 1 0 32062.dat
1 4 -40.001 -371.28697600000004 45.93399999999998 1 0 0 0 -0.012 -1 0 1 -0.012 3713.dat
1 4 39.999 -371.28697600000004 45.93399999999998 1 0 0 0 -0.012 -1 0 1 -0.012 3713.dat
1 1 119.99700000000003 -296.727 166.848 0 0 1 0.012 1 0 -1 0.012 0 6558.dat
1 1 80 -296.727 166.848 0 0 1 0.012 1 0 -1 0.012 0 6558.dat
1 1 -80 -296.727 166.848 0 0 1 0.012 1 0 -1 0.012 0 6558.dat
1 1 -120 -296.727 166.848 0 0 1 0.012 1 0 -1 0.012 0 6558.dat
1 4 -0.003000000000000114 -296.727 166.848 0 0 1 -1 0.012 0 -0.012 -1 0 41239.dat
1 4 40 -297.567 236.84799999999998 0 1 0 0.012 0 -1 -1 0 -0.012 3737.dat
1 4 -40 -297.567 236.84799999999998 0 1 0 0.012 0 -1 -1 0 -0.012 3737.dat
1 0 158.957 -289.109 286.95669599999997 0 -0.22600000000000003 -0.974 -0.012 0.974 -0.22600000000000003 1 0.011688 -0.0027120000000000004 64782.dat
1 0 -158.96 -289.109 286.95669599999997 0 0.22600000000000003 0.974 0.012 0.974 -0.22600000000000003 -1 0.011688 -0.0027120000000000004 64782.dat
1 1 197.29500000000002 -282.453688 407.02783600000004 0.004 -0.003 -1 0.037988 -0.9996880000000001 0.003036 -0.998688 -0.038 -0.0029640000000000005 6558.dat
1 1 119.99700000000003 -299.60699999999997 406.848 0 -0.003 -1 0.012 -1 0.003 -1 -0.012 0.000036 6558.dat
1 72 119.99000000000002 -279.60699999999997 407.08799999999997 0.999 0 0 0 -1.001 0.013012 0 -0.012011999999999998 -1.000988 6536.dat
1 72 -120.01000000000002 -279.60699999999997 407.08799999999997 0.999 0 0 0 -1.001 0.013012 0 -0.012011999999999998 -1.000988 6536.dat
1 1 -120.01000000000002 -299.627 406.84776 0 -0.003 -1 0.013000000000000001 -0.999988 0.003 -0.999988 -0.013000000000000001 0.000036 6558.dat
1 1 -197.932 -281.506 407.065212 0 -0.003 -1 0.012 -1 0.003 -1 -0.012 0.000036 6558.dat
1 71 40 -298.16700000000003 286.848 0 1 0 -1 0 -0.012 -0.012 0 1 4716.dat
1 71 -40 -298.16700000000003 286.848 0 1 0 -1 0 -0.012 -0.012 0 1 4716.dat
1 72 -40.019999999999996 -298.88677200000006 346.82900000000006 0 1.001 0 0.999 -0.000012000000000000002 0.012011999999999998 0.011988 0.001 -1.001 6536.dat
1 72 40.02000000000001 -298.887228 346.86699999999996 0 -1.001 0 0.999 0.000012000000000000002 -0.012011999999999998 0.011988 -0.001 1.001 6536.dat
1 4 -40.019999999999996 -288.896772 346.94888 0 -1.001 0 0.999 0.000012000000000000002 -0.012011999999999998 0.011988 -0.001 1.001 32062.dat
1 4 40.02000000000001 -288.89722800000004 346.98688 0 -1.001 0 0.999 0.000012000000000000002 -0.012011999999999998 0.011988 -0.001 1.001 32062.dat
1 71 -0.019999999999999574 -283.872712 347.004168 0.001 0 1.001 0.011988 1.001 -0.0010120000000000003 -0.999 0.012011999999999998 0.000988 11478.dat
1 71 0.019999999999999574 -273.9603 347.172124 0.001 0 1.001 0.011988 1.001 -0.0010120000000000003 -0.999 0.012011999999999998 0.000988 11478.dat
1 1 60 -336.727 166.368 0 0 1 0.012 1 0 -1 0.012 0 6558.dat
1 1 -60 -336.727 166.368 0 0 1 0.012 1 0 -1 0.012 0 6558.dat
1 4 0.0019999999999988916 -336.727 166.368 0 0 1 -1 0.012 0 -0.012 -1 0 32524.dat
1 0 40.001 -336.847 176.368 0 1 0 -0.012 0 1 1 0 0.012 2780.dat
1 0 -39.997 -336.847 176.368 0 1 0 -0.012 0 1 1 0 0.012 2780.dat
1 0 -79.999 -296.966988 186.84699999999998 1 0 0 0 1 -0.012 0 0.012 1 64393.dat
1 0 79.999 -296.966988 186.84699999999998 1 0 0 0 1 -0.012 0 0.012 1 64681.dat
1 0 0 -223.755376 497.2191000000001 0 0 1 0.012 1 0 -1 0.012 0 3705.dat
1 71 0 -223.87537600000002 507.2191000000001 -1 0 0 0 -0.012 1 0 1 0.012 60483.dat
1 71 0 -224.23536400000003 537.2181 -1 0 0 0 -1 -0.012 0 -0.012 1 56908.dat
1 0 157.855 -296.04542000000004 526.442952 0.004 0.22600000000000003 -0.974 0.038 -0.973712 -0.22588 -0.9996880000000001 -0.035688 -0.012712000000000001 18945.dat
1 1 118.416 -309.637224 645.8640680000001 -0.004 -0.44300000000000006 -0.8960000000000001 -0.038 0.8957360000000001 -0.44282 0.9996880000000001 0.032752 -0.020316 6558.dat
1 0 157.415 -300.226964 636.370608 0.004 -1 0 0.038 0.00004800000000000001 0.9996880000000001 -0.9996880000000001 -0.004 0.038 2780.dat
1 0 137.89600000000002 -305.121576 646.1142840000001 -0.22600000000000003 0.004 -0.974 0.973712 0.038 -0.22588 0.035688 -0.9996880000000001 -0.012712000000000001 32523.dat
1 0 -158.97 -292.147108 526.9638 0 0.22600000000000003 0.974 0.013000000000000001 0.9739880000000001 -0.22600000000000003 -0.999988 0.012688000000000003 -0.0027120000000000004 18945.dat
1 1 -20 -314.360792 475.74690000000004 0 0.44300000000000006 -0.897 0.23036 0.8726040000000002 0.43128400000000006 0.972904 -0.20656000000000002 -0.10184 6558.dat
1 0 -158.97 -293.577108 636.96248 0 1 0 -0.013000000000000001 0 0.999988 0.999988 0 0.013000000000000001 2780.dat
1 0 -139.49 -298.22704799999997 646.90312 -0.22600000000000003 0 0.974 -0.9739880000000001 0.013000000000000001 -0.22600000000000003 -0.012688000000000003 -0.999988 -0.0027120000000000004 32523.dat
1 0 119.374 -270.42368 667.37566 -1 0.004 -0.026 0.026036000000000004 0.038 -0.9996880000000001 -0.0026880000000000003 -0.9996880000000001 -0.038 32316.dat
1 0 -118.97 -263.00748 667.36464 -1 0 -0.026 0.026 0.013000000000000001 -0.999988 0.000312 -0.999988 -0.013000000000000001 32316.dat
1 71 0 -299.367 386.848 -1 0 0 0 -0.012 1 0 1 0.012 63869.dat
1 4 0 -299.367 386.848 -1 0 0 0 -0.012 1 0 1 0.012 3706.dat
1 4 -20.006 -299.367 386.848 0 0 1 1 -0.012 0 0.012 1 0 3713.dat
1 4 20.006999999999998 -299.367 386.848 0 0 -1 -1 -0.012 0 -0.012 1 0 3713.dat
1 71 35.012 -299.367 386.848 0 0 -1 -1 -0.012 0 -0.012 1 0 32123a.dat
1 71 -35.012 -299.367 386.848 0 0 -1 -1 -0.012 0 -0.012 1 0 32123a.dat
1 0 -70.023 -299.366988 386.847 0 0 -1 -1 -0.012 0 -0.012 1 0 32013.dat
1 0 70.024 -299.36701200000005 386.849 0 0 1 1 -0.012 0 0.012 1 0 32013.dat
1 0 -70.023 -309.36998800000003 386.726964 0 0 1 1 -0.012 0 0.012 1 0 6628.dat
1 0 70.024 -309.370012 386.7289640000001 0 0 1 1 -0.012 0 0.012 1 0 6628.dat
1 0 -20.007 -309.61 406.72796400000004 0 0 1 1 -0.012 0 0.012 1 0 2780.dat
1 0 20.006999999999998 -309.61 406.72796400000004 0 0 1 1 -0.012 0 0.012 1 0 2780.dat
1 71 0 -319.61400000000003 406.60791600000005 -1 0 0 0 -0.012 1 0 1 0.012 98585.dat
1 0 -70.023 -319.373988 386.606916 -0.978 -0.138 -0.156 0.153704 -0.9837040000000001 -0.09780799999999999 -0.140176 -0.11982 0.9829680000000001 2739a.dat
1 0 70.024 -319.374012 386.6089160000001 -0.978 0.138 0.156 -0.153704 -0.9837040000000001 -0.09780799999999999 0.140176 -0.11982 0.9829680000000001 2739a.dat
1 0 0.003000000000000114 -338.16700000000003 286.368 0 0 1 0.012 1 0 -1 0.012 0 64782.dat
1 1 -19.997 -339.48699999999997 396.368 0 0 1 -0.012 -1 0 1 -0.012 0 43093.dat
1 1 20.003 -339.48699999999997 396.368 0 0 1 -0.012 -1 0 1 -0.012 0 43093.dat
1 0 0.003000000000000114 -339.60699999999997 406.368 0 1 0 -0.012 0 1 1 0 0.012 32184.dat
1 71 0.003000000000000114 -339.60699999999997 406.368 0 1 0 1 0 0.012 0.012 0 -1 4519.dat
1 0 0.003000000000000114 -359.60699999999997 406.128 0 1 0 0.012 0 -1 -1 0 -0.012 32269.dat
1 1 20 -314.360792 475.74690000000004 0 0.44300000000000006 -0.897 0.23036 0.8726040000000002 0.43128400000000006 0.972904 -0.20656000000000002 -0.10184 6558.dat
1 72 0 -295.908184 553.595508 0 1 0 -0.972904 0 0.23036 0.23036 0 0.972904 32524.dat
1 0 0 -314.360792 475.74690000000004 0 0 1 -0.972904 -0.23036 0 0.23036 -0.972904 0 32523.dat
1 0 20 -309.74764 495.20905200000004 0 -1 0 0.972904 0 0.23036 -0.23036 0 0.972904 64391.dat
1 1 0 -300.521336 534.133356 -1 0 0 0 0.974444 0.22472400000000003 0 0.22472400000000003 -0.974444 6558.dat
1 1 0 -291.295032 573.0576599999999 -1 0 0 0 0.974444 0.22472400000000003 0 0.22472400000000003 -0.974444 6558.dat
1 0 -20 -309.74764 495.20905200000004 0 1 0 -0.972904 0 0.23036 0.23036 0 0.972904 64683.dat
1 71 0 -175.527 68.28799999999998 0 1 0 -0.012 0 1 1 0 0.012 58119.dat
1 71 -80 -185.767 88.168 0 1 0 -1 0 -0.012 -0.012 0 1 32054.dat
1 4 -80 -157.767 88.50399999999999 0 1 0 -1 0 -0.012 -0.012 0 1 32062.dat
1 4 -80 -147.767 88.624 0 1 0 0.012 0 -1 -1 0 -0.012 3713.dat
1 0 -124.52 -318.35 346.614444 0.974 0.22600000000000003 0 -0.22600000000000003 0.974 -0.012 -0.0027120000000000004 0.011688 1 32278.dat
1 0 -122.25999999999999 -306.93 206.731324 0.22600000000000003 -0.974 0 0.974 0.22600000000000003 -0.012 0.011688 0.0027120000000000004 1 2780.dat
1 0 -126.78 -326.8900000000001 246.497564 0.22600000000000003 -0.974 0 0.974 0.22600000000000003 -0.012 0.011688 0.0027120000000000004 1 2780.dat
1 0 -126.78 -329.53000000000003 466.497564 0.22600000000000003 -0.974 0 0.974 0.22600000000000003 -0.012 0.011688 0.0027120000000000004 1 2780.dat
1 0 -122.25999999999999 -309.81 446.731324 0.22600000000000003 -0.974 0 0.974 0.22600000000000003 -0.012 0.011688 0.0027120000000000004 1 2780.dat
1 0 -126.78 -328.57000000000005 386.497564 0.22600000000000003 -0.974 0 0.974 0.22600000000000003 -0.012 0.011688 0.0027120000000000004 1 2780.dat
1 0 -122.25999999999999 -308.85 366.731324 0.22600000000000003 -0.974 0 0.974 0.22600000000000003 -0.012 0.011688 0.0027120000000000004 1 2780.dat
1 0 -129.04 -336.63000000000005 246.38068399999997 0.974 0 -0.22600000000000003 -0.22600000000000003 -0.012 -0.974 -0.0027120000000000004 1 -0.011688 92907.dat
1 72 -129.04 -339.5100000000001 486.38068400000003 0.22600000000000003 0 -0.974 0.974 0.012 0.22600000000000003 0.011688 -1 0.0027120000000000004 10197.dat
1 72 -129.04 -339.5100000000001 486.38068400000003 -0.22600000000000003 0 0.974 -0.974 0.012 -0.22600000000000003 -0.011688 -1 -0.0027120000000000004 11214.dat
1 0 -90.08000000000001 -348.55000000000007 486.272204 0.22600000000000003 0 0.974 0.974 -0.012 -0.22600000000000003 0.011688 1 -0.0027120000000000004 32013.dat
1 0 -87.82 -338.81 486.389084 -0.22600000000000003 0 -0.974 -0.974 -0.012 0.22600000000000003 -0.011688 1 0.0027120000000000004 6628.dat
1 0 -135.82 -368.73 486.03004400000003 0 0.974 0.22600000000000003 -0.012 -0.22600000000000003 0.974 1 -0.0027120000000000004 0.011688 59443.dat
1 71 -142.6 -397.9500000000001 485.679404 -0.22600000000000003 -0.974 0 -0.974 0.22600000000000003 0.012 -0.011688 0.0027120000000000004 -1 4519.dat
1 71 -142.6 -397.9500000000001 485.679404 0 -0.22600000000000003 0.974 -0.012 -0.974 -0.22600000000000003 1 -0.011688 -0.0027120000000000004 15100.dat
1 71 -147.12 -417.43 485.4456440000001 0 -0.22600000000000003 -0.974 0.012 -0.974 0.22600000000000003 -1 -0.011688 0.0027120000000000004 15100.dat
1 0 -151.64 -436.19 425.211884 0.22600000000000003 -0.974 0 0.974 0.22600000000000003 -0.012 0.011688 0.0027120000000000004 1 18945.dat
1 4 -147.12 -417.67 505.4456440000001 0.974 0 -0.22600000000000003 -0.22600000000000003 -0.012 -0.974 -0.0027120000000000004 1 -0.011688 40490.dat
1 0 -133.56 -359.35 516.146924 0 -0.974 -0.22600000000000003 -0.012 0.22600000000000003 -0.974 1 0.0027120000000000004 -0.011688 2780.dat
1 0 -160.68 -476.23 514.744364 0 -0.974 -0.22600000000000003 -0.012 0.22600000000000003 -0.974 1 0.0027120000000000004 -0.011688 2780.dat
1 4 -147.12 -417.91 525.445644 0.974 0 -0.22600000000000003 -0.22600000000000003 -0.012 -0.974 -0.0027120000000000004 1 -0.011688 40490.dat
1 0 -176.50000000000003 -543.33 423.926204 0.22600000000000003 -0.974 0 0.974 0.22600000000000003 -0.012 0.011688 0.0027120000000000004 1 2780.dat
1 0 -176.50000000000003 -543.81 463.926204 0.22600000000000003 -0.974 0 0.974 0.22600000000000003 -0.012 0.011688 0.0027120000000000004 1 2780.dat
1 72 -178.76000000000002 -553.31 443.80932400000006 0.974 0 -0.22600000000000003 -0.22600000000000003 -0.012 -0.974 -0.0027120000000000004 1 -0.011688 6536.dat
1 4 -178.76000000000002 -553.31 443.80932400000006 0.974 0 -0.22600000000000003 -0.22600000000000003 -0.012 -0.974 -0.0027120000000000004 1 -0.011688 32062.dat
1 0 -178.76000000000002 -553.07 423.80932400000006 -0.974 0 0.22600000000000003 0.22600000000000003 -0.012 0.974 0.0027120000000000004 1 0.011688 92907.dat
1 4 -183.28 -572.79 443.575564 -0.974 0 0.22600000000000003 0.22600000000000003 -0.012 0.974 0.0027120000000000004 1 0.011688 32062.dat
1 0 -183.556172 -573.740672 423.59828126400004 0.225548 -0.974 0.013786 0.972784 0.22600000000000003 0.047437999999999994 -0.049335376 0.0027120000000000004 0.9987129680000001 32348.dat
1 4 -183.556172 -573.740672 423.59828126400004 -0.974 0.013786 0.225548 0.22600000000000003 0.047437999999999994 0.972784 0.0027120000000000004 0.9987129680000001 -0.049335376 32062.dat
1 0 -198.44234400000002 -571.301356 403.6626785280001 -0.225548 0.974 0.013786 -0.972784 -0.22600000000000003 0.047437999999999994 0.049335376 -0.0027120000000000004 0.9987129680000001 41677.dat
1 0 -169.22234400000002 -578.081356 403.581318528 -0.225548 0.974 0.013786 -0.972784 -0.22600000000000003 0.047437999999999994 0.049335376 -0.0027120000000000004 0.9987129680000001 41677.dat
1 4 -183.83234400000003 -574.691356 403.62199852800006 -0.974 0.013786 0.225548 0.22600000000000003 0.047437999999999994 0.972784 0.0027120000000000004 0.9987129680000001 -0.049335376 32062.dat
1 4 -129.04 -336.87000000000006 266.380684 -0.974 0 0.22600000000000003 0.22600000000000003 -0.012 0.974 0.0027120000000000004 1 0.011688 32062.dat
1 0 -156.436172 -455.7806720000001 335.000841264 0.11300000000000002 0.974 0.195716 0.47660800000000003 -0.22600000000000003 0.8494840000000001 0.871844 -0.0027120000000000004 -0.48987819200000005 32278.dat
1 0 124.51700000000001 -318.35 346.614444 0.974 -0.22600000000000003 0 0.22600000000000003 0.974 -0.012 0.0027120000000000004 0.011688 1 32278.dat
1 0 122.257 -306.93 206.731324 0.22600000000000003 0.974 0 -0.974 0.22600000000000003 -0.012 -0.011688 0.0027120000000000004 1 2780.dat
1 0 126.77700000000002 -326.8900000000001 246.497564 0.22600000000000003 0.974 0 -0.974 0.22600000000000003 -0.012 -0.011688 0.0027120000000000004 1 2780.dat
1 0 126.77700000000002 -329.53000000000003 466.497564 0.22600000000000003 0.974 0 -0.974 0.22600000000000003 -0.012 -0.011688 0.0027120000000000004 1 2780.dat
1 0 122.257 -309.81 446.731324 0.22600000000000003 0.974 0 -0.974 0.22600000000000003 -0.012 -0.011688 0.0027120000000000004 1 2780.dat
1 0 126.77700000000002 -328.57000000000005 386.497564 0.22600000000000003 0.974 0 -0.974 0.22600000000000003 -0.012 -0.011688 0.0027120000000000004 1 2780.dat
1 0 122.257 -308.85 366.731324 0.22600000000000003 0.974 0 -0.974 0.22600000000000003 -0.012 -0.011688 0.0027120000000000004 1 2780.dat
1 0 129.037 -336.63000000000005 246.38068399999997 0.974 0 0.22600000000000003 0.22600000000000003 -0.012 -0.974 0.0027120000000000004 1 -0.011688 92907.dat
1 72 129.037 -339.5100000000001 486.38068400000003 0.22600000000000003 0 0.974 -0.974 0.012 0.22600000000000003 -0.011688 -1 0.0027120000000000004 10197.dat
1 72 129.037 -339.5100000000001 486.38068400000003 0.22600000000000003 0 0.974 -0.974 0.012 0.22600000000000003 -0.011688 -1 0.0027120000000000004 11214.dat
1 0 90.077 -348.55000000000007 486.272204 0.22600000000000003 0 -0.974 -0.974 -0.012 -0.22600000000000003 -0.011688 1 -0.0027120000000000004 32013.dat
1 0 87.817 -338.81 486.389084 0.22600000000000003 0 -0.974 -0.974 -0.012 -0.22600000000000003 -0.011688 1 -0.0027120000000000004 6628.dat
1 0 135.817 -368.73 486.03004400000003 0 -0.974 -0.22600000000000003 0.012 -0.22600000000000003 0.974 -1 -0.0027120000000000004 0.011688 59443.dat
1 71 142.59700000000004 -397.9500000000001 485.679404 -0.22600000000000003 0.974 0 0.974 0.22600000000000003 0.012 0.011688 0.0027120000000000004 -1 4519.dat
1 71 142.59700000000004 -397.9500000000001 485.679404 0 0.22600000000000003 0.974 -0.012 -0.974 0.22600000000000003 1 -0.011688 0.0027120000000000004 15100.dat
1 71 147.11700000000002 -417.43 485.4456440000001 0 0.22600000000000003 -0.974 0.012 -0.974 -0.22600000000000003 -1 -0.011688 -0.0027120000000000004 15100.dat
1 0 151.637 -436.19 425.211884 -0.22600000000000003 -0.974 0 0.974 -0.22600000000000003 -0.012 0.011688 -0.0027120000000000004 1 18945.dat
1 4 147.11700000000002 -417.67 505.4456440000001 0.974 0 0.22600000000000003 0.22600000000000003 -0.012 -0.974 0.0027120000000000004 1 -0.011688 40490.dat
1 0 133.557 -359.35 516.146924 0 0.974 0.22600000000000003 0.012 0.22600000000000003 -0.974 -1 0.0027120000000000004 -0.011688 2780.dat
1 0 160.677 -476.23 514.744364 0 0.974 0.22600000000000003 0.012 0.22600000000000003 -0.974 -1 0.0027120000000000004 -0.011688 2780.dat
1 4 147.11700000000002 -417.91 525.445644 0.974 0 0.22600000000000003 0.22600000000000003 -0.012 -0.974 0.0027120000000000004 1 -0.011688 40490.dat
1 0 176.497 -543.33 423.926204 0.22600000000000003 0.974 0 -0.974 0.22600000000000003 -0.012 -0.011688 0.0027120000000000004 1 2780.dat
1 0 176.497 -543.81 463.926204 0.22600000000000003 0.974 0 -0.974 0.22600000000000003 -0.012 -0.011688 0.0027120000000000004 1 2780.dat
1 72 178.757 -553.31 443.80932400000006 0.974 0 0.22600000000000003 0.22600000000000003 -0.012 -0.974 0.0027120000000000004 1 -0.011688 6536.dat
1 4 178.757 -553.31 443.80932400000006 0.974 0 0.22600000000000003 0.22600000000000003 -0.012 -0.974 0.0027120000000000004 1 -0.011688 32062.dat
1 0 178.757 -553.07 423.80932400000006 -0.974 0 -0.22600000000000003 -0.22600000000000003 -0.012 0.974 -0.0027120000000000004 1 0.011688 92907.dat
1 4 183.277 -572.79 443.575564 -0.974 0 -0.22600000000000003 -0.22600000000000003 -0.012 0.974 -0.0027120000000000004 1 0.011688 32062.dat
1 0 183.553172 -573.740672 423.59828126400004 -0.225548 -0.974 -0.013786 0.972784 -0.22600000000000003 0.047437999999999994 -0.049335376 -0.0027120000000000004 0.9987129680000001 32348.dat
1 4 183.553172 -573.740672 423.59828126400004 -0.974 -0.013786 -0.225548 -0.22600000000000003 0.047437999999999994 0.972784 -0.0027120000000000004 0.9987129680000001 -0.049335376 32062.dat
1 0 198.439344 -571.301356 403.6626785280001 -0.225548 -0.974 -0.013786 0.972784 -0.22600000000000003 0.047437999999999994 -0.049335376 -0.0027120000000000004 0.9987129680000001 41677.dat
1 0 169.219344 -578.081356 403.581318528 -0.225548 -0.974 -0.013786 0.972784 -0.22600000000000003 0.047437999999999994 -0.049335376 -0.0027120000000000004 0.9987129680000001 41677.dat
1 4 183.829344 -574.691356 403.62199852800006 -0.974 -0.013786 -0.225548 -0.22600000000000003 0.047437999999999994 0.972784 -0.0027120000000000004 0.9987129680000001 -0.049335376 32062.dat
1 4 129.037 -336.87000000000006 266.380684 -0.974 0 -0.22600000000000003 -0.22600000000000003 -0.012 0.974 -0.0027120000000000004 1 0.011688 32062.dat
1 0 156.433172 -455.7806720000001 335.000841264 0.11300000000000002 -0.974 -0.195716 -0.47660800000000003 -0.22600000000000003 0.8494840000000001 -0.871844 -0.0027120000000000004 -0.48987819200000005 32278.dat
