1 71 -80 8 20 0 0 1 0 1 0 -1 0 0 3034.dat
1 25 -80 0 -50 1 0 0 0 1 0 0 0 1 99207.dat
1 25 80 0 -50 1 0 0 0 1 0 0 0 1 99207.dat
1 71 80 8 20 0 0 1 0 1 0 -1 0 0 3034.dat
1 71 0 0 0 1 0 0 0 1 0 0 0 1 3030.dat
1 71 0 0 80 1 0 0 0 1 0 0 0 1 3030.dat
1 191 -90 -24.000000000000004 -50 1 0 0 0 1 0 0 0 1 2357.dat
1 191 -70 -24.000000000000004 -10 -1 0 0 0 1 0 0 0 -1 2357.dat
1 191 90 -24.000000000000004 -50 0 0 -1 0 1 0 1 0 0 2357.dat
1 191 70 -24.000000000000004 -10 0 0 1 0 1 0 -1 0 0 2357.dat
1 191 -80 -24.000000000000004 50 -1 0 0 0 1 0 0 0 -1 3004.dat
1 191 80 -24.000000000000004 50 -1 0 0 0 1 0 0 0 -1 3004.dat
1 1 -90 -14.000000000000002 20 -1 0 0 0 1 0 0 0 -1 6558.dat
1 72 -70 -24.000000000000004 20 0 0 -1 0 1 0 1 0 0 3700.dat
1 72 -90 -24.000000000000004 20 0 0 -1 0 1 0 1 0 0 3700.dat
1 1 90 -14.000000000000002 20 1 0 0 0 1 0 0 0 1 6558.dat
1 72 70 -24.000000000000004 20 0 0 1 0 1 0 -1 0 0 3700.dat
1 72 90 -24.000000000000004 20 0 0 1 0 1 0 -1 0 0 3700.dat
1 191 -70 -8 110 -1 0 0 0 1 0 0 0 -1 3623.dat
1 191 70 -8 110 -1 0 0 0 1 0 0 0 -1 3623.dat
1 191 -70 -8 80 -1 0 0 0 1 0 0 0 -1 3021.dat
1 191 70 -8 80 -1 0 0 0 1 0 0 0 -1 3021.dat
1 0 -50 -8 0 0 0 -1 0 1 0 1 0 0 3666.dat
1 0 50 -8 0 0 0 -1 0 1 0 1 0 0 3666.dat
1 191 -20 -8 60 0 0 -1 0 1 0 1 0 0 3795.dat
1 191 20 -8 60 0 0 -1 0 1 0 1 0 0 3795.dat
1 71 -20 -8 -40 -1 0 0 0 1 0 0 0 -1 98286.dat
1 71 20 -8 -40 -1 0 0 0 1 0 0 0 -1 98286.dat
1 71 -70 -32 0 0 0 -1 0 1 0 1 0 0 3666.dat
1 71 70 -32 0 0 0 -1 0 1 0 1 0 0 3666.dat
1 191 -90 -32 0 0 0 -1 0 1 0 1 0 0 6636.dat
1 191 90 -32 0 0 0 -1 0 1 0 1 0 0 6636.dat
1 191 -80 -32 70 1 0 0 0 1 0 0 0 1 3004.dat
1 191 80 -32 70 1 0 0 0 1 0 0 0 1 3004.dat
1 191 -90 -32 90 1 0 0 0 1 0 0 0 1 2357.dat
1 191 90 -32 90 0 0 -1 0 1 0 1 0 0 2357.dat
1 191 70 -32 110 -1 0 0 0 1 0 0 0 -1 3665a.dat
1 191 -70 -32 110 -1 0 0 0 1 0 0 0 -1 3665a.dat
1 70 -40 -32 110 -1 0 0 0 1 0 0 0 -1 3660.dat
1 70 0 -32 110 -1 0 0 0 1 0 0 0 -1 3660.dat
1 70 40 -32 110 -1 0 0 0 1 0 0 0 -1 3660.dat
1 72 0 -16 -40 -1 0 0 0 1 0 0 0 -1 3795.dat
1 72 -40 -16 40 0 0 -1 0 1 0 1 0 0 3795.dat
1 72 40 -16 40 0 0 -1 0 1 0 1 0 0 3795.dat
1 72 0 -16 90 1 0 0 0 1 0 0 0 1 3069b.dat
1 72 -70 -56.00000000000001 50 0 0 1 0 1 0 -1 0 0 3622.dat
1 72 70 -56.00000000000001 50 0 0 1 0 1 0 -1 0 0 3622.dat
1 72 -70 -56.00000000000001 -20 0 0 1 0 1 0 -1 0 0 30414.dat
1 72 70 -56.00000000000001 -20 0 0 -1 0 1 0 1 0 0 30414.dat
1 191 70 -56.00000000000001 110 -1 0 0 0 1 0 0 0 -1 2357.dat
1 191 -70 -56.00000000000001 110 0 0 1 0 1 0 -1 0 0 2357.dat
1 191 0 -56.00000000000001 110 -1 0 0 0 1 0 0 0 -1 3010.dat
1 0 -88 -46.00000000000001 0 0 1 0 0 0 1 1 0 0 3666.dat
1 72 -96.00000000000001 -46.00000000000001 0 0 1 0 0 0 1 1 0 0 6636.dat
1 0 88 -46.00000000000001 0 0 -1 0 0 0 -1 1 0 0 3666.dat
1 72 96.00000000000001 -46.00000000000001 0 0 -1 0 0 0 -1 1 0 0 6636.dat
1 191 -90 -56.00000000000001 80 0 0 -1 0 1 0 1 0 0 3004.dat
1 191 90 -56.00000000000001 80 0 0 -1 0 1 0 1 0 0 3004.dat
1 191 -80 -64 40 0 0 -1 0 1 0 1 0 0 3795.dat
1 72 -80 -64 -40 0 0 -1 0 1 0 1 0 0 3022.dat
1 72 80 -64 -40 0 0 -1 0 1 0 1 0 0 3022.dat
1 191 80 -64 40 0 0 -1 0 1 0 1 0 0 3795.dat
1 72 80 -72 -50 1 0 0 0 1 0 0 0 1 44728.dat
1 72 -80 -72 -50 1 0 0 0 1 0 0 0 1 44728.dat
1 191 -90 -88 -20 0 0 1 0 1 0 -1 0 0 3004.dat
1 191 90 -88 -20 0 0 1 0 1 0 -1 0 0 3004.dat
1 191 -90 -88 10 -1 0 0 0 1 0 0 0 -1 4286.dat
1 191 90 -88 10 -1 0 0 0 1 0 0 0 -1 4286.dat
1 72 -70 -88 20 0 0 -1 0 1 0 1 0 0 3009.dat
1 72 70 -88 20 0 0 -1 0 1 0 1 0 0 3009.dat
1 0 0 -72 90 1 0 0 0 1 0 0 0 1 3460.dat
1 0 0 -80 90 1 0 0 0 1 0 0 0 1 3460.dat
1 0 0 -80 70 1 0 0 0 1 0 0 0 1 2362b.dat
1 191 -90 -88 90 1 0 0 0 1 0 0 0 1 4287a.dat
1 191 90 -88 90 1 0 0 0 1 0 0 0 1 4287a.dat
1 72 -80 -96.00000000000001 -50 1 0 0 0 1 0 0 0 1 3700.dat
1 72 80 -96.00000000000001 -50 1 0 0 0 1 0 0 0 1 3700.dat
1 191 -70 -96.00000000000001 -30 1 0 0 0 1 0 0 0 1 3024.dat
1 191 70 -96.00000000000001 -30 1 0 0 0 1 0 0 0 1 3024.dat
1 72 70 -104 -50 1 0 0 0 1 0 0 0 1 2420.dat
1 72 -70 -104 -50 0 0 -1 0 1 0 1 0 0 2420.dat
1 72 -80 -112.00000000000001 -50 1 0 0 0 1 0 0 0 1 44728.dat
1 72 80 -112.00000000000001 -50 1 0 0 0 1 0 0 0 1 44728.dat
1 191 -70 -112.00000000000001 -30 1 0 0 0 1 0 0 0 1 3024.dat
1 191 70 -112.00000000000001 -30 1 0 0 0 1 0 0 0 1 3024.dat
1 191 -70 -56.00000000000001 130 -1 0 0 0 1 0 0 0 -1 3665a.dat
1 191 70 -56.00000000000001 130 -1 0 0 0 1 0 0 0 -1 3665a.dat
1 191 0 -40 130 -1 0 0 0 1 0 0 0 -1 3666.dat
1 191 0 -48.00000000000001 130 -1 0 0 0 1 0 0 0 -1 3666.dat
1 191 0 -56.00000000000001 130 -1 0 0 0 1 0 0 0 -1 6636.dat
1 71 -50 -80 110 -1 0 0 0 1 0 0 0 -1 3005.dat
1 71 50 -80 110 -1 0 0 0 1 0 0 0 -1 3005.dat
1 19 -70 -80 120 0 0 -1 0 1 0 1 0 0 32000.dat
1 19 70 -80 120 0 0 -1 0 1 0 1 0 0 32000.dat
1 191 -70 -80 150 -1 0 0 0 1 0 0 0 -1 87087.dat
1 191 70 -80 150 -1 0 0 0 1 0 0 0 -1 87087.dat
1 71 50 -70 150 1 0 0 0 1 0 0 0 1 32039.dat
1 71 50 -70 180 0 -1 0 0 0 1 -1 0 0 62462.dat
1 1 50 -70 160 0 0 1 0 1 0 -1 0 0 43093.dat
1 1 60 -70 130 -1 0 0 0 1 0 0 0 -1 43093.dat
1 71 -50 -70 150 -1 0 0 0 -1 0 0 0 1 32039.dat
1 71 -50 -70 180 0 1 0 0 0 -1 -1 0 0 62462.dat
1 1 -50 -70 160 0 0 -1 0 -1 0 -1 0 0 43093.dat
1 1 -60 -70 130 1 0 0 0 -1 0 0 0 -1 43093.dat
1 72 0 -80 110 -1 0 0 0 1 0 0 0 -1 30414.dat
1 191 -70 -88 120 0 0 1 0 1 0 -1 0 0 3710.dat
1 191 70 -88 120 0 0 1 0 1 0 -1 0 0 3710.dat
1 191 -40 -88 110 1 0 0 0 1 0 0 0 1 3023.dat
1 191 40 -88 110 1 0 0 0 1 0 0 0 1 3023.dat
1 191 0 -88 90 0 0 1 0 1 0 -1 0 0 3021.dat
1 191 -90 -56.00000000000001 110 -1 0 0 0 1 0 0 0 -1 3665a.dat
1 191 -90 -80 110 0 0 1 0 1 0 -1 0 0 87087.dat
1 191 -90 -80 130 0 0 1 0 1 0 -1 0 0 87087.dat
1 191 -90 -88 120 0 0 1 0 1 0 -1 0 0 3023.dat
1 191 90 -56.00000000000001 110 -1 0 0 0 1 0 0 0 -1 3665a.dat
1 191 90 -80 110 0 0 -1 0 1 0 1 0 0 87087.dat
1 191 90 -80 130 0 0 -1 0 1 0 1 0 0 87087.dat
1 191 90 -88 120 0 0 1 0 1 0 -1 0 0 3023.dat
1 72 -70 -112.00000000000001 40 0 0 1 0 1 0 -1 0 0 3009.dat
1 72 70 -112.00000000000001 40 0 0 1 0 1 0 -1 0 0 3009.dat
1 71 0 -96.00000000000001 110 -1 0 0 0 1 0 0 0 -1 3666.dat
1 191 -70 -112.00000000000001 130 0 0 1 0 1 0 -1 0 0 3622.dat
1 191 70 -112.00000000000001 130 0 0 1 0 1 0 -1 0 0 3622.dat
1 191 -90 -112.00000000000001 100 0 0 1 0 1 0 -1 0 0 3010.dat
1 191 90 -112.00000000000001 100 0 0 1 0 1 0 -1 0 0 3010.dat
1 191 -90 -112.00000000000001 -30 -1 0 0 0 1 0 0 0 -1 4286.dat
1 191 90 -112.00000000000001 -30 -1 0 0 0 1 0 0 0 -1 4286.dat
1 191 -90 -112.00000000000001 50 1 0 0 0 1 0 0 0 1 4287a.dat
1 191 90 -112.00000000000001 50 1 0 0 0 1 0 0 0 1 4287a.dat
1 1 -50 -120 110 -1 0 0 0 1 0 0 0 -1 87087.dat
1 1 50 -120 110 -1 0 0 0 1 0 0 0 -1 87087.dat
1 71 50 -110 128 -1 0 0 0 0 -1 0 -1 0 98138.dat
1 71 -50 -110 128 -1 0 0 0 0 -1 0 -1 0 98138.dat
1 72 0 -120 110 -1 0 0 0 1 0 0 0 -1 30414.dat
1 191 -70 -136 130 0 0 -1 0 1 0 1 0 0 2357.dat
1 191 70 -136 130 1 0 0 0 1 0 0 0 1 2357.dat
1 191 -80 -120 80 0 0 1 0 1 0 -1 0 0 3020.dat
1 191 80 -120 80 0 0 1 0 1 0 -1 0 0 3020.dat
1 71 40 -128 90 1 0 0 0 1 0 0 0 1 87552.dat
1 71 -40 -128 90 1 0 0 0 1 0 0 0 1 87552.dat
1 191 -60 -128 110 -1 0 0 0 1 0 0 0 -1 3710.dat
1 191 40 -128 110 -1 0 0 0 1 0 0 0 -1 3666.dat
1 71 0 -96.00000000000001 80 -1 0 0 0 1 0 0 0 -1 3022.dat
1 71 0 -104 80 -1 0 0 0 1 0 0 0 -1 3022.dat
1 0 -10 -128 80 0 0 1 0 1 0 -1 0 0 30364.dat
1 0 10 -128 80 0 0 1 0 1 0 -1 0 0 30364.dat
1 191 -80 -136 110 -1 0 0 0 1 0 0 0 -1 3023.dat
1 191 80 -136 110 -1 0 0 0 1 0 0 0 -1 3023.dat
1 191 0 -136 100 -1 0 0 0 1 0 0 0 -1 3795.dat
1 191 -80 -120 0 0 0 -1 0 1 0 1 0 0 3020.dat
1 191 80 -120 0 0 0 -1 0 1 0 1 0 0 3020.dat
1 71 -70 -128 40 0 0 -1 0 1 0 1 0 0 3666.dat
1 191 -90 -128 40 0 0 -1 0 1 0 1 0 0 3666.dat
1 71 70 -128 40 0 0 -1 0 1 0 1 0 0 3666.dat
1 191 90 -128 40 0 0 -1 0 1 0 1 0 0 3666.dat
1 191 -80 -128 -30 1 0 0 0 1 0 0 0 1 3023.dat
1 191 80 -128 -30 1 0 0 0 1 0 0 0 1 3023.dat
1 191 -90 -52 -72 0 0 1 1 0 0 0 1 0 3710.dat
1 72 -70 -32 -72 0 0 1 1 0 0 0 1 0 3023.dat
1 72 -70 -62 -64 0 0 -1 -1 0 0 0 1 0 54200.dat
1 72 -70 -92.00000000000001 -64 0 0 -1 -1 0 0 0 1 0 85984.dat
1 191 -90 -102.00000000000001 -72 0 0 1 1 0 0 0 1 0 3024.dat
1 72 -80 -12.000000000000002 -64 1 0 0 0 0 -1 0 1 0 15068.dat
1 72 -80 -42 -80 1 0 0 0 0 -1 0 1 0 2412b.dat
1 191 -90 -62 -80 1 0 0 0 0 -1 0 1 0 3070b.dat
1 191 -90 -92.00000000000001 -80 0 0 1 1 0 0 0 1 0 3069b.dat
1 191 90 -52 -72 0 0 1 1 0 0 0 1 0 3710.dat
1 72 70 -32 -72 0 0 1 1 0 0 0 1 0 3023.dat
1 72 70 -62 -64 0 0 1 1 0 0 0 1 0 54200.dat
1 72 70 -92.00000000000001 -64 0 0 1 1 0 0 0 1 0 85984.dat
1 191 90 -102.00000000000001 -72 0 0 1 1 0 0 0 1 0 3024.dat
1 72 80 -12.000000000000002 -64 1 0 0 0 0 -1 0 1 0 15068.dat
1 72 80 -42 -80 1 0 0 0 0 -1 0 1 0 2412b.dat
1 191 90 -92.00000000000001 -80 0 0 1 1 0 0 0 1 0 3069b.dat
1 191 90 -62 -80 1 0 0 0 0 -1 0 1 0 3070b.dat
1 191 -50 -160 110 -1 0 0 0 1 0 0 0 -1 2357.dat
1 191 50 -160 110 0 0 1 0 1 0 -1 0 0 2357.dat
1 191 0 -160 110 -1 0 0 0 1 0 0 0 -1 3010.dat
1 72 0 -160 90 -1 0 0 0 1 0 0 0 -1 3700.dat
1 191 90 -160 130 -1 0 0 0 1 0 0 0 -1 2357.dat
1 191 -90 -160 130 0 0 1 0 1 0 -1 0 0 2357.dat
1 71 0 -352.0148077280314 3.8269606390056343 0 0 1 -0.0000011567075509644198 1.000000842337448 0 -1.000000842337448 -0.0000011567075509644198 0 32000.dat
1 1 0 -342.01478773758146 13.826957495304606 -1 0 0 0 1.000000842337448 -0.0000011567075509644198 0 -0.0000011567075509644198 -1.000000842337448 6558.dat
1 1 0 -342.01481087173244 -6.173059351444356 -1 0 0 0 1.000000842337448 -0.0000011567075509644198 0 -0.0000011567075509644198 -1.000000842337448 6558.dat
1 71 -20 -342.01478773758146 13.826957495304606 0 0 -1 1.000000842337448 -0.0000011567075509644198 0 -0.0000011567075509644198 -1.000000842337448 0 42003.dat
1 71 20 -342.01478773758146 13.826957495304606 0 0 -1 1.000000842337448 -0.0000011567075509644198 0 -0.0000011567075509644198 -1.000000842337448 0 42003.dat
1 14 -20 -362.0147814501794 33.82699747620458 0 0 -1 1.000000842337448 -0.0000011567075509644198 0 -0.0000011567075509644198 -1.000000842337448 0 4519.dat
1 14 20 -362.0147814501794 33.82699747620458 0 0 -1 1.000000842337448 -0.0000011567075509644198 0 -0.0000011567075509644198 -1.000000842337448 0 4519.dat
1 72 -20 -357.0147772384922 33.82699169266683 0 0 1 -0.0000011567075509644198 1.000000842337448 0 -1.000000842337448 -0.0000011567075509644198 0 6632.dat
1 72 -20 -367.0147856618666 33.82700325974234 0 0 1 -0.0000011567075509644198 1.000000842337448 0 -1.000000842337448 -0.0000011567075509644198 0 6632.dat
1 71 0 -360.014814466731 3.8269698926660416 1 0 0 0 1.000000842337448 0.0000011567075509644198 0 -0.0000011567075509644198 1.000000842337448 3021.dat
1 72 0 -368.0148212054306 3.8269791463264498 0 0 1 -0.0000011567075509644198 1.000000842337448 0 -1.000000842337448 -0.0000011567075509644198 0 3023.dat
1 71 -20 -368.0148212054306 3.8269791463264498 0 0 1 -0.0000011567075509644198 1.000000842337448 0 -1.000000842337448 -0.0000011567075509644198 0 60470a.dat
1 71 20 -368.0148212054306 3.8269791463264498 0 0 -1 0.0000011567075509644198 1.000000842337448 0 1.000000842337448 -0.0000011567075509644198 0 60470a.dat
1 71 0 -392.01484142152935 3.827006907307673 0 0 1 -0.0000011567075509644198 1.000000842337448 0 -1.000000842337448 -0.0000011567075509644198 0 32000.dat
1 71 0 -400.01484816022895 3.82701616096808 0 0 1 -0.0000011567075509644198 1.000000842337448 0 -1.000000842337448 -0.0000011567075509644198 0 3069b.dat
1 1 0 -382.0148214310794 13.827003763606642 -1 0 0 0 1.000000842337448 -0.0000011567075509644198 0 -0.0000011567075509644198 -1.000000842337448 6558.dat
1 1 0 -382.0148445652304 -6.173013083142318 -1 0 0 0 1.000000842337448 -0.0000011567075509644198 0 -0.0000011567075509644198 -1.000000842337448 6558.dat
1 71 -20 -382.0148214310794 13.827003763606642 0 0 -1 1.000000842337448 -0.0000011567075509644198 0 -0.0000011567075509644198 -1.000000842337448 0 42003.dat
1 71 20 -382.0148214310794 13.827003763606642 0 0 -1 1.000000842337448 -0.0000011567075509644198 0 -0.0000011567075509644198 -1.000000842337448 0 42003.dat
1 71 68.501 -354.89479858688776 13.826972393697861 0 -0.173648 -0.9848080000000001 0.0000011567075509644198 0.9848088295406576 -0.17364814627021316 1.000000842337448 -0.0000011391348498501684 2.0085995280986959e-7 3002.dat
1 191 69.890184 -362.773269223213 13.826981506776658 -0.9848080000000001 -0.173648 0 -0.17364814627021316 0.9848088295406576 -0.0000011567075509644198 2.0085995280986959e-7 -0.0000011391348498501684 -1.000000842337448 60478.dat
1 191 69.890184 -362.773292357364 -6.173035339972301 -0.9848080000000001 -0.173648 0 -0.17364814627021316 0.9848088295406576 -0.0000011567075509644198 2.0085995280986959e-7 -0.0000011391348498501684 -1.000000842337448 60478.dat
1 71 78.34908 -353.1582708558836 53.82700407859625 0 -0.173648 -0.9848080000000001 0.0000011567075509644198 0.9848088295406576 -0.17364814627021316 1.000000842337448 -0.0000011391348498501684 2.0085995280986959e-7 3005.dat
1 71 69.890184 -362.7732345219865 43.8270067769001 0 -0.173648 -0.9848080000000001 0.0000011567075509644198 0.9848088295406576 -0.17364814627021316 1.000000842337448 -0.0000011391348498501684 2.0085995280986959e-7 3022.dat
1 72 58.65292000000001 -356.63123378128785 53.827008095795314 -0.9848080000000001 -0.173648 0 -0.17364814627021316 0.9848088295406576 -0.0000011567075509644198 2.0085995280986959e-7 -0.0000011391348498501684 -1.000000842337448 4070.dat
1 0 56.91644000000001 -346.78312929197557 67.82700849717108 0.173648 0 0.9848080000000001 -0.9848088295406576 -0.0000011567075509644198 0.17364814627021316 0.0000011391348498501684 -1.000000842337448 -2.0085995280986959e-7 60897.dat
1 19 74.057736 -386.4087042663399 -6.173008000735903 -0.9848080000000001 -0.173648 0 -0.17364814627021316 0.9848088295406576 -0.0000011567075509644198 2.0085995280986959e-7 -0.0000011391348498501684 -1.000000842337448 32000.dat
1 0 82.16933600000002 -374.82414607530666 -16.17302982405841 0 -0.173648 -0.9848080000000001 0.0000011567075509644198 0.9848088295406576 -0.17364814627021316 1.000000842337448 -0.0000011391348498501684 2.0085995280986959e-7 2780.dat
1 71 71.279368 -370.65169359123627 53.827024313353384 -0.9848080000000001 -0.173648 0 -0.17364814627021316 0.9848088295406576 -0.0000011567075509644198 2.0085995280986959e-7 -0.0000011391348498501684 -1.000000842337448 15573.dat
1 191 81.127448 -368.91524682976063 23.82699703463041 0 -0.173648 -0.9848080000000001 0.0000011567075509644198 0.9848088295406576 -0.17364814627021316 1.000000842337448 -0.0000011391348498501684 2.0085995280986959e-7 3023.dat
1 72 82.51663200000002 -376.7937174660859 23.827006147709206 0 -0.173648 -0.9848080000000001 0.0000011567075509644198 0.9848088295406576 -0.17364814627021316 1.000000842337448 -0.0000011391348498501684 2.0085995280986959e-7 3023.dat
1 71 83.90581600000002 -384.6721881024112 23.827015260788006 0 -0.173648 -0.9848080000000001 0.0000011567075509644198 0.9848088295406576 -0.17364814627021316 1.000000842337448 -0.0000011391348498501684 2.0085995280986959e-7 93274.dat
1 70 64.20965600000001 -388.1451510278154 23.827019277987063 0 -0.173648 0.9848080000000001 -0.0000011567075509644198 0.9848088295406576 0.17364814627021316 -1.000000842337448 -0.0000011391348498501684 -2.0085995280986959e-7 3660.dat
1 70 52.972392000000006 -382.00311558589027 63.82704586700571 -0.9848080000000001 -0.173648 0 -0.17364814627021316 0.9848088295406576 -0.0000011567075509644198 2.0085995280986959e-7 -0.0000011391348498501684 -1.000000842337448 3021.dat
1 70 64.20965600000001 -388.1451163265889 53.82704454811051 -0.9848080000000001 -0.173648 0 -0.17364814627021316 0.9848088295406576 -0.0000011567075509644198 2.0085995280986959e-7 -0.0000011391348498501684 -1.000000842337448 15573.dat
1 70 64.20965600000001 -388.1450816253624 83.82706981823395 -0.9848080000000001 -0.173648 0 -0.17364814627021316 0.9848088295406576 -0.0000011567075509644198 2.0085995280986959e-7 -0.0000011391348498501684 -1.000000842337448 3068b.dat
1 70 34.66541600000001 -393.3545375805443 73.82706742065805 0 -0.173648 -0.9848080000000001 0.0000011567075509644198 0.9848088295406576 -0.17364814627021316 1.000000842337448 -0.0000011391348498501684 2.0085995280986959e-7 63864.dat
1 71 60.38940000000001 -366.4792688681471 99.82705823466644 -0.9848080000000001 0 0.173648 -0.17364814627021316 -0.0000011567075509644198 -0.9848088295406576 2.0085995280986959e-7 -1.000000842337448 0.0000011391348498501684 6091.dat
1 71 60.38940000000001 -366.4792688681471 99.82705823466644 -0.9848080000000001 0 0.173648 -0.17364814627021316 -0.0000011567075509644198 -0.9848088295406576 2.0085995280986959e-7 -1.000000842337448 0.0000011391348498501684 3070b.dat
1 71 66.645544 -367.4071665289096 -46.173063673491015 0 -0.9848080000000001 0.173648 0.0000011567075509644198 -0.17364814627021316 -0.9848088295406576 1.000000842337448 2.0085995280986959e-7 0.0000011391348498501684 3021.dat
1 19 90.280936 -363.2395878842734 -26.173051647380923 -0.173648 -0.9848080000000001 0 0.9848088295406576 -0.17364814627021316 0.0000011567075509644198 -0.0000011391348498501684 2.0085995280986959e-7 1.000000842337448 32000.dat
1 71 88.544456 -353.3915342900934 -56.17308830885286 0 -0.9848080000000001 0.173648 0.0000011567075509644198 -0.17364814627021316 -0.9848088295406576 1.000000842337448 2.0085995280986959e-7 0.0000011391348498501684 11211.dat
1 71 92.017416 -373.0877108809065 -56.173065526155874 0 -0.9848080000000001 -0.173648 -0.0000011567075509644198 -0.17364814627021316 0.9848088295406576 -1.000000842337448 2.0085995280986959e-7 -0.0000011391348498501684 11211.dat
1 71 98.1594 -361.8504489824138 -66.17308694775846 0.173648 -0.9848080000000001 0 -0.9848088295406576 -0.17364814627021316 -0.0000011567075509644198 0.0000011391348498501684 2.0085995280986959e-7 -1.000000842337448 3023.dat
1 71 106.03786400000001 -360.46126381225207 -66.17308855463808 0.173648 -0.9848080000000001 0 -0.9848088295406576 -0.17364814627021316 -0.0000011567075509644198 0.0000011391348498501684 2.0085995280986959e-7 -1.000000842337448 15573.dat
1 71 57.03060000000001 -358.9482749707403 -56.17308188133437 0 -0.9848080000000001 0.173648 0.0000011567075509644198 -0.17364814627021316 -0.9848088295406576 1.000000842337448 2.0085995280986959e-7 0.0000011391348498501684 32064b.dat
1 71 44.74663200000001 -381.42283346895226 -66.1730643082526 0 -0.9848080000000001 0.173648 0.0000011567075509644198 -0.17364814627021316 -0.9848088295406576 1.000000842337448 2.0085995280986959e-7 0.0000011391348498501684 3024.dat
1 71 24.817336 -395.091169415228 -56.17304007461067 0 -0.173648 -0.9848080000000001 0.0000011567075509644198 0.9848088295406576 -0.17364814627021316 1.000000842337448 -0.0000011391348498501684 2.0085995280986959e-7 44728.dat
1 72 54.594712 -379.6863404391746 -56.17305789347766 -0.173648 0 -0.9848080000000001 0.9848088295406576 -0.0000011567075509644198 -0.17364814627021316 -0.0000011391348498501684 -1.000000842337448 2.0085995280986959e-7 4070.dat
1 71 23.428152 -387.2126987789028 -56.17304918768947 0 -0.173648 0.9848080000000001 -0.0000011567075509644198 0.9848088295406576 0.17364814627021316 -1.000000842337448 -0.0000011391348498501684 -2.0085995280986959e-7 11211.dat
1 71 65.722632 -339.13793828376583 -56.17310479608111 0 0.173648 0.9848080000000001 0.0000011567075509644198 -0.9848088295406576 0.17364814627021316 1.000000842337448 0.0000011391348498501684 -2.0085995280986959e-7 3022.dat
1 72 44.637288 -334.73243057284486 -56.17310989196085 0 0.173648 0.9848080000000001 0.0000011567075509644198 -0.9848088295406576 0.17364814627021316 1.000000842337448 0.0000011391348498501684 -2.0085995280986959e-7 47755.dat
1 72 72.792344 -321.64451554841315 -56.173125030838236 0 0.173648 0.9848080000000001 0.0000011567075509644198 -0.9848088295406576 0.17364814627021316 1.000000842337448 0.0000011391348498501684 -2.0085995280986959e-7 3069b.dat
1 72 33.400024 -328.5904529662972 -66.1731254198146 0 0.173648 0.9848080000000001 0.0000011567075509644198 -0.9848088295406576 0.17364814627021316 1.000000842337448 0.0000011391348498501684 -2.0085995280986959e-7 50950.dat
1 72 33.400024 -328.59042983214624 -46.17310857306563 0 0.173648 0.9848080000000001 0.0000011567075509644198 -0.9848088295406576 0.17364814627021316 1.000000842337448 0.0000011391348498501684 -2.0085995280986959e-7 50950.dat
1 72 54.594712 -379.6863682001559 -80.17307810957641 0.173648 0 0.9848080000000001 -0.9848088295406576 -0.0000011567075509644198 0.17364814627021316 0.0000011391348498501684 -1.000000842337448 -2.0085995280986959e-7 43898.dat
1 72 54.594712 -379.68637745381625 -88.17308484827599 0.173648 0 0.9848080000000001 -0.9848088295406576 -0.0000011567075509644198 0.17364814627021316 0.0000011391348498501684 -1.000000842337448 -2.0085995280986959e-7 6141.dat
1 0 54.594712 -379.68638670747674 -96.17309158697559 0.173648 0 0.9848080000000001 -0.9848088295406576 -0.0000011567075509644198 0.17364814627021316 0.0000011391348498501684 -1.000000842337448 -2.0085995280986959e-7 2654.dat
1 71 55.750760000000014 -397.7601493951448 -16.17300329383253 0 -0.173648 -0.9848080000000001 0.0000011567075509644198 0.9848088295406576 -0.17364814627021316 1.000000842337448 -0.0000011391348498501684 2.0085995280986959e-7 3032.dat
1 70 55.750760000000014 -397.7600684256163 53.827055669788834 0.9848080000000001 -0.173648 0 0.17364814627021316 0.9848088295406576 0.0000011567075509644198 -2.0085995280986959e-7 -0.0000011391348498501684 1.000000842337448 3710.dat
1 70 57.13994400000001 -405.6385506290171 43.82705635949315 0.9848080000000001 -0.173648 0 0.17364814627021316 0.9848088295406576 0.0000011567075509644198 -2.0085995280986959e-7 -0.0000011391348498501684 1.000000842337448 87079.dat
1 70 57.13994400000001 -405.6385853302436 13.827031089369708 0.9848080000000001 -0.173648 0 0.17364814627021316 0.9848088295406576 0.0000011567075509644198 -2.0085995280986959e-7 -0.0000011391348498501684 1.000000842337448 2431.dat
1 70 57.13994400000001 -405.63862003147017 -16.172994180753733 0.9848080000000001 -0.173648 0 0.17364814627021316 0.9848088295406576 0.0000011567075509644198 -2.0085995280986959e-7 -0.0000011391348498501684 1.000000842337448 3068b.dat
1 70 86.684184 -400.4291756433637 -16.173000206552317 0 -0.173648 0.9848080000000001 -0.0000011567075509644198 0.9848088295406576 0.17364814627021316 -1.000000842337448 -0.0000011391348498501684 -2.0085995280986959e-7 15573.dat
1 70 27.59570400000001 -410.84806441957653 -16.17298815495515 0 -0.173648 0.9848080000000001 -0.0000011567075509644198 0.9848088295406576 0.17364814627021316 -1.000000842337448 -0.0000011391348498501684 -2.0085995280986959e-7 15573.dat
1 71 86.684184 -400.4292219116658 -56.173033900050235 0 -0.173648 0.9848080000000001 -0.0000011567075509644198 0.9848088295406576 0.17364814627021316 -1.000000842337448 -0.0000011391348498501684 -2.0085995280986959e-7 15573.dat
1 71 27.59570400000001 -410.8481106878786 -56.17302184845307 0 -0.173648 0.9848080000000001 -0.0000011567075509644198 0.9848088295406576 0.17364814627021316 -1.000000842337448 -0.0000011391348498501684 -2.0085995280986959e-7 15573.dat
1 71 57.13994400000001 -405.6386778668477 -66.17303629762614 -0.9848080000000001 -0.173648 0 -0.17364814627021316 0.9848088295406576 -0.0000011567075509644198 2.0085995280986959e-7 -0.0000011391348498501684 -1.000000842337448 15573.dat
1 72 58.529128000000014 -413.51714850317296 -66.17302718454735 -0.9848080000000001 -0.173648 0 -0.17364814627021316 0.9848088295406576 -0.0000011567075509644198 2.0085995280986959e-7 -0.0000011391348498501684 -1.000000842337448 87079.dat
1 72 5.701608000000008 -390.3383654117667 -56.17304557221032 -0.173648 0.9848080000000001 0 0.9848088295406576 0.17364814627021316 -0.0000011567075509644198 -0.0000011391348498501684 -2.0085995280986959e-7 -1.000000842337448 3068b.dat
1 72 58.529128000000014 -413.5171022348709 -26.172993491049414 -0.9848080000000001 -0.173648 0 -0.17364814627021316 0.9848088295406576 -0.0000011567075509644198 2.0085995280986959e-7 -0.0000011391348498501684 -1.000000842337448 87079.dat
1 71 64.333448 -331.2593982449875 3.8269366310869835 -0.9848080000000001 -0.173648 0 -0.17364814627021316 0.9848088295406576 -0.0000011567075509644198 2.0085995280986959e-7 -0.0000011391348498501684 -1.000000842337448 2654.dat
1 71 64.333448 -331.2593519766855 43.826970324584906 -0.9848080000000001 -0.173648 0 -0.17364814627021316 0.9848088295406576 -0.0000011567075509644198 2.0085995280986959e-7 -0.0000011391348498501684 -1.000000842337448 2654.dat
1 71 100.36215200000001 -351.30768713239775 3.82695982107459 0 -0.9848080000000001 -0.173648 -0.0000011567075509644198 -0.17364814627021316 0.9848088295406576 -1.000000842337448 2.0085995280986959e-7 -0.0000011391348498501684 3069b.dat
1 72 103.83511200000001 -371.0038637232109 3.826982603771587 0 -0.9848080000000001 -0.173648 -0.0000011567075509644198 -0.17364814627021316 0.9848088295406576 -1.000000842337448 2.0085995280986959e-7 -0.0000011391348498501684 2412b.dat
1 71 92.483688 -352.6968260342574 43.82699512145214 0 -0.9848080000000001 0.173648 0.0000011567075509644198 -0.17364814627021316 -0.9848088295406576 1.000000842337448 2.0085995280986959e-7 0.0000011391348498501684 85984.dat
1 71 95.956648 -372.39300262507066 43.82701790414913 0 -0.9848080000000001 -0.173648 -0.0000011567075509644198 -0.17364814627021316 0.9848088295406576 -1.000000842337448 2.0085995280986959e-7 -0.0000011391348498501684 85984.dat
1 72 113.91632800000002 -359.0720323737883 -26.17305646801979 -0.173648 -0.9848080000000001 0 0.9848088295406576 -0.17364814627021316 0.0000011567075509644198 -0.0000011391348498501684 2.0085995280986959e-7 1.000000842337448 3004.dat
1 72 106.03786400000003 -360.46121754395006 -26.173054861140166 0 -0.9848080000000001 -0.173648 -0.0000011567075509644198 -0.17364814627021316 0.9848088295406576 -1.000000842337448 2.0085995280986959e-7 -0.0000011391348498501684 93273.dat
1 72 111.24730400000003 -390.00550556432074 -46.173037533843626 0 -0.9848080000000001 -0.173648 -0.0000011567075509644198 -0.17364814627021316 0.9848088295406576 -1.000000842337448 2.0085995280986959e-7 -0.0000011391348498501684 3623.dat
1 72 103.36884 -391.39469073448254 -46.17303592696401 0 -0.9848080000000001 -0.173648 -0.0000011567075509644198 -0.17364814627021316 0.9848088295406576 -1.000000842337448 2.0085995280986959e-7 -0.0000011391348498501684 3623.dat
1 72 100.82842400000003 -330.9169757918813 -46.17310588193462 0 -0.9848080000000001 -0.173648 -0.0000011567075509644198 -0.17364814627021316 0.9848088295406576 -1.000000842337448 2.0085995280986959e-7 -0.0000011391348498501684 3623.dat
1 72 92.94996 -332.306160962043 -46.173104275055 0 -0.9848080000000001 -0.173648 -0.0000011567075509644198 -0.17364814627021316 0.9848088295406576 -1.000000842337448 2.0085995280986959e-7 -0.0000011391348498501684 3623.dat
1 72 113.91632800000002 -359.07206707501484 -56.173081738143225 -0.173648 -0.9848080000000001 0 0.9848088295406576 -0.17364814627021316 0.0000011567075509644198 -0.0000011391348498501684 2.0085995280986959e-7 1.000000842337448 98282.dat
1 72 106.03786400000003 -360.46124067810103 -46.17307170788912 0 -0.9848080000000001 -0.173648 -0.0000011567075509644198 -0.17364814627021316 0.9848088295406576 -1.000000842337448 2.0085995280986959e-7 -0.0000011391348498501684 93273.dat
1 72 106.03786400000003 -360.46126381225207 -66.17308855463808 0 -0.9848080000000001 -0.173648 -0.0000011567075509644198 -0.17364814627021316 0.9848088295406576 -1.000000842337448 2.0085995280986959e-7 -0.0000011391348498501684 93273.dat
1 0 37.358326768000005 -350.2327755393919 59.827005748689295 -0.9862859235139201 0 0.16504743497168 -0.16504757399731518 -0.0000011567075509644198 -0.986286754299488 1.9091161429905135e-7 -1.000000842337448 0.0000011408443751384675 752.dat
1 0 10.034589096000012 -361.7524594931688 101.82705445181249 -0.9999623069680001 0 -0.008727206448000013 0.008727213799252814 -0.0000011567075509644198 -0.9999631492736978 -1.0094825597226982e-8 -1.000000842337448 0.0000011566639511496867 752.dat
1 0 37.358326768000005 -350.2327755393919 59.827005748689295 -0.9862202568 -0.0073689359999999995 0.1650801704 -0.16506295366090132 -0.0031259547265298816 -0.9863195704952821 -0.007799815640838473 1.0000008459545984 -0.001798860633875967 755.dat
1 0 37.2711914432 -350.2695573231192 66.77921164734273 -0.9824982408 -0.019372418400000004 0.18515288880000003 -0.18501985796150855 -0.008187232021171009 -0.9826786704358553 -0.020499803254258604 0.9998008516405434 -0.004398867035409855 756.dat
1 0 37.19443752160001 -350.3018736107561 69.29081380034131 -0.9797657776 -0.028739992 0.19792066319999999 -0.1976370794721942 -0.012072928441247828 -0.9802242848505078 -0.03059979716745724 0.9995008558824524 -0.0061988713906236175 756.dat
1 0 37.09434863600001 -350.34409242522156 71.79611595948744 -0.9768363528000001 -0.0380902008 0.21065370799999997 -0.21021957123795504 -0.01605710585994947 -0.9775729371522401 -0.04059979103659413 0.999100860154041 -0.0076988757209631165 756.dat
1 0 36.97071046000001 -350.3961500128328 74.29721812647632 -0.9736288504000001 -0.047440409600000004 0.2233520232 -0.22265148779255148 -0.020041283278651116 -0.974724627341052 -0.05069978516413623 0.9987008644256299 -0.008898880026428349 756.dat
1 0 36.82336076160001 -350.4582780624401 76.79632030342913 -0.9701432704 -0.056889099199999994 0.2360156088 -0.23493282925165432 -0.024042825743321294 -0.9716793555326143 -0.06099977963431729 0.998100868548837 -0.009898884391253067 756.dat
1 0 36.652102579200005 -350.53051130124373 79.29552249215487 -0.9663448832 -0.0664362696 0.2485633488 -0.2472605571498302 -0.028061733138289247 -0.9685529673088372 -0.07129977405084285 0.9974008726078964 -0.010598888597204034 756.dat
1 0 36.45636239280001 -350.6130523962383 81.79722469490966 -0.9622684184000002 -0.07608192080000001 0.26117484 -0.2594377099525124 -0.032098005463554964 -0.9652122522731836 -0.08179976881000738 0.9966008766028083 -0.01109889288260048 756.dat
1 0 36.2366152416 -350.70571605519143 84.29042690221335 -0.9579949920000002 -0.08582605280000001 0.2736704856 -0.27158013324161134 -0.03615164271911847 -0.9617904209378614 -0.09239976369357762 0.9957008805335722 -0.011398897093356924 756.dat
1 0 35.99143600800001 -350.80905817550524 86.79022912742836 -0.9533450072 -0.0956513008 0.2862125176 -0.28355461650491887 -0.04032112590360458 -0.9580557816763668 -0.1030997588556391 0.9946008844298682 -0.011298901329004839 756.dat
1 0 35.72262636800001 -350.92235493131886 89.27143134849045 -0.9484980608000002 -0.1055750296 0.298557588 -0.2954943703703139 -0.04450797401838845 -0.9543558718127848 -0.11399975422634004 0.9934008882620162 -0.01099890535601328 756.dat
1 0 35.4269768928 -351.0469845403116 91.76263359108474 -0.9433730368000002 -0.1156783552 0.31094904479999996 -0.3072835492558861 -0.04882803276105119 -0.9503431542543722 -0.1251997500239137 0.9921008921640162 -0.010498909576380675 756.dat
1 0 35.1049626216 -351.18276171140764 94.25183584488879 -0.9378540896 -0.1260771232 0.32322465600000005 -0.31900326899862086 -0.053200186178936515 -0.9462493201649492 -0.1364997459860651 0.9906008959578066 -0.009598913553640582 756.dat
1 0 34.7578117104 -351.32916527509934 96.72543809784399 -0.9320570648 -0.136574372 0.33538442160000004 -0.3305724136458621 -0.05758970464279035 -0.942074369775858 -0.14799974229085544 0.9889008996032156 -0.00849891745626049 756.dat
1 0 34.38275504 -351.48719119795936 99.19854036382165 -0.9259819624000001 -0.1474481792 0.34749209280000004 -0.3419909834289512 -0.06214716336377711 -0.9376039763908922 -0.15989973910675218 0.9871009033586482 -0.007098921447919617 756.dat
1 0 33.978894626400006 -351.65750553185467 101.67174264409766 -0.9195129368 -0.158600064 0.35959976400000004 -0.3533400941848738 -0.0668551976429405 -0.9331335826589143 -0.17199973617146047 0.9851009071197849 -0.005398925186877512 756.dat
1 0 33.547423896000005 -351.83939014736234 104.12984492503776 -0.9127831984000001 -0.1701285072 0.3714583792 -0.36444014930936075 -0.0717311724105783 -0.9284024756759865 -0.18459973394542237 0.9828009108224778 -0.0034989290589363797 756.dat
1 0 33.08467574560001 -352.0345070637318 106.58784722119952 -0.9055610559999999 -0.18213198960000004 0.3832185136 -0.37545338082339585 -0.0767924523656468 -0.923688732929332 -0.1975997321567493 0.9803009145710467 -0.001098932489740529 756.dat
1 0 32.58902809600001 -352.2434469260387 109.04524953284495 -0.8978638744 -0.19461051120000003 0.39492655360000006 -0.3862813080753662 -0.0820390377394875 -0.9186795473024739 -0.21119973108782214 0.9774009181970239 0.0015010639061823568 756.dat
1 0 32.06220150720001 -352.4656017455606 111.48425184427721 -0.8897901344000002 -0.20764518800000004 0.4064376320000001 -0.3969412957642282 -0.08758677399833993 -0.9137050908421868 -0.22529973063432115 0.9743009220028769 0.004501060679212212 756.dat
1 0 31.49944558720001 -352.7028245554328 113.91905416960086 -0.8811602392000001 -0.22145034640000005 0.4177981352 -0.4073001337247859 -0.09337191023551641 -0.9084525560849811 -0.2401997312030331 0.9707009256621624 0.007901057467522588 756.dat
1 0 30.90266049280001 -352.95437415965944 116.32905649060639 -0.8718583432000002 -0.2362055832 0.42896167679999997 -0.41743893814103733 -0.099527656963225 -0.9032347503786762 -0.25599973278436416 0.9666009293289659 0.011801054717173676 756.dat
1 0 30.261285224 -353.22485436453513 118.74605883940548 -0.8619018112000001 -0.2519746496 0.439992008 -0.42725922847704045 -0.10626834087767162 -0.8978373472584069 -0.2729997357449291 0.961900933166967 0.016101052096018774 756.dat
1 0 29.576611688 -353.5135296848444 121.14706119577356 -0.8510936816000001 -0.26908771760000005 0.45070953199999997 -0.43672627521921203 -0.11344909488817069 -0.8923935570050401 -0.29129974020913363 0.9564009368401292 0.021001049926610834 756.dat
1 0 28.846085092000003 -353.8214598639771 123.52506355504005 -0.8393528384 -0.28780550000000005 0.4612127296000001 -0.44572423301698333 -0.12131897532018221 -0.8868860149196198 -0.3111997465636785 0.9500009405523033 0.026401048104630127 756.dat
1 0 28.066333775200007 -354.150254856813 125.86906590980149 -0.8261868776000001 -0.308684152 0.47130463920000004 -0.45416627860691455 -0.13017913340573012 -0.8813494501687164 -0.3333997554986299 0.942200944230664 0.03270104700718362 756.dat
1 0 27.220209940000007 -354.5068984191604 128.20506829003685 -0.8112366056 -0.3324130392 0.48100262559999996 -0.4617859916586138 -0.140151123194216 -0.875882343750955 -0.3584997678275612 0.9327009477631116 0.039801046663951054 756.dat
1 0 26.300379380000006 -354.8947146427266 130.5170706861137 -0.7939111376000001 -0.36000599120000004 0.49007499760000006 -0.46847918467236827 -0.15181988233506072 -0.8703224629513279 -0.3876997846817934 0.9205009509839089 0.04820104730844617 756.dat
1 0 25.298882274400004 -355.316934857908 132.77907307986894 -0.7729012016000002 -0.39280700960000003 0.4982784072000001 -0.47360882821530303 -0.1656254811556584 -0.8650173447469076 -0.422299807893223 0.904600953559749 0.05800104942690115 756.dat
1 0 24.195888530400005 -355.78203126217494 134.97107546425562 -0.7462602544000001 -0.4334520032 0.505236296 -0.4761208983540241 -0.18274350365368366 -0.8601349283537898 -0.4651998411238289 0.8824009546603573 0.07000105388744343 756.dat
1 0 22.947033956800006 -356.3084884486113 137.09107785897032 -0.7094638872000002 -0.4863785568 0.50988274 -0.47460836870852113 -0.20507339114995593 -0.8559647063434481 -0.5208998897916522 0.8493009526080714 0.08530106195150364 756.dat
1 0 21.5117082896 -356.9136214880025 139.0420802023347 -0.6524955984 -0.5604792048 0.5100742344 -0.4642587886138025 -0.23631554817925823 -0.8535954332038962 -0.5988999674655049 0.7937009419120432 0.10600107664736269 756.dat
1 0 19.7626873656 -357.65103718955174 140.70508245611768 -0.5450223384 -0.6735216512 0.4992587112 -0.4328187392101179 -0.2839692762611861 -0.8556040080692301 -0.7181001042392 0.6824009032811169 0.13680110491472908 756.dat
1 0 17.5650826432 -358.5775220495305 141.5450842353534 -0.2793603024 -0.8464019128 0.4534465704000001 -0.3344934035920016 -0.35679638238092065 -0.8722114592400991 -0.9000003711941877 0.39540074576947803 0.18350116346189838 756.dat
1 0 15.341113124800003 -359.515156594171 140.54808448010965 0.3195490056 -0.8889296984 0.3281113888 -0.09556397892434013 -0.37475484183061286 -0.922134116769608 -0.9427006835332907 -0.26329978830641215 0.20470123906534687 756.dat
1 0 13.976875638400003 -360.0903957350761 138.45908338584684 0.7553048192 -0.6156824736000001 0.22460493760000003 0.07469117538346903 -0.25955633602353056 -0.9628261030021422 -0.6511006348425573 -0.744000326469536 0.15010124014233728 756.dat
1 0 13.045024231200005 -360.4831800803043 136.16708190954256 0.8905158984 -0.41663437760000005 0.1825874024 0.118130524964482 -0.17561690279516481 -0.9773429680529432 -0.4393005066817839 -0.8919005481447368 0.10720122079775664 756.dat
1 0 12.338997004000007 -360.78090640104557 133.77308023736555 0.9394432504 -0.30369041199999997 0.15905595840000003 0.1251331882992131 -0.12798072864954857 -0.9838277071172709 -0.31910041353268853 -0.9441006472158975 0.08230120732446117 756.dat
1 0 11.790422800800009 -361.0121817820482 131.32907844620726 0.962365 -0.23212719200000004 0.14117289039999997 0.12125466174188751 -0.09789687952276306 -0.9877933341119813 -0.24310034502862357 -0.9678007019775127 0.06600119818140582 756.dat
1 0 11.359525590400004 -361.19386941658854 128.86907658421313 0.9752645400000002 -0.18213198960000004 0.12553180800000002 0.11317189715459718 -0.07679472020647121 -0.99065283405411 -0.19000029095104706 -0.980300736915754 0.054301191633644386 756.dat
1 0 11.014437068 -361.3393058035541 126.38507466007083 0.983251456 -0.1447137896 0.1109856712 0.10300437599570098 -0.06095650170931593 -0.9928115489141754 -0.15040024583359257 -0.9876007613849986 0.04510118638112723 756.dat
1 0 10.740813284800005 -361.4546756776368 123.9020727019927 0.9885677336 -0.11530179680000002 0.09697832479999999 0.09185822566479296 -0.04866238775871168 -0.9945706303868844 -0.1194002068282648 -0.9921007793962056 0.03750118201409357 756.dat
1 0 10.522867809600001 -361.54662125725247 121.40207070249978 0.9923604128000001 -0.09139331280000002 0.083330172 0.08013878882641584 -0.038557201916862106 -0.9960632896784695 -0.0943001721296116 -0.995100793611957 0.030901178181226396 756.dat
1 0 10.353868977600003 -361.6178526343495 118.90506868157367 0.9950234168000001 -0.07154585520000001 0.06992536719999998 0.06791552670548051 -0.030183510661136826 -0.9972084109519453 -0.0734001403860033 -0.9970008048983043 0.02510117462023075 756.dat
1 0 10.225318177600002 -361.6720007558239 116.39806663246381 0.9969159392 -0.054531268 0.0567001592 0.05545486148311081 -0.023020129215205354 -0.9982203210191887 -0.05570011106327336 -0.9982008141950415 0.019901171410552088 756.dat
1 0 10.1329747864 -361.7109303141657 113.89306456743523 0.9982175768000001 -0.039793395999999995 0.04352133759999999 0.04289000448121013 -0.016765907388080457 -0.9989194232759303 -0.04050008372587109 -0.9991008221874459 0.015001168091748215 756.dat
1 0 10.0722042576 -361.73657547650777 111.38876248763012 0.9991426560000001 -0.026839835200000006 0.030423632000000006 0.030157205140102908 -0.011334020990956272 -0.9995026793724081 -0.0272000577946525 -0.9996008288917141 0.010501164975879839 756.dat
1 0 10.039403239200006 -361.7503839570339 108.88156039169068 0.9996911768000001 -0.015311392 0.017389677600000014 0.01725646392247226 -0.006458049230758096 -0.9998716086570091 -0.015400032932682613 -0.9999008347844841 0.00620116178056599 756.dat
1 0 10.032312380800008 -361.7533633850257 106.3814582892058 1.0000253712 -0.004912624000000001 0.004419474400000012 0.004419472454821753 -0.002085897663604862 -1.0000262111297333 -0.004900009239492905 -1.0000008399260145 0.0021011585058066636 756.dat
1 0 10.0100086112 -361.76278471695036 101.82715446384 0.9999018912000001 0.004912624000000001 -0.008683939200000018 -0.008701316997301221 0.002085897663604862 -1.0000012119086756 -0.004899994062589455 1.0000008399260145 0.0021011584768899 755.dat
1 71 -68.501 -354.89479858688776 13.826972393697861 0 0.173648 -0.9848080000000001 0.0000011567075509644198 0.9848088295406576 0.17364814627021316 1.000000842337448 -0.0000011391348498501684 -2.0085995280986959e-7 3002.dat
1 191 -69.890184 -362.773269223213 13.826981506776658 0.9848080000000001 0.173648 0 -0.17364814627021316 0.9848088295406576 0.0000011567075509644198 2.0085995280986959e-7 -0.0000011391348498501684 1.000000842337448 60478.dat
1 191 -69.890184 -362.773292357364 -6.173035339972301 0.9848080000000001 0.173648 0 -0.17364814627021316 0.9848088295406576 0.0000011567075509644198 2.0085995280986959e-7 -0.0000011391348498501684 1.000000842337448 60478.dat
1 71 -78.34908 -353.1582708558836 53.82700407859625 0 0.173648 -0.9848080000000001 0.0000011567075509644198 0.9848088295406576 0.17364814627021316 1.000000842337448 -0.0000011391348498501684 -2.0085995280986959e-7 3005.dat
1 71 -69.890184 -362.7732345219865 43.8270067769001 0 0.173648 -0.9848080000000001 0.0000011567075509644198 0.9848088295406576 0.17364814627021316 1.000000842337448 -0.0000011391348498501684 -2.0085995280986959e-7 3022.dat
1 72 -58.65292000000001 -356.63123378128785 53.827008095795314 -0.9848080000000001 0.173648 0 0.17364814627021316 0.9848088295406576 -0.0000011567075509644198 -2.0085995280986959e-7 -0.0000011391348498501684 -1.000000842337448 4070.dat
1 0 -56.91644000000001 -346.78312929197557 67.82700849717108 0.173648 0 -0.9848080000000001 0.9848088295406576 -0.0000011567075509644198 0.17364814627021316 -0.0000011391348498501684 -1.000000842337448 -2.0085995280986959e-7 60897.dat
1 19 -74.057736 -386.4087042663399 -6.173008000735903 -0.9848080000000001 0.173648 0 0.17364814627021316 0.9848088295406576 -0.0000011567075509644198 -2.0085995280986959e-7 -0.0000011391348498501684 -1.000000842337448 32000.dat
1 0 -82.16933600000002 -374.82414607530666 -16.17302982405841 0 0.173648 -0.9848080000000001 0.0000011567075509644198 0.9848088295406576 0.17364814627021316 1.000000842337448 -0.0000011391348498501684 -2.0085995280986959e-7 2780.dat
1 71 -71.279368 -370.65169359123627 53.827024313353384 -0.9848080000000001 0.173648 0 0.17364814627021316 0.9848088295406576 -0.0000011567075509644198 -2.0085995280986959e-7 -0.0000011391348498501684 -1.000000842337448 15573.dat
1 191 -81.127448 -368.91524682976063 23.82699703463041 0 0.173648 -0.9848080000000001 0.0000011567075509644198 0.9848088295406576 0.17364814627021316 1.000000842337448 -0.0000011391348498501684 -2.0085995280986959e-7 3023.dat
1 72 -82.51663200000002 -376.7937174660859 23.827006147709206 0 0.173648 -0.9848080000000001 0.0000011567075509644198 0.9848088295406576 0.17364814627021316 1.000000842337448 -0.0000011391348498501684 -2.0085995280986959e-7 3023.dat
1 71 -83.90581600000002 -384.6721881024112 23.827015260788006 0 0.173648 0.9848080000000001 -0.0000011567075509644198 0.9848088295406576 -0.17364814627021316 -1.000000842337448 -0.0000011391348498501684 2.0085995280986959e-7 93274.dat
1 70 -64.20965600000001 -388.1451510278154 23.827019277987063 0 0.173648 -0.9848080000000001 0.0000011567075509644198 0.9848088295406576 0.17364814627021316 1.000000842337448 -0.0000011391348498501684 -2.0085995280986959e-7 3660.dat
1 70 -52.972392000000006 -382.00311558589027 63.82704586700571 0.9848080000000001 0.173648 0 -0.17364814627021316 0.9848088295406576 0.0000011567075509644198 2.0085995280986959e-7 -0.0000011391348498501684 1.000000842337448 3021.dat
1 70 -64.20965600000001 -388.1451163265889 53.82704454811051 0.9848080000000001 0.173648 0 -0.17364814627021316 0.9848088295406576 0.0000011567075509644198 2.0085995280986959e-7 -0.0000011391348498501684 1.000000842337448 15573.dat
1 70 -64.20965600000001 -388.1450816253624 83.82706981823395 -0.9848080000000001 0.173648 0 0.17364814627021316 0.9848088295406576 -0.0000011567075509644198 -2.0085995280986959e-7 -0.0000011391348498501684 -1.000000842337448 3068b.dat
1 70 -34.66541600000001 -393.3545375805443 73.82706742065805 0 0.173648 -0.9848080000000001 0.0000011567075509644198 0.9848088295406576 0.17364814627021316 1.000000842337448 -0.0000011391348498501684 -2.0085995280986959e-7 63864.dat
1 71 -60.38940000000001 -366.4792688681471 99.82705823466644 -0.9848080000000001 0 -0.173648 0.17364814627021316 -0.0000011567075509644198 -0.9848088295406576 -2.0085995280986959e-7 -1.000000842337448 0.0000011391348498501684 6091.dat
1 71 -60.38940000000001 -366.4792688681471 99.82705823466644 -0.9848080000000001 0 -0.173648 0.17364814627021316 -0.0000011567075509644198 -0.9848088295406576 -2.0085995280986959e-7 -1.000000842337448 0.0000011391348498501684 3070b.dat
1 71 -66.645544 -367.4071665289096 -46.173063673491015 0 0.9848080000000001 0.173648 0.0000011567075509644198 -0.17364814627021316 0.9848088295406576 1.000000842337448 2.0085995280986959e-7 -0.0000011391348498501684 3021.dat
1 19 -90.280936 -363.2395878842734 -26.173051647380923 -0.173648 0.9848080000000001 0 -0.9848088295406576 -0.17364814627021316 0.0000011567075509644198 0.0000011391348498501684 2.0085995280986959e-7 1.000000842337448 32000.dat
1 71 -88.544456 -353.3915342900934 -56.17308830885286 0 0.9848080000000001 -0.173648 -0.0000011567075509644198 -0.17364814627021316 -0.9848088295406576 -1.000000842337448 2.0085995280986959e-7 0.0000011391348498501684 11211.dat
1 71 -92.017416 -373.0877108809065 -56.173065526155874 0 0.9848080000000001 0.173648 0.0000011567075509644198 -0.17364814627021316 0.9848088295406576 1.000000842337448 2.0085995280986959e-7 -0.0000011391348498501684 11211.dat
1 71 -98.1594 -361.8504489824138 -66.17308694775846 0.173648 0.9848080000000001 0 0.9848088295406576 -0.17364814627021316 -0.0000011567075509644198 -0.0000011391348498501684 2.0085995280986959e-7 -1.000000842337448 3023.dat
1 71 -106.03786400000001 -360.46126381225207 -66.17308855463808 0.173648 0.9848080000000001 0 0.9848088295406576 -0.17364814627021316 -0.0000011567075509644198 -0.0000011391348498501684 2.0085995280986959e-7 -1.000000842337448 15573.dat
1 71 -57.03060000000001 -358.9482749707403 -56.17308188133437 0 0.9848080000000001 0.173648 0.0000011567075509644198 -0.17364814627021316 0.9848088295406576 1.000000842337448 2.0085995280986959e-7 -0.0000011391348498501684 32064b.dat
1 71 -44.74663200000001 -381.42283346895226 -66.1730643082526 0 0.9848080000000001 0.173648 0.0000011567075509644198 -0.17364814627021316 0.9848088295406576 1.000000842337448 2.0085995280986959e-7 -0.0000011391348498501684 3024.dat
1 71 -24.817336 -395.091169415228 -56.17304007461067 0 0.173648 0.9848080000000001 -0.0000011567075509644198 0.9848088295406576 -0.17364814627021316 -1.000000842337448 -0.0000011391348498501684 2.0085995280986959e-7 44728.dat
1 72 -54.594712 -379.6863404391746 -56.17305789347766 -0.173648 0 0.9848080000000001 -0.9848088295406576 -0.0000011567075509644198 -0.17364814627021316 0.0000011391348498501684 -1.000000842337448 2.0085995280986959e-7 4070.dat
1 71 -23.428152 -387.2126987789028 -56.17304918768947 0 0.173648 -0.9848080000000001 0.0000011567075509644198 0.9848088295406576 0.17364814627021316 1.000000842337448 -0.0000011391348498501684 -2.0085995280986959e-7 11211.dat
1 71 -65.722632 -339.13793828376583 -56.17310479608111 0 -0.173648 -0.9848080000000001 -0.0000011567075509644198 -0.9848088295406576 0.17364814627021316 -1.000000842337448 0.0000011391348498501684 -2.0085995280986959e-7 3022.dat
1 72 -44.637288 -334.73243057284486 -56.17310989196085 0 -0.173648 -0.9848080000000001 -0.0000011567075509644198 -0.9848088295406576 0.17364814627021316 -1.000000842337448 0.0000011391348498501684 -2.0085995280986959e-7 47755.dat
1 72 -72.792344 -321.64451554841315 -56.173125030838236 0 -0.173648 -0.9848080000000001 -0.0000011567075509644198 -0.9848088295406576 0.17364814627021316 -1.000000842337448 0.0000011391348498501684 -2.0085995280986959e-7 3069b.dat
1 72 -33.400024 -328.59042983214624 -46.17310857306563 0 -0.173648 -0.9848080000000001 -0.0000011567075509644198 -0.9848088295406576 0.17364814627021316 -1.000000842337448 0.0000011391348498501684 -2.0085995280986959e-7 50950.dat
1 72 -33.400024 -328.5904529662972 -66.1731254198146 0 -0.173648 -0.9848080000000001 -0.0000011567075509644198 -0.9848088295406576 0.17364814627021316 -1.000000842337448 0.0000011391348498501684 -2.0085995280986959e-7 50950.dat
1 72 -54.594712 -379.6863682001559 -80.17307810957641 0.173648 0 -0.9848080000000001 0.9848088295406576 -0.0000011567075509644198 0.17364814627021316 -0.0000011391348498501684 -1.000000842337448 -2.0085995280986959e-7 43898.dat
1 72 -54.594712 -379.68637745381625 -88.17308484827599 0.173648 0 -0.9848080000000001 0.9848088295406576 -0.0000011567075509644198 0.17364814627021316 -0.0000011391348498501684 -1.000000842337448 -2.0085995280986959e-7 6141.dat
1 0 -54.594712 -379.68638670747674 -96.17309158697559 0.173648 0 -0.9848080000000001 0.9848088295406576 -0.0000011567075509644198 0.17364814627021316 -0.0000011391348498501684 -1.000000842337448 -2.0085995280986959e-7 2654.dat
1 71 -55.750760000000014 -397.7601493951448 -16.17300329383253 0 0.173648 -0.9848080000000001 0.0000011567075509644198 0.9848088295406576 0.17364814627021316 1.000000842337448 -0.0000011391348498501684 -2.0085995280986959e-7 3032.dat
1 70 -55.750760000000014 -397.7600684256163 53.827055669788834 0.9848080000000001 0.173648 0 -0.17364814627021316 0.9848088295406576 0.0000011567075509644198 2.0085995280986959e-7 -0.0000011391348498501684 1.000000842337448 3710.dat
1 70 -57.13994400000001 -405.6385506290171 43.82705635949315 0.9848080000000001 0.173648 0 -0.17364814627021316 0.9848088295406576 0.0000011567075509644198 2.0085995280986959e-7 -0.0000011391348498501684 1.000000842337448 87079.dat
1 70 -57.13994400000001 -405.6385853302436 13.827031089369708 0.9848080000000001 0.173648 0 -0.17364814627021316 0.9848088295406576 0.0000011567075509644198 2.0085995280986959e-7 -0.0000011391348498501684 1.000000842337448 2431.dat
1 70 -76.836104 -402.16565710606585 -16.172998197952786 0.9848080000000001 0.173648 0 -0.17364814627021316 0.9848088295406576 0.0000011567075509644198 2.0085995280986959e-7 -0.0000011391348498501684 1.000000842337448 3068b.dat
1 70 -47.291864000000004 -407.3751014941723 -16.172992172154203 0 0.173648 0.9848080000000001 -0.0000011567075509644198 0.9848088295406576 -0.17364814627021316 -1.000000842337448 -0.0000011391348498501684 2.0085995280986959e-7 15573.dat
1 70 -27.59570400000001 -410.84806441957653 -16.17298815495515 0 0.173648 0.9848080000000001 -0.0000011567075509644198 0.9848088295406576 -0.17364814627021316 -1.000000842337448 -0.0000011391348498501684 2.0085995280986959e-7 15573.dat
1 71 -86.684184 -400.4292219116658 -56.173033900050235 0 0.173648 0.9848080000000001 -0.0000011567075509644198 0.9848088295406576 -0.17364814627021316 -1.000000842337448 -0.0000011391348498501684 2.0085995280986959e-7 15573.dat
1 71 -27.59570400000001 -410.8481106878786 -56.17302184845307 0 0.173648 0.9848080000000001 -0.0000011567075509644198 0.9848088295406576 -0.17364814627021316 -1.000000842337448 -0.0000011391348498501684 2.0085995280986959e-7 15573.dat
1 71 -57.13994400000001 -405.6386778668477 -66.17303629762614 -0.9848080000000001 0.173648 0 0.17364814627021316 0.9848088295406576 -0.0000011567075509644198 -2.0085995280986959e-7 -0.0000011391348498501684 -1.000000842337448 15573.dat
1 72 -58.529128000000014 -413.51714850317296 -66.17302718454735 -0.9848080000000001 0.173648 0 0.17364814627021316 0.9848088295406576 -0.0000011567075509644198 -2.0085995280986959e-7 -0.0000011391348498501684 -1.000000842337448 87079.dat
1 72 -5.701608000000008 -390.3383654117667 -56.17304557221032 0.173648 -0.9848080000000001 0 0.9848088295406576 0.17364814627021316 0.0000011567075509644198 -0.0000011391348498501684 -2.0085995280986959e-7 1.000000842337448 3068b.dat
1 72 -58.529128000000014 -413.5171022348709 -26.172993491049414 -0.9848080000000001 0.173648 0 0.17364814627021316 0.9848088295406576 -0.0000011567075509644198 -2.0085995280986959e-7 -0.0000011391348498501684 -1.000000842337448 87079.dat
1 71 -64.333448 -331.2593982449875 3.8269366310869835 -0.9848080000000001 0.173648 0 0.17364814627021316 0.9848088295406576 -0.0000011567075509644198 -2.0085995280986959e-7 -0.0000011391348498501684 -1.000000842337448 2654.dat
1 71 -64.333448 -331.2593519766855 43.826970324584906 -0.9848080000000001 0.173648 0 0.17364814627021316 0.9848088295406576 -0.0000011567075509644198 -2.0085995280986959e-7 -0.0000011391348498501684 -1.000000842337448 2654.dat
1 71 -100.36215200000001 -351.30768713239775 3.82695982107459 0 0.9848080000000001 0.173648 0.0000011567075509644198 -0.17364814627021316 0.9848088295406576 1.000000842337448 2.0085995280986959e-7 -0.0000011391348498501684 3069b.dat
1 72 -103.83511200000001 -371.0038637232109 3.826982603771587 0 0.9848080000000001 0.173648 0.0000011567075509644198 -0.17364814627021316 0.9848088295406576 1.000000842337448 2.0085995280986959e-7 -0.0000011391348498501684 2412b.dat
1 71 -92.483688 -352.6968260342574 43.82699512145214 0 0.9848080000000001 -0.173648 -0.0000011567075509644198 -0.17364814627021316 -0.9848088295406576 -1.000000842337448 2.0085995280986959e-7 0.0000011391348498501684 85984.dat
1 71 -95.956648 -372.39300262507066 43.82701790414913 0 0.9848080000000001 0.173648 0.0000011567075509644198 -0.17364814627021316 0.9848088295406576 1.000000842337448 2.0085995280986959e-7 -0.0000011391348498501684 85984.dat
1 72 -113.91632800000002 -359.0720323737883 -26.17305646801979 -0.173648 0.9848080000000001 0 -0.9848088295406576 -0.17364814627021316 0.0000011567075509644198 0.0000011391348498501684 2.0085995280986959e-7 1.000000842337448 3004.dat
1 72 -106.03786400000003 -360.46121754395006 -26.173054861140166 0 0.9848080000000001 -0.173648 -0.0000011567075509644198 -0.17364814627021316 -0.9848088295406576 -1.000000842337448 2.0085995280986959e-7 0.0000011391348498501684 93273.dat
1 72 -100.82842400000003 -330.9169757918813 -46.17310588193462 0 0.9848080000000001 -0.173648 -0.0000011567075509644198 -0.17364814627021316 -0.9848088295406576 -1.000000842337448 2.0085995280986959e-7 0.0000011391348498501684 3623.dat
1 72 -92.94996 -332.306160962043 -46.173104275055 0 0.9848080000000001 -0.173648 -0.0000011567075509644198 -0.17364814627021316 -0.9848088295406576 -1.000000842337448 2.0085995280986959e-7 0.0000011391348498501684 3623.dat
1 72 -111.24730400000003 -390.00550556432074 -46.173037533843626 0 0.9848080000000001 -0.173648 -0.0000011567075509644198 -0.17364814627021316 -0.9848088295406576 -1.000000842337448 2.0085995280986959e-7 0.0000011391348498501684 3623.dat
1 72 -103.36884 -391.39469073448254 -46.17303592696401 0 0.9848080000000001 -0.173648 -0.0000011567075509644198 -0.17364814627021316 -0.9848088295406576 -1.000000842337448 2.0085995280986959e-7 0.0000011391348498501684 3623.dat
1 72 -113.91632800000002 -359.07206707501484 -56.173081738143225 -0.173648 0.9848080000000001 0 -0.9848088295406576 -0.17364814627021316 0.0000011567075509644198 0.0000011391348498501684 2.0085995280986959e-7 1.000000842337448 98282.dat
1 72 -106.03786400000003 -360.46124067810103 -46.17307170788912 0 0.9848080000000001 -0.173648 -0.0000011567075509644198 -0.17364814627021316 -0.9848088295406576 -1.000000842337448 2.0085995280986959e-7 0.0000011391348498501684 93273.dat
1 72 -106.03786400000003 -360.46126381225207 -66.17308855463808 0 0.9848080000000001 -0.173648 -0.0000011567075509644198 -0.17364814627021316 -0.9848088295406576 -1.000000842337448 2.0085995280986959e-7 0.0000011391348498501684 93273.dat
1 0 -37.60950518049886 -349.56722524536866 59.82700497884289 0.7933542590585995 0 0.6087610306969772 -0.6087615434791902 -0.0000011567075509644198 0.7933549273306012 7.041584809400764e-7 -1.000000842337448 -9.176788620428644e-7 752.dat
1 0 -10.549750326663627 -361.69404419264544 101.82705438424314 0.675590920670141 0 0.7372774793431094 -0.7372781003795398 -0.0000011567075509644198 0.6755914897456732 8.528144275121887e-7 -1.000000842337448 -7.814611193021565e-7 752.dat
1 0 -37.60950518049886 -349.56722524536866 59.82700497884289 0.7933207157625193 0.0073126298772816 0.6087627038413832 -0.6087030441398857 -0.003255454202724048 0.7934012456280786 -0.007799302479428161 1.0000008461043914 -0.001800919248648537 755.dat
1 0 -37.52339252889777 -349.6058128129653 66.77901087941662 0.8053778242086489 0.0192005739728312 0.5924103405154633 -0.5923703639263909 -0.00858245846609356 0.805598406434247 -0.020499332069249362 0.9998008520977044 -0.004400935547265501 756.dat
1 0 -37.447071684660415 -349.6407832767163 69.29101303582222 0.8127419139457631 0.0284310660459808 0.5819077048422041 -0.5817670502706841 -0.012783426564050501 0.8132622729114323 -0.03059935284179374 0.9995008567042902 -0.006200945928320073 756.dat
1 0 -37.34737086566359 -349.68460685107743 71.7960151965719 0.8199462764096505 0.037721739575876004 0.5712847062554536 -0.5710433734844294 -0.016904531073792462 0.8207664123278581 -0.040599373669329065 0.9991008611342633 -0.007700955871915667 756.dat
1 0 -37.22549370104224 -349.7388808066564 74.29701736604025 0.8268508665069513 0.04701241310577121 0.5605413447552121 -0.560219015995415 -0.021025635583534423 0.828110824683525 -0.0506993946975563 0.9987008655642365 -0.008900965378052282 756.dat
1 0 -37.07984291806406 -349.8048087712886 76.79601954730418 0.8334556842376656 0.05638295027228 0.5496776203414793 -0.5492939779193118 -0.025206921832056597 0.8352955098627619 -0.060999416010709184 0.9981008698953547 -0.009900974530963667 756.dat
1 0 -36.91061533852775 -349.8809902893907 79.2960217412708 0.8398810925152849 0.06583335107540239 0.5388335781076146 -0.5381085316170068 -0.02944838970368821 0.8423401501776867 -0.07129943762507798 0.9974008742118512 -0.010600983269182601 756.dat
1 0 -36.7164105114997 -349.967228538998 81.79702394771246 0.8460067284263177 0.0753636155151384 0.527789309323645 -0.5268224047276129 -0.033750039198429276 0.8492852448236201 -0.08179945952437245 0.9966008785137265 -0.011100991723788645 756.dat
1 0 -36.498432066114844 -350.0651208045988 84.29002616089568 0.8519726370641233 0.08497374359148802 0.5167647227195433 -0.5154159149390124 -0.03811187031627979 0.8560902944895709 -0.09239948164712532 0.9957008828009805 -0.011400999847935984 756.dat
1 0 -36.25607818780573 -350.17386843180356 86.79002839253174 0.8575589096987288 0.09472391676119679 0.5054797281085912 -0.5038485629402136 -0.04245401946902479 0.8627159350139857 -0.10309950404018248 0.9946008868970002 -0.011301007427624072 756.dat
1 0 -35.99014751293845 -350.2928696356123 89.27103062002375 0.8629854550601074 0.10455395356751919 0.49435446077086653 -0.492160848157879 -0.04685635024487922 0.869221212754865 -0.11399952674093178 0.9934008909783986 -0.011001014699619983 756.dat
1 0 -35.696843681481056 -350.42373300458246 91.76303287050253 0.8681122280548992 0.1146038991038144 0.48296878542629124 -0.4803724529041262 -0.05129918044739608 0.8755470811228672 -0.1251995498108405 0.9921008950224091 -0.010501021595624134 756.dat
1 0 -35.378168958934566 -350.56745401391134 94.25203513332679 0.8729195465032369 0.12489343554995039 0.47160279226158397 -0.4683433317362895 -0.055922555403570516 0.881732904742228 -0.13649957324343237 0.9906008991067892 -0.009601027992702089 756.dat
1 0 -35.03451698889636 -350.7212317744095 96.72503739430637 0.8774270925849881 0.1352628356327 0.4602564812767449 -0.4562135299813639 -0.060606112098525164 0.8877786833816059 -0.14799959696094986 0.988900903092314 -0.008501034059321337 756.dat
1 0 -34.66269322590186 -350.8874735267107 99.19903967054545 0.8816348663001528 0.1460118717186496 0.4487296259216689 -0.4439830478706909 -0.06545053123501962 0.8935848712563389 -0.15989962113186051 0.9871009071796756 -0.0071010395961027374 756.dat
1 0 -34.262697669951095 -351.06617927312806 101.6720419603594 0.8855231854688632 0.1570606801711856 0.4372027705665929 -0.43151183996160475 -0.07039563142128596 0.8993910594780842 -0.17199964574968804 0.985100911215028 -0.005401044880182903 756.dat
1 0 -33.83513213561153 -351.2581476668946 104.13004425287922 0.8890515508142416 0.16848912462692162 0.42565509811450736 -0.41901981551632766 -0.07550159428043357 0.9048372938046363 -0.18459967081276352 0.9828009151837497 -0.0035010495794342727 756.dat
1 0 -33.376397084649824 -351.4635868618051 106.58804656098083 0.892180597976552 0.1803770687224712 0.41418728929903526 -0.40622688399654017 -0.08082860120423047 0.9102233472021036 -0.19759969656083579 0.9803009192396865 -0.0011010537879045728 756.dat
1 0 -32.88629569526729 -351.68389731112933 109.04504888544176 0.8948501454990488 0.19272451245783442 0.4025389361133265 -0.39321290933746944 -0.0863766524240181 0.9153698097192552 -0.21119972306999335 0.9774009232143714 0.0014989424492292311 756.dat
1 0 -32.365024789262634 -351.91767858241826 111.4840512103224 0.8971400570183458 0.20567150092637043 0.3910503102008448 -0.3800380729308834 -0.09212606551200794 0.9203959096842124 -0.22529975018639015 0.9743009272535051 0.004498939162522704 756.dat
1 0 -31.807190733871554 -352.1677429128854 113.9190535506684 0.8988304238044696 0.21931757994456083 0.37946100355474016 -0.36666187581280274 -0.09827706753397543 0.9251222374927566 -0.24019977820957328 0.9707009313359899 0.007898936559500119 756.dat
1 0 -31.21598807455861 -352.4316830665241 116.32905588600619 0.8999015636775529 0.23388265824237842 0.3680314241818624 -0.35294427288757374 -0.1048701578009121 0.9297282028647774 -0.25599980738576766 0.9666009355086719 0.011798934516870946 756.dat
1 0 -30.58123136036272 -352.71592215017336 118.74605825072024 0.9002932951808496 0.249566962369928 0.3565613455321073 -0.33896512820609437 -0.11180579052815609 0.934114259784271 -0.2729998378752956 0.9619009395721714 0.01609893306554684 756.dat
1 0 -29.90352240585135 -353.02125882747646 121.1470606263606 0.8998458910411328 0.2664897203235592 0.34527067633544734 -0.32460407886915815 -0.11942423787713637 0.9382399091715871 -0.29129986990161555 0.9564009437516163 0.020998932420841113 756.dat
1 0 -29.17885668002237 -353.3457021885237 123.52506300472803 0.8984193061650432 0.285010885926604 0.3340795529552688 -0.3098808074202241 -0.12774631707806827 0.9421653324184941 -0.31119990369466227 0.9500009479868519 0.026398932428907673 756.dat
1 0 -28.407639175644572 -353.69145133519083 125.86906537910045 0.8956142223695128 0.3057300039122352 0.32314770266479936 -0.29449440713179414 -0.1369733903461664 0.9457701669727971 -0.3333999401921337 0.9422009520896257 0.032698933565906196 756.dat
1 0 -27.569487641624377 -354.06635253173255 128.20506778045453 0.8909908221945961 0.329206119736748 0.31253530692078413 -0.2783638800759098 -0.14752672858051377 0.9491342764227118 -0.358499979993124 0.932700956294523 0.03979893565522404 756.dat
1 0 -26.658811623398822 -354.47461850217684 130.51707020018574 0.8840699238206112 0.3565584592298744 0.3022817300829592 -0.2611281385959875 -0.1597488747041007 0.9519775709239425 -0.3877000245261121 0.9205009601554265 0.0481989394420124 756.dat
1 0 -25.666617949970302 -354.9192697011511 132.77907261988705 0.8734927105079857 0.389025476217696 0.2928071074314025 -0.24226409790714865 -0.17432264357000504 0.9543590971815012 -0.422300075491194 0.904600963619814 0.05799894494220542 756.dat
1 0 -24.573924821178842 -355.4083492680828 134.97107503201522 0.8571607756906143 0.4292646227226128 0.2844910749693136 -0.22106699563483237 -0.19237407446674964 0.9561179937948848 -0.4652001361463556 0.882400965800102 0.06999895301574358 756.dat
1 0 -23.337779996708928 -355.9629547804319 137.09107745928927 0.8309594397071849 0.48169148568966563 0.27827231415618814 -0.19518748835791855 -0.21585320282206497 0.9566721291585322 -0.5209002129996222 0.8493009650771504 0.08529896526255498 756.dat
1 0 -21.916423516208575 -356.60078120624456 139.04207984047028 0.7845378497376737 0.5550770575521904 0.27640895883135774 -0.16058207688576046 -0.24873996597139542 0.9551963769576387 -0.5989003187303545 0.7937009562834489 0.10599898440598013 756.dat
1 0 -20.183580040456953 -357.3769155178935 140.70508213903935 0.688247303007028 0.6670235046336048 0.28525414031559926 -0.10342343256397837 -0.29891438644881985 0.9486563104698607 -0.7181004852529176 0.6824009205682242 0.13679901791495264 756.dat
1 0 -18.007985590237737 -358.3514565115012 141.5450839738619 0.4351553491949056 0.8381897634627944 0.32864392825675764 0.023811320392494187 -0.37568353100890933 0.9264777920439313 -0.9000007856476183 0.39540076761636705 0.18349908290621209 756.dat
1 0 -15.804219347062274 -359.33846362294025 140.54808427572775 -0.14804204145372396 0.8803270899837112 0.45063351137161767 0.29887608425959544 -0.39454000977935555 0.8688607001043063 -0.9427011397847057 -0.26329976542077826 0.2046991674098635 756.dat
1 0 -14.453790078035007 -359.94413360585867 138.4590832166645 -0.5697434828062592 0.6097215550816976 0.5509849772212192 0.5014543886019366 -0.27326587236799194 0.8209126723986433 -0.6511011284823727 -0.744000310611625 0.1500991768799648 756.dat
1 0 -13.530926343347305 -360.357832586635 136.1670817645523 -0.6937266406734952 0.41258145567882243 0.5902578156667817 0.570716319708893 -0.1849382303481847 0.8000834002823037 -0.4393010301907491 -0.8919005373626959 0.1071991648369869 756.dat
1 0 -12.832036501376196 -360.67162291975416 133.77308011095658 -0.7322163738526839 0.3007148722340216 0.6110488528690352 0.6017239426820276 -0.13482418049988346 0.7872961303620549 -0.31910096480834843 -0.9441006393000317 0.08229915865387033 756.dat
1 0 -12.288786071545665 -360.9144597637238 131.32907833317157 -0.7450123566449056 0.2299068887572832 0.6261453500232889 0.6211331496239626 -0.10300336385110644 0.7769218052775263 -0.24310092324135804 -0.9678006960708087 0.0659991569237982 756.dat
1 0 -11.861220537206087 -361.1064338461781 128.86907648307584 -0.7478984389941912 0.1803770687224712 0.6389038497015969 0.6360798191820509 -0.08083086904505488 0.7674327957651814 -0.1900008958020795 -0.9803007322471141 0.054299158044434095 756.dat
1 0 -11.519964476266281 -361.25841189525255 126.38507456650032 -0.7459094347586224 0.14327455605963602 0.6504030784568137 0.6488553991844036 -0.06426659759689851 0.7582666487144407 -0.15040087722306092 -0.987600757556189 0.04509916089745984 756.dat
1 0 -11.248640168634745 -361.38023109436494 123.90207261588216 -0.7413833414141447 0.11422426310061441 0.6612425810221122 0.6603452055502167 -0.051140613260649656 0.7492220014474072 -0.11940086440089316 -0.9921007765296258 0.03749916495768804 756.dat
1 0 -11.033659446915749 -361.4771223272222 121.40207062210992 -0.7353988855136128 0.0905282385461288 0.6716422661274648 0.6711116920840933 -0.04054679017415499 0.7402583539590647 -0.09430085571185541 -0.995100791310587 0.030899169766562058 756.dat
1 0 -10.865230503745579 -361.55270781031754 118.9050686062202 -0.7282755216034809 0.070868164933484 0.6816218159527401 0.681395586782191 -0.03174213359628859 0.7312356608067471 -0.07340085000242343 -0.9970008030954349 0.025099175317605613 756.dat
1 0 -10.73875834272608 -361.609197997021 116.39806655981943 -0.7204530671436943 0.0540252706164664 0.6913814570480424 0.6912778894232009 -0.02418387550468761 0.7222534676594455 -0.05570084652395135 -0.9982008128489284 0.01989918132720581 756.dat
1 0 -10.646650243793268 -361.64981011996963 113.8930644967371 -0.7121514308642265 0.0394000108619032 0.7008806901364945 0.7007991001278097 -0.017670654725174376 0.7130918652549378 -0.04050084473364885 -0.9991008211409186 0.014999187797031513 756.dat
1 0 -10.587112112416172 -361.67714826258214 111.38906241914297 -0.7034701585815584 0.0265930674867264 0.7102398781315873 0.710159446308805 -0.011901563604884667 0.7039105811166662 -0.027200844357716976 -0.9996008282352337 0.010499194626558718 756.dat
1 0 -10.554345323061776 -361.6918255937406 108.88206032437701 -0.6944092502956905 0.0151646230309904 0.7193988395765754 0.7193589284288698 -0.006795603753176671 0.6946297513094033 -0.015400845059220774 -0.9999008343940325 0.006199201739698813 756.dat
1 0 -10.547551239363905 -361.6944439181092 106.38105822071634 -0.6852487961933408 0.004875086584854399 0.7283575744714585 0.728358182326452 -0.002172230647734306 0.6852493758331489 -0.004900846624159689 -1.0000008398261524 0.0020992091364517946 756.dat
1 0 -10.525374893739361 -361.7048995623463 101.82705439679962 -0.6755686609944321 -0.004875086584854399 0.737275810089464 0.7372162439491827 0.002172230647734306 0.6756490961841854 -0.004900856870337825 1.0000008398261524 0.002099220241158402 755.dat
1 72 0 -362.01476062944346 51.82701263827866 -1 0 0 0 -0.0000011567075509644198 -1.000000842337448 0 -1.000000842337448 0.0000011567075509644198 3023.dat
1 0 0 -362.0147513757831 59.82701937697824 1 0 0 0 -0.0000011567075509644198 1.000000842337448 0 -1.000000842337448 -0.0000011567075509644198 99207.dat
1 71 0 -362.0147236148018 83.82703959307699 1 0 0 0 -0.0000011567075509644198 1.000000842337448 0 -1.000000842337448 -0.0000011567075509644198 32064b.dat
1 1 0 -352.01472675850283 73.82701960262699 0 0 1 -1.000000842337448 -0.0000011567075509644198 0 0.0000011567075509644198 -1.000000842337448 0 43093.dat
1 72 0 -384.0147560267163 71.82705493259374 0 0 1 -0.0000011567075509644198 1.000000842337448 0 -1.000000842337448 -0.0000011567075509644198 0 3068b.dat
1 72 0 -312.01471619915594 53.826956487576005 0 -1 0 -1.000000842337448 0 -0.0000011567075509644198 0.0000011567075509644198 0 -1.000000842337448 47455.dat
1 72 0 -342.01474146927944 53.82699118880254 -1 0 0 0 1.000000842337448 -0.0000011567075509644198 0 -0.0000011567075509644198 -1.000000842337448 32523.dat
1 0 0 -352.01477302680496 33.82698590912908 0 1 0 1.000000842337448 0 -0.0000011567075509644198 -0.0000011567075509644198 0 -1.000000842337448 2780.dat
1 71 0 -260.46314541799995 47.62706493900001 0 0 1 0.923879843241 0.3826841870790001 0 -0.3826841870790001 0.923879843241 0 3021.dat
1 72 0 -278.88636434030593 29.280790572006 0 0 -1 -0.923879843241 0.3826841870790001 0 0.3826841870790001 0.923879843241 0 48171.dat
1 71 10 -241.931170610666 13.973423088845998 0 0 1 0.923879843241 0.3826841870790001 0 -0.3826841870790001 0.923879843241 0 30365.dat
1 71 -10 -241.931170610666 13.973423088845998 0 0 1 0.923879843241 0.3826841870790001 0 -0.3826841870790001 0.923879843241 0 30365.dat
1 71 20 -275.05952246951597 38.519589004416005 0 1 0 -0.923879843241 0 0.3826841870790001 0.3826841870790001 0 0.923879843241 15573.dat
1 71 -20 -275.05952246951597 38.519589004416005 0 -1 0 0.923879843241 0 0.3826841870790001 -0.3826841870790001 0 0.923879843241 15573.dat
1 71 0 -281.94783783693794 21.889751826078 0 0 1 0.923879843241 0.3826841870790001 0 -0.3826841870790001 0.923879843241 0 3022.dat
1 71 -10 -244.99264410729796 6.582384342917997 0 0 1 0.923879843241 0.3826841870790001 0 -0.3826841870790001 0.923879843241 0 44728.dat
1 71 10 -244.99264410729796 6.582384342917997 0 0 -1 -0.923879843241 0.3826841870790001 0 0.3826841870790001 0.923879843241 0 44728.dat
1 71 0 -266.53171446874995 6.845029338570001 0 0 -1 -0.923879843241 0.3826841870790001 0 0.3826841870790001 0.923879843241 0 87580.dat
1 71 0 -238.81531917151995 -4.635496273800001 1 0 0 0 0.3826841870790001 -0.923879843241 0 0.923879843241 0.3826841870790001 15573.dat
1 71 0 -294.24810976597996 18.32555495094 1 0 0 0 0.3826841870790001 -0.923879843241 0 0.923879843241 0.3826841870790001 15573.dat
1 71 0 -269.59318796538196 -0.5460094073579995 0 0 1 0.923879843241 0.3826841870790001 0 -0.3826841870790001 0.923879843241 0 2431.dat
1 71 -32 -237.33896036571795 25.059981207737998 0 1 0 -0.923879843241 0 0.3826841870790001 0.3826841870790001 0 0.923879843241 14769.dat
1 71 32 -237.33896036571795 25.059981207737998 0 -1 0 0.923879843241 0 0.3826841870790001 -0.3826841870790001 0 0.923879843241 14769.dat
1 71 10 -160.367 21.627000000000002 0 0 -1 -0.9238800000000001 -0.38268300000000005 0 -0.38268300000000005 0.9238800000000001 0 30387.dat
1 71 0 -169.55139200000002 43.80012 0 0 -1 -0.9238800000000001 -0.38268300000000005 0 -0.38268300000000005 0.9238800000000001 0 2654.dat
1 71 0 -157.30553600000002 14.235959999999999 0 0 -1 -0.9238800000000001 -0.38268300000000005 0 -0.38268300000000005 0.9238800000000001 0 87079.dat
1 71 -10 -160.367 21.627000000000002 0 0 -1 -0.9238800000000001 -0.38268300000000005 0 -0.38268300000000005 0.9238800000000001 0 30387.dat
1 72 0 -120 -60 -1 0 0 0 1 0 0 0 -1 3832.dat
1 72 0 -128 -50 -1 0 0 0 1 0 0 0 -1 4477.dat
1 71 0 -144 -40 -1 0 0 0 1 0 0 0 -1 3022.dat
1 36 -50 -144 -50 -1 0 0 0 1 0 0 0 -1 6141.dat
1 36 50 -144 -50 -1 0 0 0 1 0 0 0 -1 6141.dat
1 72 0 -144 -70 1 0 0 0 1 0 0 0 1 30414.dat
1 71 50 -144 -70 1 0 0 0 1 0 0 0 1 6231.dat
1 71 -50 -144 -70 0 0 1 0 1 0 -1 0 0 6231.dat
1 191 0 -136 -50 -1 0 0 0 1 0 0 0 -1 3666.dat
1 71 -80 -136 20 0 0 -1 0 1 0 1 0 0 3034.dat
1 71 80 -136 20 0 0 -1 0 1 0 1 0 0 3034.dat
1 72 -30 -144 20 0 0 -1 0 1 0 1 0 0 4162.dat
1 72 30 -144 20 0 0 -1 0 1 0 1 0 0 4162.dat
1 0 0 -160 -70 1 0 0 0 1 0 0 0 1 99206.dat
1 191 0 -160 -50 -1 0 0 0 1 0 0 0 -1 3023.dat
1 191 -80 -168 110 -1 0 0 0 1 0 0 0 -1 3023.dat
1 191 80 -168 110 -1 0 0 0 1 0 0 0 -1 3023.dat
1 191 0 -168 100 -1 0 0 0 1 0 0 0 -1 3795.dat
1 191 0 -152 -30 -1 0 0 0 1 0 0 0 -1 3069b.dat
1 191 -90 -160 130 -1 0 0 0 1 0 0 0 -1 54200.dat
1 191 90 -160 130 -1 0 0 0 1 0 0 0 -1 54200.dat
1 71 -80 -160 90 -1 0 0 0 1 0 0 0 -1 32064b.dat
1 71 -80 -160 -50 -1 0 0 0 1 0 0 0 -1 32064b.dat
1 0 -80 -150 20 0 0 -1 0 1 0 1 0 0 3707.dat
1 71 80 -160 90 -1 0 0 0 1 0 0 0 -1 32064b.dat
1 71 80 -160 -50 -1 0 0 0 1 0 0 0 -1 32064b.dat
1 0 80 -150 20 0 0 -1 0 1 0 1 0 0 3707.dat
1 191 -113.02700000000002 -150 -10.915999999999997 0.0871557 0.9961950000000002 0 0 0 1 0.9961950000000002 -0.0871557 0 3020.dat
1 72 -139.550351 -150 -38.710113199999995 0 0.9961950000000002 0.0871557 -1 0 0 0 -0.0871557 0.9961950000000002 3700.dat
1 191 -136.93568 -140 -8.824263199999997 0.0871557 0.9961950000000002 0 0 0 1 0.9961950000000002 -0.0871557 0 3004.dat
1 191 -144.90524 -140 -8.127017599999997 0.0871557 0.9961950000000002 0 0 0 1 0.9961950000000002 -0.0871557 0 3710.dat
1 191 -144.90524 -160 -8.127017599999997 0.0871557 0.9961950000000002 0 0 0 1 0.9961950000000002 -0.0871557 0 2431.dat
1 191 -125.230616 -178 10.228079800000003 -0.0871557 0 0.9961950000000002 0 1 0 -0.9961950000000002 0 -0.0871557 6636.dat
1 191 -136.064123 -160 1.1376868000000027 0.0871557 0.9961950000000002 0 0 0 1 0.9961950000000002 -0.0871557 0 87087.dat
1 191 -137.807237 -160 -18.7862132 0.0871557 0.9961950000000002 0 0 0 1 0.9961950000000002 -0.0871557 0 87087.dat
1 72 -133.449452 -150 31.023536800000002 0.0871557 0.9961950000000002 0 0 0 1 0.9961950000000002 -0.0871557 0 21303 - 92013.dat
1 70 -138.8269052 -184.00000000000003 -145.17834020000004 0.0871557 0 -0.9961950000000002 0 1 0 0.9961950000000002 0 0.0871557 6143.dat
1 2 -138.8269052 -200 -145.17834020000004 -0.0871557 0 0.9961950000000002 0 1 0 -0.9961950000000002 0 -0.0871557 6255.dat
1 1 -138.8269052 -160 -145.17834020000004 0 0.0871557 -0.9961950000000002 -1 0 0 0 0.9961950000000002 0.0871557 43093.dat
1 70 -139.6984622 -150 -155.14029020000004 0.9961950000000002 0.0871557 0 0 0 -1 -0.0871557 0.9961950000000002 0 6541.dat
1 0 -131.331515 -150 -59.50557020000001 0.0871557 0.9961950000000002 0 0 0 1 0.9961950000000002 -0.0871557 0 32054.dat
1 72 -136.560857 -150 -119.2772702 0 0.9961950000000002 0.0871557 -1 0 0 0 -0.0871557 0.9961950000000002 99021.dat
1 71 -134.3819645 -150 -94.3723952 0 -0.0871557 0.9961950000000002 -1 0 0 0 -0.9961950000000002 -0.0871557 41677.dat
1 71 -135.2535215 -150 -104.3343452 0 -0.0871557 0.9961950000000002 -1 0 0 0 -0.9961950000000002 -0.0871557 41677.dat
1 28 -134.9920544 -150 -101.3457602 -0.0871557 0 0.9961950000000002 0 1 0 -0.9961950000000002 0 -0.0871557 6587.dat
1 72 -110.8569708332 -150 -140.2734118052 0 -0.9816277337709001 0.19080873872160006 -1 0 0 0 -0.19080873872160006 -0.9816277337709001 2540.dat
1 72 -103.00394896303281 -150 -138.7469418954272 0 -0.9816277337709001 -0.19080873872160006 1 0 0 0 -0.19080873872160006 0.9816277337709001 2540.dat
1 71 -101.15102965614261 -129.999 -158.7611140482884 0.7657022345285793 0 -0.6427060524841031 0 -1 0 -0.6427060524841031 0 -0.7657022345285793 2335.dat
1 72 -116.636957 -150 -121.0203842 0.9961950000000002 0.0871557 0 0 0 -1 -0.0871557 0.9961950000000002 0 48729a.dat
1 72 -175.81779599240002 -128 -152.6146747886 0 0.8987939142024 0.4383712281660001 -1 0 0 0 -0.4383712281660001 0.8987939142024 2540.dat
1 71 -164.2437323971208 -128 -147.13370547190402 0 0.8987939142024 0.4383712281660001 -1 0 0 0 -0.4383712281660001 0.8987939142024 2654.dat
1 72 -167.05037142908 -138 -134.638796504552 0 0.8987939142024 -0.4383712281660001 1 0 0 0 -0.4383712281660001 -0.8987939142024 4081b.dat
1 72 -167.05037142908 -118 -134.638796504552 0 0.8987939142024 -0.4383712281660001 1 0 0 0 -0.4383712281660001 -0.8987939142024 3024.dat
1 71 -178.6244350243592 -128 -140.11976582124802 0 0.8987939142024 -0.4383712281660001 1 0 0 0 -0.4383712281660001 -0.8987939142024 3068b.dat
1 71 -156.48535903735518 -111.00000000000001 -117.53966067683601 -0.8987939142024 0 0.4383712281660001 0 -1 0 0.4383712281660001 0 0.8987939142024 3005.dat
1 71 -182.7876327273152 -148 -171.46729552898 -0.9983817571105957 0 -0.06081694568586488 0 1 0 0.06081694568586488 0 -0.9983817571105957 2335.dat
1 72 -182.95169772920002 -172 -147.5978228678 0 0.7826086081791 0.6225147977652 -1 0 0 0 -0.6225147977652 0.7826086081791 2540.dat
1 71 -170.4656808861152 -172 -144.75185516813065 0 0.7826086081791 0.6225147977652 -1 0 0 0 -0.6225147977652 0.7826086081791 2654.dat
1 72 -170.50140177389602 -162 -131.945650704218 0 0.7826086081791 -0.6225147977652 1 0 0 0 -0.6225147977652 -0.7826086081791 4081b.dat
1 72 -170.50140177389602 -182 -131.945650704218 0 0.7826086081791 -0.6225147977652 1 0 0 0 -0.6225147977652 -0.7826086081791 3024.dat
1 71 -182.9874186169808 -172 -134.7916184038874 0 0.7826086081791 -0.6225147977652 1 0 0 0 -0.6225147977652 -0.7826086081791 3068b.dat
1 71 -156.48588860223379 -190 -117.5385081361664 -0.7826086081791 0 -0.6225147977652 0 1 0 0.6225147977652 0 -0.7826086081791 3005.dat
1 71 -193.83677646814579 -192.00000000000003 -164.4950246269124 -0.9615535215015601 0 -0.2754645762024495 0 1 0 0.2754645762024495 0 -0.9615535215015601 2335.dat
1 71 -131.24435929999999 -150 -58.50937520000001 0 0.9961950000000002 0.0871557 -1 0 0 0 -0.0871557 0.9961950000000002 32187.dat
1 72 -60 -150 70 0 0 1 -1 0 0 0 -1 0 64276.dat
1 0 -60 -150 90 1 0 0 0 -1 0 0 0 -1 45590.dat
1 4 -60 -150 80 0 0 1 0 1 0 -1 0 0 32062.dat
1 191 120.554 -150 -11.012000000000002 -0.130526 -0.9914450000000001 0 0 0 -1 0.9914450000000001 -0.130526 0 3020.dat
1 72 148.26446 -150 -37.622726 0 -0.9914450000000001 -0.130526 1 0 0 0 -0.130526 0.9914450000000001 3700.dat
1 191 144.34868 -140 -7.8793760000000015 -0.130526 -0.9914450000000001 0 0 0 -1 0.9914450000000001 -0.130526 0 3004.dat
1 191 152.28024 -140 -6.835168 -0.130526 -0.9914450000000001 0 0 0 -1 0.9914450000000001 -0.130526 0 3710.dat
1 191 152.28024 -160 -6.835168 -0.130526 -0.9914450000000001 0 0 0 -1 0.9914450000000001 -0.130526 0 2431.dat
1 191 131.82371 -178 10.644264000000002 -0.130526 0 -0.9914450000000001 0 1 0 0.9914450000000001 0 -0.130526 6636.dat
1 191 145.65394 -160 -17.793826000000003 0.130526 -0.9914450000000001 0 0 0 1 -0.9914450000000001 -0.130526 0 87087.dat
1 191 143.04342 -160 2.035074 0.130526 -0.9914450000000001 0 0 0 1 -0.9914450000000001 -0.130526 0 87087.dat
1 72 139.12763999999999 -150 31.778424 -0.130526 -0.9914450000000001 0 0 0 -1 0.9914450000000001 -0.130526 0 21303 - 92013.dat
1 0 140.96053 -150 -58.756886 -0.130526 -0.9159762066 -0.379409146935 0 0.38268300000000005 -0.9238800000000001 0.9914450000000001 -0.12059036088000002 -0.04995008125800001 32054.dat
1 72 148.79209 -150 -118.243586 0.379409146935 -0.9159762066 -0.130526 0.9238800000000001 0.38268300000000005 0 0.04995008125800001 -0.12059036088000002 0.9914450000000001 99021.dat
1 71 145.52894000000003 -150 -93.457461 0.379409146935 0.130526 -0.9159762066 0.9238800000000001 0 0.38268300000000005 0.04995008125800001 -0.9914450000000001 -0.12059036088000002 41677.dat
1 71 146.8342 -150 -103.37191100000001 0.379409146935 0.130526 -0.9159762066 0.9238800000000001 0 0.38268300000000005 0.04995008125800001 -0.9914450000000001 -0.12059036088000002 41677.dat
1 28 146.442622 -150 -100.39757600000002 0.130526 -0.379409146935 -0.9159762066 0 -0.9238800000000001 0.38268300000000005 -0.9914450000000001 -0.04995008125800001 -0.12059036088000002 6587.dat
1 72 124.08175244109341 -138.710468817 -139.36159607632086 0.379409146935 0.8962023095376082 -0.22993907776651443 0.9238800000000001 -0.3535531700400001 0.146446661172 0.04995008125800001 -0.26799911577018565 -0.962124208263002 2540.dat
1 72 116.91213396479255 -135.88204345667998 -137.2176031501594 -0.379409146935 0.8962023095376082 0.22993907776651443 -0.9238800000000001 -0.3535531700400001 -0.146446661172 -0.04995008125800001 -0.26799911577018565 0.962124208263002 2540.dat
1 71 106.51719468069054 -152.13874045332 -157.99513712220104 -0.9161576007973249 0.379409146935 0.13078177669664456 0.38277220034583614 0.9238800000000001 -0.00009414920239200764 -0.1208623887930782 0.04995008125800001 -0.991646429774995 2335.dat
1 72 130.472565868 -142.34634 -120.6553932176 -0.9159762066 -0.130526 0.379409146935 0.38268300000000005 0 0.9238800000000001 -0.12059036088000002 0.9914450000000001 0.04995008125800001 48729a.dat
1 72 182.51160777777 -138.093666 -154.14949627296403 0.379409146935 -0.9159762066 -0.130526 0.9238800000000001 0.38268300000000005 0 0.04995008125800001 -0.12059036088000002 0.9914450000000001 2540.dat
1 71 173.87853812497 -135.032202 -145.199769160004 0.379409146935 -0.9159762066 -0.130526 0.9238800000000001 0.38268300000000005 0 0.04995008125800001 -0.12059036088000002 0.9914450000000001 2654.dat
1 72 176.10699630842004 -147.332466 -134.820097085544 -0.379409146935 -0.9159762066 0.130526 -0.9238800000000001 0.38268300000000005 0 -0.04995008125800001 -0.12059036088000002 -0.9914450000000001 4081b.dat
1 72 183.69517924712 -128.85486600000002 -133.82109546038402 -0.379409146935 -0.9159762066 0.130526 -0.9238800000000001 0.38268300000000005 0 -0.04995008125800001 -0.12059036088000002 -0.9914450000000001 3024.dat
1 71 188.53415743057 -141.15513 -143.270323385924 -0.379409146935 -0.9159762066 0.130526 -0.9238800000000001 0.38268300000000005 0 -0.04995008125800001 -0.12059036088000002 -0.9914450000000001 3068b.dat
1 71 182.2879800094 -120.69846000000001 -113.83377553208 0.9159762066 -0.379409146935 0.130526 -0.38268300000000005 -0.9238800000000001 0 0.12059036088000002 -0.04995008125800001 -0.9914450000000001 3005.dat
1 71 190.87835830327003 -118.85070000000002 -173.22057536956405 0.8963534728984002 -0.379409146935 -0.2302128631278 -0.35359909200000006 -0.9238800000000001 0.146567589 -0.26829794154687997 -0.04995008125800001 -0.9622812882170401 2335.dat
1 72 165.81760531263 -178.74438600000002 -156.34729984831603 0.379409146935 -0.9159762066 -0.130526 0.9238800000000001 0.38268300000000005 0 0.04995008125800001 -0.12059036088000002 0.9914450000000001 2540.dat
1 71 157.18453565983 -175.682922 -147.397572735356 0.379409146935 -0.9159762066 -0.130526 0.9238800000000001 0.38268300000000005 0 0.04995008125800001 -0.12059036088000002 0.9914450000000001 2654.dat
1 72 167.00117678198 -169.505586 -136.018899035736 -0.379409146935 -0.9159762066 0.130526 -0.9238800000000001 0.38268300000000005 0 -0.04995008125800001 -0.12059036088000002 -0.9914450000000001 4081b.dat
1 72 159.41299384328002 -187.983186 -137.017900660896 -0.379409146935 -0.9159762066 0.130526 -0.9238800000000001 0.38268300000000005 0 -0.04995008125800001 -0.12059036088000002 -0.9914450000000001 3024.dat
1 71 171.84015496543 -181.80585000000002 -145.468126961276 -0.379409146935 -0.9159762066 0.130526 -0.9238800000000001 0.38268300000000005 0 -0.04995008125800001 -0.12059036088000002 -0.9914450000000001 3068b.dat
1 71 152.31465740153504 -193.68498000000002 -117.779831951462 0.9159762066 0.379409146935 -0.130526 -0.38268300000000005 0.9238800000000001 0 0.12059036088000002 0.04995008125800001 0.9914450000000001 3005.dat
1 71 174.18435583813005 -159.50142 -175.41837894491604 0.8963534728984002 -0.379409146935 -0.2302128631278 -0.35359909200000006 -0.9238800000000001 0.146567589 -0.26829794154687997 -0.04995008125800001 -0.9622812882170401 2335.dat
1 71 140.830004 -150 -57.76544100000001 0.379409146935 -0.9159762066 -0.130526 0.9238800000000001 0.38268300000000005 0 0.04995008125800001 -0.12059036088000002 0.9914450000000001 32187.dat
1 28 146.442622 -150 -100.39757600000002 0.130526 -0.379409146935 -0.9159762066 0 -0.9238800000000001 0.38268300000000005 -0.9914450000000001 -0.04995008125800001 -0.12059036088000002 6587.dat
1 71 140.830004 -150 -57.76544100000001 0.379409146935 -0.9159762066 -0.130526 0.9238800000000001 0.38268300000000005 0 0.04995008125800001 -0.12059036088000002 0.9914450000000001 32187.dat
1 72 60 -150 70 0 0 -1 -1 0 0 0 1 0 64276.dat
1 0 60 -150 90 -1 0 0 0 -1 0 0 0 1 45590.dat
1 4 60 -150 80 0 0 -1 0 1 0 1 0 0 32062.dat
1 71 -80 -168 20 0 0 -1 0 1 0 1 0 0 3034.dat
1 71 80 -168 20 0 0 -1 0 1 0 1 0 0 3034.dat
1 71 -30 -168 -50 -1 0 0 0 1 0 0 0 -1 2357.dat
1 71 30 -168 -50 0 0 1 0 1 0 -1 0 0 2357.dat
1 71 0 -168 -60 0 0 1 0 1 0 -1 0 0 3022.dat
1 71 -80 -168 -70 1 0 0 0 1 0 0 0 1 87552.dat
1 71 80 -168 -70 1 0 0 0 1 0 0 0 1 87552.dat
1 72 0 -176 90 1 0 0 0 1 0 0 0 1 3023.dat
1 71 0 -176 110 -1 0 0 0 1 0 0 0 -1 60470a.dat
1 71 0 -176 -60 -1 0 0 0 1 0 0 0 -1 3832.dat
1 191 60 -176 100 -1 0 0 0 1 0 0 0 -1 3020.dat
1 191 -60 -176 100 -1 0 0 0 1 0 0 0 -1 3020.dat
1 191 -80 -176 20 0 0 -1 0 1 0 1 0 0 3795.dat
1 191 80 -176 20 0 0 -1 0 1 0 1 0 0 3795.dat
1 72 -90 -184.00000000000003 20 0 0 -1 0 1 0 1 0 0 4477.dat
1 72 90 -184.00000000000003 20 0 0 -1 0 1 0 1 0 0 4477.dat
1 72 -40 -184.00000000000003 -70 1 0 0 0 1 0 0 0 1 3710.dat
1 72 40 -184.00000000000003 -70 1 0 0 0 1 0 0 0 1 3710.dat
1 72 -60 -184.00000000000003 110 1 0 0 0 1 0 0 0 1 3023.dat
1 72 60 -184.00000000000003 110 1 0 0 0 1 0 0 0 1 3023.dat
1 191 0 -184.00000000000003 -50 -1 0 0 0 1 0 0 0 -1 2431.dat
1 191 0 -184.00000000000003 100 1 0 0 0 1 0 0 0 1 87079.dat
1 191 60 -184.00000000000003 60 0 0 1 0 1 0 -1 0 0 87079.dat
1 191 60 -184.00000000000003 -20 0 0 1 0 1 0 -1 0 0 87079.dat
1 191 -60 -184.00000000000003 60 0 0 1 0 1 0 -1 0 0 87079.dat
1 191 -60 -184.00000000000003 -20 0 0 1 0 1 0 -1 0 0 87079.dat
1 72 -70 -192.00000000000003 -70 -1 0 0 0 1 0 0 0 -1 63864.dat
1 72 70 -192.00000000000003 -70 -1 0 0 0 1 0 0 0 -1 63864.dat
1 72 -70 -192.00000000000003 110 -1 0 0 0 1 0 0 0 -1 63864.dat
1 72 70 -192.00000000000003 110 -1 0 0 0 1 0 0 0 -1 63864.dat
1 72 -90 -192.00000000000003 20 0 0 -1 0 1 0 1 0 0 4162.dat
1 72 90 -192.00000000000003 20 0 0 -1 0 1 0 1 0 0 4162.dat
1 191 -70 -160 150 -1 0 0 0 1 0 0 0 -1 87087.dat
1 191 70 -160 150 -1 0 0 0 1 0 0 0 -1 87087.dat
1 191 -108 -80 120 0 1 0 1 0 0 0 0 -1 14769.dat
1 191 108 -80 120 0 -1 0 1 0 0 0 0 1 14769.dat
1 191 -70 -184.00000000000003 130 -1 0 0 0 1 0 0 0 -1 3040b.dat
1 191 70 -184.00000000000003 130 -1 0 0 0 1 0 0 0 -1 3040b.dat
1 72 0 -96.00000000000001 128 -1 0 0 0 0 -1 0 -1 0 3031.dat
1 72 -30 -76 136 0 0 -1 1 0 0 0 -1 0 2412b.dat
1 72 30 -76 136 0 0 -1 1 0 0 0 -1 0 2412b.dat
1 191 0 -76 136 0 0 -1 1 0 0 0 -1 0 3068b.dat
1 191 0 -116.00000000000001 136 1 0 0 0 0 1 0 -1 0 87079.dat
1 191 70 -110 168 0 0 -1 1 0 0 0 -1 0 3623.dat
1 191 70 -110 176 0 0 -1 1 0 0 0 -1 0 3070b.dat
1 191 70 -140 160 1 0 0 0 0 1 0 -1 0 11477.dat
1 191 70 -80 160 -1 0 0 0 0 -1 0 -1 0 11477.dat
1 191 -70 -110 168 0 0 -1 1 0 0 0 -1 0 3623.dat
1 191 -70 -110 176 0 0 -1 1 0 0 0 -1 0 3070b.dat
1 191 -70 -140 160 1 0 0 0 0 1 0 -1 0 11477.dat
1 191 -70 -80 160 -1 0 0 0 0 -1 0 -1 0 11477.dat
1 191 0 -148.544 146.97 1 0 0 0 0.707107 0.707107 0 -0.707107 0.707107 3795.dat
1 191 -40 -154.20085600000002 152.626856 1 0 0 0 0.707107 0.707107 0 -0.707107 0.707107 3022.dat
1 191 40 -154.20085600000002 152.626856 1 0 0 0 0.707107 0.707107 0 -0.707107 0.707107 3022.dat
1 191 -10 -154.20085600000002 152.626856 0 0 1 -0.707107 0.707107 0 -0.707107 -0.707107 0 60478.dat
1 191 10 -154.20085600000002 152.626856 0 0 1 -0.707107 0.707107 0 -0.707107 -0.707107 0 60478.dat
1 191 0 -152.78664200000003 165.354782 -1 0 0 0 0.707107 -0.707107 0 -0.707107 -0.707107 6636.dat
1 191 -40 -173.999852 144.141572 -1 0 0 0 0.707107 -0.707107 0 -0.707107 -0.707107 3068b.dat
1 191 40 -173.999852 144.141572 -1 0 0 0 0.707107 -0.707107 0 -0.707107 -0.707107 3068b.dat
1 191 0 -166.928782 151.212642 -1 0 0 0 0.707107 -0.707107 0 -0.707107 -0.707107 3069b.dat
1 71 40 -38 -90 -1 0 0 0 0 1 0 1 0 98286.dat
1 0 30 2 -80 -1 0 0 0 0 1 0 1 0 32054.dat
1 0 -30 2 -80 1 0 0 0 0 -1 0 1 0 32054.dat
1 71 0 -38 -90 -1 0 0 0 0 1 0 1 0 98286.dat
1 71 0 -58.00000000000001 -98 1 0 0 0 0 -1 0 1 0 3036.dat
1 72 0 -98 -90 1 0 0 0 0 -1 0 1 0 3795.dat
1 72 -70 -18 -90 0 0 1 1 0 0 0 1 0 99780.dat
1 72 -70 -58.00000000000001 -90 0 0 1 1 0 0 0 1 0 99780.dat
1 72 -70 -98 -90 0 0 1 1 0 0 0 1 0 99780.dat
1 72 70 -98 -90 0 0 -1 -1 0 0 0 1 0 99780.dat
1 72 70 -58.00000000000001 -90 0 0 -1 -1 0 0 0 1 0 99780.dat
1 72 70 -18 -90 0 0 -1 -1 0 0 0 1 0 99780.dat
1 191 -92.00000000000001 -78 -92.00000000000001 0 1 0 -1 0 0 0 0 1 2431.dat
1 72 -92.00000000000001 -18 -92.00000000000001 0 1 0 -1 0 0 0 0 1 3069b.dat
1 191 92.00000000000001 -78 -92.00000000000001 0 -1 0 -1 0 0 0 0 -1 2431.dat
1 72 92.00000000000001 -18 -92.00000000000001 0 -1 0 -1 0 0 0 0 -1 3069b.dat
1 191 -70 -78 -106.00000000000001 0 0 -1 -1 0 0 0 1 0 2431.dat
1 191 70 -78 -106.00000000000001 0 0 -1 -1 0 0 0 1 0 2431.dat
1 191 0 -108 -106.00000000000001 1 0 0 0 0 -1 0 1 0 6636.dat
1 191 40 -78 -106.00000000000001 1 0 0 0 0 -1 0 1 0 3068b.dat
1 191 0 -78 -106.00000000000001 1 0 0 0 0 -1 0 1 0 3068b.dat
1 191 -40 -78 -106.00000000000001 1 0 0 0 0 -1 0 1 0 3068b.dat
1 191 40 -48.00000000000001 -106.00000000000001 1 0 0 0 0 -1 0 1 0 3069b.dat
1 191 0 -48.00000000000001 -106.00000000000001 1 0 0 0 0 -1 0 1 0 3069b.dat
1 191 -50 -48.00000000000001 -106.00000000000001 0 0 1 1 0 0 0 1 0 14719.dat
1 191 60 -18 -106.00000000000001 1 0 0 0 0 -1 0 1 0 3068bp0d.dat
1 191 0 -18 -106.00000000000001 1 0 0 0 0 -1 0 1 0 87079p08.dat
1 191 -70 -8 -106.00000000000001 1 0 0 0 0 -1 0 1 0 14719.dat
1 71 -40 -48.00000000000001 -90 0 0 1 1 0 0 0 1 0 3021.dat
1 72 0 -58.00000000000001 -82.00000000000001 0 0 1 1 0 0 0 1 0 3031.dat
1 71 -20 -154 -88 0 0 1 1 0 0 0 1 0 3021.dat
1 72 -20 -174.00000000000003 -96.00000000000001 -1 0 0 0 0 1 0 1 0 2412b.dat
1 72 -20 -154 -96.00000000000001 -1 0 0 0 0 1 0 1 0 2412b.dat
1 72 -10 -134 -96.00000000000001 -1 0 0 0 0 1 0 1 0 3070b.dat
1 36 -30 -134 -96.00000000000001 -1 0 0 0 0 1 0 1 0 6141.dat
1 71 20 -154 -88 0 0 1 1 0 0 0 1 0 3021.dat
1 0 20 -174.00000000000003 -96.00000000000001 -1 0 0 0 0 1 0 1 0 3069b.dat
1 0 20 -144 -96.00000000000001 1 0 0 0 0 -1 0 1 0 3068bpc1.dat
1 72 0 8 -20 -1 0 0 0 1 0 0 0 -1 11203.dat
1 72 0 8 20 -1 0 0 0 1 0 0 0 -1 3795.dat
1 1 -90 26 20 -1 0 0 0 1 0 0 0 -1 6558.dat
1 72 -70 16 20 0 0 -1 0 1 0 1 0 0 3700.dat
1 72 -90 16 20 0 0 -1 0 1 0 1 0 0 3700.dat
1 1 90 26 20 1 0 0 0 1 0 0 0 1 6558.dat
1 72 70 16 20 0 0 1 0 1 0 -1 0 0 3700.dat
1 72 90 16 20 0 0 1 0 1 0 -1 0 0 3700.dat
1 71 -50 16 20 0 0 1 0 1 0 -1 0 0 11215.dat
1 71 50 16 20 0 0 -1 0 1 0 1 0 0 11215.dat
1 71 0 24.000000000000004 20 1 0 0 0 1 0 0 0 1 3709b.dat
1 72 -115 46.00000000000001 20 0 -1 0 0 0 -1 1 0 0 32250.dat
1 72 -105 46.00000000000001 20 0 -1 0 0 0 -1 1 0 0 32250.dat
1 19 -120 -34 20 1 0 0 0 0 -1 0 1 0 3749.dat
1 19 -120 46.00000000000001 60 1 0 0 0 0 -1 0 1 0 3749.dat
1 0 -140 46.00000000000001 20 1 0 0 0 0 -1 0 1 0 3705.dat
1 71 -170 46.00000000000001 20 0 0 1 1 0 0 0 1 0 3713.dat
1 72 -130 -34 20 0 1 0 -0.743145 0 -0.669131 -0.669131 0 0.743145 32316.dat
1 1 -120 -47.38262 34.862899999999996 1 0 0 0 0.743145 -0.669131 0 0.669131 0.743145 4274.dat
1 1 -120 -20.617379999999997 5.1371 1 0 0 0 0.743145 -0.669131 0 0.669131 0.743145 4274.dat
1 28 -132 -60.765240000000006 49.72580000000001 -1 0 0 0 0.833885879299 0.551937745791 0 0.551937745791 -0.833885879299 6587.dat
1 71 -170 -60.765240000000006 49.72580000000001 0 1 0 0.833885879299 0 0.551937745791 0.551937745791 0 -0.833885879299 4740.dat
1 0 -150 -60.765240000000006 49.72580000000001 0 0 -1 0.833885879299 0.551937745791 0 0.551937745791 -0.833885879299 0 57520.dat
1 71 -115 -60.765240000000006 49.72580000000001 0 0 -1 0.833885879299 0.551937745791 0 0.551937745791 -0.833885879299 0 32123a.dat
1 28 -132 -7.234759999999998 -9.7258 -1 0 0 0 0.5299197875429998 0.848048461687 0 0.848048461687 -0.5299197875429998 6587.dat
1 71 -170 -7.234759999999998 -9.7258 0 1 0 0.5299197875429998 0 0.848048461687 0.848048461687 0 -0.5299197875429998 4740.dat
1 0 -150 -7.234759999999998 -9.7258 0 0 -1 0.5299197875429998 0.848048461687 0 0.848048461687 -0.5299197875429998 0 57520.dat
1 71 -115 -7.234759999999998 -9.7258 0 0 -1 0.5299197875429998 0.848048461687 0 0.848048461687 -0.5299197875429998 0 32123a.dat
1 71 -130 46.00000000000001 20 0 1 0 -1 0 0 0 0 1 40490.dat
1 28 -150 46.00000000000001 100 1 0 0 0 0.182 -0.983 0 0.983 0.182 6587.dat
1 0 -150 46.00000000000001 100 0 0 -1 0.182 0.983 0 0.983 -0.182 0 57520.dat
1 71 -165 46.00000000000001 100 0 0 1 0.182 -0.983 0 0.983 0.182 0 32123a.dat
1 71 -175 46.00000000000001 100 0 0 1 0.182 -0.983 0 0.983 0.182 0 4185.dat
1 28 -150 46.00000000000001 -60 1 0 0 0 0 -1 0 1 0 6587.dat
1 0 -150 46.00000000000001 -60 0 0 -1 0 1 0 1 0 0 57520.dat
1 71 -170 46.00000000000001 -60 0 0 1 0 -1 0 1 0 0 3713.dat
1 72 -150 46.00000000000001 20 -1 0 0 0 0 1 0 1 0 6536.dat
1 71 -150 56.00000000000001 40 0 0 -1 1 0 0 0 -1 0 4274.dat
1 71 -150 64 40 0 0 -1 0 -1 0 -1 0 0 98138.dat
1 0 -150 34.206 127.60300000000001 1 0 0 0 0.42330000000000007 0.9060000000000001 0 -0.9060000000000001 0.42330000000000007 57518.dat
1 0 -150 65.32300000000001 122.619 1 0 0 0 -0.17291300000000004 0.984947 0 -0.984947 -0.17291300000000004 57518.dat
1 0 -150 75.221 94.596 1 0 0 0 -0.939445 0.342726 0 -0.342726 -0.939445 57518.dat
1 0 -150 6.067 113.34900000000002 1 0 0 0 0.42330000000000007 0.9060000000000001 0 -0.9060000000000001 0.42330000000000007 57518.dat
1 0 -150 -22.495000000000008 100.00300000000001 1 0 0 0 0.42330000000000007 0.9060000000000001 0 -0.9060000000000001 0.42330000000000007 57518.dat
1 0 -150 -51.057 86.656 1 0 0 0 0.42330000000000007 0.9060000000000001 0 -0.9060000000000001 0.42330000000000007 57518.dat
1 0 -150 -77.623 75.066 1 0 0 0 0.9029160000000002 0.42984 0 -0.42984 0.9029160000000002 57518.dat
1 0 -150 -90.76599999999999 47.837 1 0 0 0 0.8866740000000001 -0.462416 0 0.462416 0.8866740000000001 57518.dat
1 0 -150 -76.78200000000001 20.826999999999998 1 0 0 0 0.7319140000000001 -0.681393 0 0.681393 0.7319140000000001 57518.dat
1 0 -150 -55.522999999999996 -1.3909999999999982 1 0 0 0 0.7495 -0.6620000000000001 0 0.6620000000000001 0.7495 57518.dat
1 0 -150 -34.19199999999999 -24.000000000000004 1 0 0 0 0.6794 -0.7338 0 0.7338 0.6794 57518.dat
1 0 -150 -11.787999999999997 -44.742000000000004 1 0 0 0 0.704595 -0.7096420000000001 0 0.7096420000000001 0.704595 57518.dat
1 0 -150 9.201 -65.54 1 0 0 0 0.6794 -0.7338 0 0.7338 0.6794 57518.dat
1 0 -150 76 -60 1 0 0 0 -1 0 0 0 -1 57518.dat
1 0 -150 61.024 -86.104 1 0 0 0 -0.8660250000000002 -0.5 0 0.5 -0.8660250000000002 57518.dat
1 0 -150 30.906000000000002 -86.064 1 0 0 0 0 -1 0 1 0 57518.dat
1 0 -150 76 -29.333 1 0 0 0 -1 0 0 0 -1 57518.dat
1 0 -150 76 1.3329999999999984 1 0 0 0 -1 0 0 0 -1 57518.dat
1 0 -150 76 32 1 0 0 0 -1 0 0 0 -1 57518.dat
1 0 -150 76 62.667 1 0 0 0 -1 0 0 0 -1 57518.dat
1 72 105 46.00000000000001 20 0 -1 0 0 0 -1 1 0 0 32250.dat
1 72 115 46.00000000000001 20 0 -1 0 0 0 -1 1 0 0 32250.dat
1 19 120 -34 20 -1 0 0 0 0 -1 0 -1 0 3749.dat
1 19 120 46.00000000000001 60 -1 0 0 0 0 -1 0 -1 0 3749.dat
1 0 140 46.00000000000001 20 1 0 0 0 0 -1 0 1 0 3705.dat
1 71 170 46.00000000000001 20 0 0 1 1 0 0 0 1 0 3713.dat
1 72 130.001 -34 20 0 -1 0 0.669131 0 -0.743145 0.743145 0 0.669131 32316.dat
1 1 120.00100000000002 -48.862899999999996 33.38262 -1 0 0 0 -0.669131 -0.743145 0 -0.743145 0.669131 4274.dat
1 1 120.00100000000002 -19.1371 6.617379999999999 -1 0 0 0 -0.669131 -0.743145 0 -0.743145 0.669131 4274.dat
1 28 132.001 -63.7258 46.765240000000006 1 0 0 0 -0.551937745791 0.833885879299 0 -0.833885879299 -0.551937745791 6587.dat
1 71 170.001 -63.7258 46.765240000000006 0 -1 0 -0.551937745791 0 0.833885879299 -0.833885879299 0 -0.551937745791 4740.dat
1 0 150.001 -63.7258 46.765240000000006 0 0 1 -0.551937745791 0.833885879299 0 -0.833885879299 -0.551937745791 0 57520.dat
1 71 115.00100000000002 -63.7258 46.765240000000006 0 0 1 -0.551937745791 0.833885879299 0 -0.833885879299 -0.551937745791 0 32123a.dat
1 28 132.001 -4.2742 -6.765240000000002 1 0 0 0 -0.848048461687 0.5299197875429998 0 -0.5299197875429998 -0.848048461687 6587.dat
1 71 170.001 -4.2742 -6.765240000000002 0 -1 0 -0.848048461687 0 0.5299197875429998 -0.5299197875429998 0 -0.848048461687 4740.dat
1 0 150.001 -4.2742 -6.765240000000002 0 0 1 -0.848048461687 0.5299197875429998 0 -0.5299197875429998 -0.848048461687 0 57520.dat
1 71 115.00100000000002 -4.2742 -6.765240000000002 0 0 1 -0.848048461687 0.5299197875429998 0 -0.5299197875429998 -0.848048461687 0 32123a.dat
1 71 130.001 46.00000000000001 20 0 1 0 -1 0 0 0 0 1 40490.dat
1 28 150 46.00000000000001 100 -1 0 0 0 0.182 -0.983 0 -0.983 -0.182 6587.dat
1 0 150 46.00000000000001 100 0 0 1 0.182 0.983 0 -0.983 0.182 0 57520.dat
1 71 165 46.00000000000001 100 0 0 -1 0.182 -0.983 0 -0.983 -0.182 0 32123a.dat
1 71 175 46.00000000000001 100 0 0 -1 0.182 -0.983 0 -0.983 -0.182 0 4185.dat
1 28 150 46.00000000000001 -60 -1 0 0 0 0 -1 0 -1 0 6587.dat
1 0 150 46.00000000000001 -60 0 0 1 0 1 0 -1 0 0 57520.dat
1 71 170 46.00000000000001 -60 0 0 -1 0 -1 0 -1 0 0 3713.dat
1 72 150 46.00000000000001 20 -1 0 0 0 0 1 0 1 0 6536.dat
1 71 150 56.00000000000001 40 0 0 -1 1 0 0 0 -1 0 4274.dat
1 71 150 64 40 0 0 -1 0 -1 0 -1 0 0 98138.dat
1 0 150 34.206 127.60300000000001 1 0 0 0 0.42330000000000007 0.9060000000000001 0 -0.9060000000000001 0.42330000000000007 57518.dat
1 0 150 65.32300000000001 122.619 1 0 0 0 -0.17291300000000004 0.984947 0 -0.984947 -0.17291300000000004 57518.dat
1 0 150 75.221 94.596 1 0 0 0 -0.939445 0.342726 0 -0.342726 -0.939445 57518.dat
1 0 150 6.067 113.34900000000002 1 0 0 0 0.42330000000000007 0.9060000000000001 0 -0.9060000000000001 0.42330000000000007 57518.dat
1 0 150 -22.495000000000008 100.00300000000001 1 0 0 0 0.42330000000000007 0.9060000000000001 0 -0.9060000000000001 0.42330000000000007 57518.dat
1 0 150 -51.057 86.656 1 0 0 0 0.42330000000000007 0.9060000000000001 0 -0.9060000000000001 0.42330000000000007 57518.dat
1 0 150 -77.623 75.066 1 0 0 0 0.9029160000000002 0.42984 0 -0.42984 0.9029160000000002 57518.dat
1 0 150 -90.76599999999999 47.837 1 0 0 0 0.8866740000000001 -0.462416 0 0.462416 0.8866740000000001 57518.dat
1 0 150 -76.78200000000001 20.826999999999998 1 0 0 0 0.7319140000000001 -0.681393 0 0.681393 0.7319140000000001 57518.dat
1 0 150 -55.522999999999996 -1.3909999999999982 1 0 0 0 0.7495 -0.6620000000000001 0 0.6620000000000001 0.7495 57518.dat
1 0 150 -34.19199999999999 -24.000000000000004 1 0 0 0 0.6794 -0.7338 0 0.7338 0.6794 57518.dat
1 0 150 -11.787999999999997 -44.742000000000004 1 0 0 0 0.704595 -0.7096420000000001 0 0.7096420000000001 0.704595 57518.dat
1 0 150 9.201 -65.54 1 0 0 0 0.6794 -0.7338 0 0.7338 0.6794 57518.dat
1 0 150 76 -60 1 0 0 0 -1 0 0 0 -1 57518.dat
1 0 150 61.024 -86.104 1 0 0 0 -0.8660250000000002 -0.5 0 0.5 -0.8660250000000002 57518.dat
1 0 150 30.906000000000002 -86.064 1 0 0 0 0 -1 0 1 0 57518.dat
1 0 150 76 -29.333 1 0 0 0 -1 0 0 0 -1 57518.dat
1 0 150 76 1.3329999999999984 1 0 0 0 -1 0 0 0 -1 57518.dat
1 0 150 76 32 1 0 0 0 -1 0 0 0 -1 57518.dat
1 0 150 76 62.667 1 0 0 0 -1 0 0 0 -1 57518.dat
1 0 -13.827 -192.00000000000003 -60.761 -0.38268300000000005 0 -0.9238800000000001 0 1 0 0.9238800000000001 0 -0.38268300000000005 3023.dat
1 0 -10.00017 -200 -69.99980000000001 0.9238800000000001 0 -0.38268300000000005 0 1 0 0.38268300000000005 0 0.9238800000000001 4592.dat
1 0 -10.00017 -200 -69.99980000000001 0.9238800000000001 0.3535531700400001 -0.146446278489 0 0.38268300000000005 0.9238800000000001 0.38268300000000005 -0.8535542544000002 0.3535531700400001 4593.dat
